spec,dependence,precision,recall,f1,redundancy_rate,noise_rate,average_precision,roc_auc,downstream_score
dcor|distance_corr|difference|max,linear,0.6326547619047619,0.72,0.6355405784691499,0.00042857142857142866,0.16745238095238096,0.699595979417408,0.8097337662337661,0.9078690951785309
dcor|distance_corr|difference|max,mixed,0.6557943722943723,0.4892121212121212,0.430700073019939,0.0,0.2163268398268398,0.7310270562770563,0.6841173160173161,0.7716573002557178
dcor|distance_corr|difference|max,nonlinear,0.348844696969697,0.5136363636363637,0.374534632034632,0.007784090909090909,0.37636363636363634,0.48480790043290045,0.6146780303030303,0.8656448473493489
dcor|distance_corr|difference|mean,linear,0.5583370439084725,0.8152380952380952,0.6147050409907553,0.09178772418058133,0.09523840445269016,0.7196280743066457,0.8449134199134198,0.9059781170939631
dcor|distance_corr|difference|mean,mixed,0.6991366749192837,0.5961212121212122,0.509505977919063,0.0,0.15222263244002374,0.7602592041072673,0.7529393939393939,0.775812916913137
dcor|distance_corr|difference|mean,nonlinear,0.3752516233766234,0.6193181818181818,0.4165584415584415,0.014380411255411256,0.34718073593073595,0.5179924242424242,0.6917478354978356,0.8653299806462142
dcor|distance_corr|difference|sum,linear,0.6428928571428572,0.7104761904761905,0.637265329908187,0.00042857142857142866,0.15139285714285713,0.6951367085295657,0.8056818181818182,0.9063704497219517
dcor|distance_corr|difference|sum,mixed,0.6338484848484849,0.4677575757575757,0.40572785860021543,0.0,0.23354545454545453,0.7230448773448773,0.6648454545454546,0.7698058431279451
dcor|distance_corr|difference|sum,nonlinear,0.3545265151515152,0.5181818181818182,0.37975108225108223,0.010511363636363636,0.3604924242424243,0.4852056277056277,0.619832251082251,0.8652732501171317
dcor|distance_corr|multiplicative|max,linear,0.5547390982033839,0.7340476190476191,0.5768459383753501,0.008748822605965462,0.24683922030350602,0.6937783446712018,0.7971569264069264,0.9066760743811282
dcor|distance_corr|multiplicative|max,mixed,0.6256446289972911,0.6722424242424243,0.5067606463329303,0.0,0.21350544315278097,0.792307944010394,0.7756186147186147,0.7938514954428163
dcor|distance_corr|multiplicative|max,nonlinear,0.329767316017316,0.6454545454545455,0.3897420634920635,0.07356601731601732,0.3938690476190476,0.5293290043290043,0.6475919913419914,0.8920937544927514
dcor|distance_corr|multiplicative|mean,linear,0.49384932924218644,0.8521428571428571,0.5701862766085455,0.12017893614322187,0.15134728763300193,0.7128026774812489,0.8379372294372294,0.9036789596802627
dcor|distance_corr|multiplicative|mean,mixed,0.6415968674454462,0.7604242424242424,0.5634525561044184,0.0,0.18996446011588144,0.8198310425523543,0.8344415584415584,0.7948003735854939
dcor|distance_corr|multiplicative|mean,nonlinear,0.35847402597402594,0.7738636363636363,0.4388997113997114,0.0753517316017316,0.3524242424242424,0.5709956709956711,0.7473484848484848,0.893388599261322
dcor|distance_corr|multiplicative|sum,linear,0.5659539508110937,0.7345238095238095,0.5860532786541189,0.008748822605965462,0.2323511250654108,0.6945941162012591,0.8015854978354978,0.9070639318348304
dcor|distance_corr|multiplicative|sum,mixed,0.5519141414141414,0.5965454545454546,0.42639582250931585,0.0,0.2859790764790765,0.7440735236812105,0.6910147186147186,0.7891925669221125
dcor|distance_corr|multiplicative|sum,nonlinear,0.3346969696969697,0.6477272727272727,0.3954004329004329,0.07549242424242425,0.3857007575757576,0.5293560606060606,0.650094696969697,0.8936436032198855
dcor|distance_corr|quotient|max,linear,0.41910308738880164,0.8302380952380952,0.4820803412274,0.05681554160125589,0.3630056253270539,0.7119018402232689,0.8008636363636364,0.9047098779005451
dcor|distance_corr|quotient|max,mixed,0.46416107924002664,0.7274545454545455,0.42640615077922356,0.0,0.4296325715536242,0.7371178240724349,0.6927593073593074,0.7908765076405031
dcor|distance_corr|quotient|max,nonlinear,0.2457115800865801,0.7738636363636363,0.3332792207792208,0.03600378787878788,0.5499323593073593,0.504193722943723,0.5767857142857142,0.9149094315827317
dcor|distance_corr|quotient|mean,linear,0.43241261119832547,0.8611904761904763,0.5006011537482126,0.07535125588697017,0.31201753008895866,0.7507870225013081,0.8693701298701298,0.905144979792046
dcor|distance_corr|quotient|mean,mixed,0.49417604617604616,0.7667878787878788,0.4523093804465158,0.0,0.384041847041847,0.7773496253934268,0.7785969696969698,0.7935788553309502
dcor|distance_corr|quotient|mean,nonlinear,0.25977272727272727,0.8272727272727273,0.35498196248196245,0.0434469696969697,0.5292613636363637,0.5464962121212121,0.7001352813852814,0.9147573784418817
dcor|distance_corr|quotient|sum,linear,0.47111828647542936,0.8597619047619048,0.5446689519630696,0.0895199839842697,0.240260878010878,0.7505772719344148,0.8690238095238094,0.9066707571684606
dcor|distance_corr|quotient|sum,mixed,0.5330778202525471,0.7066666666666667,0.4496594845058218,0.0,0.3445123673376405,0.7694480036480962,0.7702,0.7924133197617692
dcor|distance_corr|quotient|sum,nonlinear,0.2742451298701299,0.8090909090909091,0.3706475468975469,0.036912878787878786,0.5129626623376623,0.5458874458874459,0.7020292207792208,0.8987071106941905
dcor|mutual_info_sklearn|difference|max,linear,0.5781893424036281,0.715952380952381,0.5928919651776795,0.00042857142857142866,0.23676638837353126,0.6975665009593581,0.7975454545454546,0.9069570845484317
dcor|mutual_info_sklearn|difference|max,mixed,0.6270299750754297,0.5594545454545454,0.46773883344270045,0.0,0.2542947002492457,0.76162155823974,0.7210891774891774,0.7901188891462934
dcor|mutual_info_sklearn|difference|max,nonlinear,0.3065286796536797,0.5375,0.35193722943722944,0.005965909090909091,0.45067099567099567,0.48722943722943723,0.599012445887446,0.8803609692053703
dcor|mutual_info_sklearn|difference|mean,linear,0.5563098726670156,0.7316666666666666,0.5768218443554578,0.02517211756497471,0.21025008721437294,0.6990000198214483,0.7978636363636363,0.9068432110194533
dcor|mutual_info_sklearn|difference|mean,mixed,0.6394254536101727,0.6450909090909092,0.5268658607832735,0.0,0.24325131406659511,0.788306382156191,0.7671138528138528,0.7924607025992194
dcor|mutual_info_sklearn|difference|mean,nonlinear,0.30043560606060604,0.5488636363636363,0.34705988455988457,0.01240530303030303,0.45241612554112554,0.4877570346320346,0.59433170995671,0.8869529761160597
dcor|mutual_info_sklearn|difference|sum,linear,0.5871201814058957,0.7164285714285714,0.6017705786277214,0.00042857142857142866,0.22668537414965986,0.6977819204604919,0.7994816017316018,0.9075247356560111
dcor|mutual_info_sklearn|difference|sum,mixed,0.599559163059163,0.5164242424242425,0.4281685565622357,0.0,0.2819105339105339,0.7451210197210197,0.6932471861471862,0.784723765449502
dcor|mutual_info_sklearn|difference|sum,nonlinear,0.310137987012987,0.5272727272727272,0.35307178932178934,0.005965909090909091,0.4429301948051948,0.48508387445887446,0.6022591991341992,0.8726610565158852
dcor|mutual_info_sklearn|multiplicative|max,linear,0.5608757195185766,0.7407142857142858,0.5819538780547183,0.008748822605965462,0.2516079277864992,0.7037556292913436,0.8007467532467533,0.9067959686909373
dcor|mutual_info_sklearn|multiplicative|max,mixed,0.6282051195830678,0.6426666666666666,0.5093271377990998,0.0,0.2568273479493997,0.7816315953279926,0.7448069264069264,0.7928332715977519
dcor|mutual_info_sklearn|multiplicative|max,nonlinear,0.30549783549783555,0.5977272727272728,0.35783910533910535,0.011931818181818182,0.45737554112554113,0.4992424242424242,0.6035984848484848,0.8919200102865592
dcor|mutual_info_sklearn|multiplicative|mean,linear,0.5488276723276723,0.7857142857142857,0.5843267666040776,0.06454749615463902,0.17722079111364827,0.7133864468864469,0.8226082251082252,0.9072833734115114
dcor|mutual_info_sklearn|multiplicative|mean,mixed,0.6463904360434636,0.7272121212121212,0.5569090588721994,0.0,0.23079426814124057,0.8080761223938677,0.8119865800865801,0.7935148631161216
dcor|mutual_info_sklearn|multiplicative|mean,nonlinear,0.31635010822510823,0.6420454545454546,0.3740151515151515,0.021063311688311687,0.43162337662337663,0.50816829004329,0.6300189393939394,0.8932572573015248
dcor|mutual_info_sklearn|multiplicative|sum,linear,0.5607014215942787,0.7407142857142858,0.582019546513244,0.008858712715855574,0.25118942961800106,0.7037556292913436,0.8010400432900433,0.9067535572201304
dcor|mutual_info_sklearn|multiplicative|sum,mixed,0.6111411795275432,0.607939393939394,0.47633651654822795,0.0,0.27389128800492435,0.7628360038163079,0.7088675324675325,0.792130935393992
dcor|mutual_info_sklearn|multiplicative|sum,nonlinear,0.3057954545454546,0.5977272727272728,0.3582251082251082,0.011931818181818182,0.45696969696969697,0.49956709956709955,0.6056277056277056,0.8918674187850242
dcor|mutual_info_sklearn|quotient|max,linear,0.3532335521621236,0.751904761904762,0.4162862849102345,0.03707692307692308,0.4597211360068503,0.6101248909820338,0.6931482683982684,0.8834392987347766
dcor|mutual_info_sklearn|quotient|max,mixed,0.4195604658499395,0.6946666666666667,0.4087843440590697,0.0,0.4957447289552553,0.7143931812282897,0.6251575757575757,0.7796104120223026
dcor|mutual_info_sklearn|quotient|max,nonlinear,0.23266233766233765,0.7170454545454545,0.3157954545454546,0.025243506493506495,0.5805708874458875,0.49119318181818183,0.5491477272727273,0.9153303502766538
dcor|mutual_info_sklearn|quotient|mean,linear,0.35694832548403976,0.7773809523809523,0.4226307907778496,0.04220839874411303,0.44986276818419674,0.6156369701726845,0.6971320346320347,0.8833153717251483
dcor|mutual_info_sklearn|quotient|mean,mixed,0.418468253968254,0.7147272727272728,0.4134114240700905,0.0,0.49230591630591636,0.7119790080999752,0.6196056277056278,0.7782535473459022
dcor|mutual_info_sklearn|quotient|mean,nonlinear,0.23792207792207792,0.7670454545454546,0.32575396825396824,0.030113636363636363,0.5655384199134199,0.48817911255411256,0.5411931818181818,0.913409848307463
dcor|mutual_info_sklearn|quotient|sum,linear,0.349300592264878,0.7314285714285714,0.41017079139348045,0.029754471718757433,0.47055197183768616,0.6061767835339265,0.6896915584415584,0.8807774501205324
dcor|mutual_info_sklearn|quotient|sum,mixed,0.4111473514689732,0.6686060606060606,0.39341145955488666,0.0,0.504002720681099,0.7130591366088146,0.6202229437229437,0.7787359205222488
dcor|mutual_info_sklearn|quotient|sum,nonlinear,0.23025162337662336,0.6988636363636364,0.31166847041847046,0.025608766233766234,0.5825027056277056,0.4901893939393939,0.5472537878787879,0.9139873203415643
dcor|pearson_abs|difference|max,linear,0.6164377963306534,0.7347619047619048,0.6280675356389642,0.0,0.2028416821273964,0.7105052764695622,0.8172738095238096,0.9079358092944322
dcor|pearson_abs|difference|max,mixed,0.5873369408369409,0.5540606060606061,0.42473295076899487,0.0,0.24446392496392497,0.7453338383838384,0.7089415584415585,0.7774709450120318
dcor|pearson_abs|difference|max,nonlinear,0.4265124458874459,0.7988636363636363,0.5100252525252525,0.005965909090909091,0.3530194805194805,0.6085714285714285,0.7882169913419914,0.8654612786715098
dcor|pearson_abs|difference|mean,linear,0.5499585771371486,0.8264285714285714,0.6061049970104592,0.08798082869511441,0.12873949859664144,0.7291364904936334,0.852474025974026,0.9059100740379666
dcor|pearson_abs|difference|mean,mixed,0.6398605857153964,0.6741212121212121,0.5135100121866425,0.0,0.19257664372183303,0.7772174054497203,0.7782636363636364,0.7804415814411411
dcor|pearson_abs|difference|mean,nonlinear,0.4079518398268398,0.8011363636363636,0.4923791486291486,0.021950757575757575,0.3585362554112554,0.6094940476190476,0.7881222943722943,0.8667797131642961
dcor|pearson_abs|difference|sum,linear,0.6430714285714285,0.7342857142857143,0.6479182246325104,0.00028571428571428574,0.17019047619047617,0.7107343014128729,0.819422077922078,0.9082049223913291
dcor|pearson_abs|difference|sum,mixed,0.5593787878787878,0.5265454545454545,0.40038955856745456,0.0,0.26356060606060605,0.7401347763347763,0.6909298701298701,0.7670781650816699
dcor|pearson_abs|difference|sum,nonlinear,0.43823863636363636,0.7829545454545455,0.5186038961038961,0.005965909090909091,0.3340340909090909,0.6025027056277057,0.7823457792207793,0.8612672087590315
dcor|pearson_abs|multiplicative|max,linear,0.5624533839176696,0.7473809523809524,0.5862347316548997,0.009054945054945054,0.2501708529565672,0.7057568027210884,0.8067867965367965,0.9073237576068625
dcor|pearson_abs|multiplicative|max,mixed,0.6268611729405731,0.6835151515151515,0.5122314788734187,0.0,0.19920448362508347,0.7943867523253225,0.7794281385281385,0.793655301781356
dcor|pearson_abs|multiplicative|max,nonlinear,0.38975108225108224,0.8340909090909091,0.4823647186147186,0.011363636363636364,0.38620941558441557,0.6154356060606061,0.795508658008658,0.8885973647760327
dcor|pearson_abs|multiplicative|mean,linear,0.49739467675181964,0.8564285714285714,0.5734570173057567,0.11836886129743274,0.15304634254634256,0.7218553985696843,0.8452943722943723,0.9036307534405362
dcor|pearson_abs|multiplicative|mean,mixed,0.6378689475818663,0.7659393939393939,0.5636536092766883,0.0,0.18583668012376148,0.8248745133311017,0.8397471861471861,0.7937734081974953
dcor|pearson_abs|multiplicative|mean,nonlinear,0.37510822510822506,0.8352272727272727,0.4665909090909091,0.05977813852813852,0.3608712121212121,0.6160714285714285,0.7965503246753247,0.89013355036456
dcor|pearson_abs|multiplicative|sum,linear,0.569287284144427,0.746904761904762,0.5914860279776246,0.009054945054945054,0.24044466248037674,0.7061417352488781,0.8103549783549784,0.9075192113705344
dcor|pearson_abs|multiplicative|sum,mixed,0.550508658008658,0.618,0.4387018830167555,0.0,0.27330303030303027,0.7453838412841418,0.6876212121212121,0.7897110073593134
dcor|pearson_abs|multiplicative|sum,nonlinear,0.392107683982684,0.8340909090909091,0.48522186147186147,0.011647727272727273,0.3825135281385282,0.6151650432900433,0.7951298701298702,0.8886635318950696
dcor|pearson_abs|quotient|max,linear,0.4027221350078493,0.8204761904761906,0.46793305993726164,0.04899411302982731,0.40342229199372054,0.6968522390308104,0.7817207792207793,0.8958271047346529
dcor|pearson_abs|quotient|max,mixed,0.4063979965032597,0.7272727272727273,0.41161555098377395,0.0,0.4745976744924113,0.7179168864379089,0.6542402597402598,0.7841827479949642
dcor|pearson_abs|quotient|max,nonlinear,0.26698863636363634,0.8465909090909091,0.3672691197691198,0.03785984848484849,0.528125,0.5778219696969696,0.7431412337662339,0.9111886164114257
dcor|pearson_abs|quotient|mean,linear,0.41549594453165883,0.8507142857142858,0.48570383677946705,0.057172684458398744,0.37318419675562536,0.7239174079888365,0.8376580086580087,0.8960575012733182
dcor|pearson_abs|quotient|mean,mixed,0.42394877344877346,0.7445454545454545,0.4251034713901283,0.0,0.45532972582972586,0.729415970185281,0.6860987012987013,0.7876025629386111
dcor|pearson_abs|quotient|mean,nonlinear,0.2634280303030303,0.8397727272727272,0.3627561327561328,0.039071969696969695,0.5299431818181819,0.5696374458874459,0.7264204545454546,0.9092067154070006
dcor|pearson_abs|quotient|sum,linear,0.4256233409447695,0.8483333333333334,0.4981472306871466,0.05930189255189255,0.3553255474684046,0.7238085644514215,0.8374199134199133,0.8965510362502719
dcor|pearson_abs|quotient|sum,mixed,0.42196801402505907,0.6858181818181818,0.3995094725436899,0.0,0.45609836404131904,0.7302433629759286,0.6871047619047619,0.7869054266475117
dcor|pearson_abs|quotient|sum,nonlinear,0.26462121212121215,0.8272727272727273,0.36307178932178935,0.03943722943722944,0.5272619047619048,0.5693398268398269,0.7264204545454546,0.8981042145079338
dcor|spearman_abs|difference|max,linear,0.6236258503401361,0.7495238095238095,0.6368053137338852,0.00028571428571428574,0.21123639455782312,0.7238975667189953,0.8277662337662337,0.9075830596891237
dcor|spearman_abs|difference|max,mixed,0.5526616161616161,0.5391515151515152,0.40073863885811084,0.0,0.27981457431457435,0.7322028860028861,0.691943722943723,0.7659802686008924
dcor|spearman_abs|difference|max,nonlinear,0.4244886363636364,0.8045454545454546,0.5103553391053391,0.005965909090909091,0.3574648268398269,0.6104139610389611,0.7901109307359307,0.8656141479727743
dcor|spearman_abs|difference|mean,linear,0.5520526378383521,0.8335714285714285,0.6098989388296111,0.08580448123305266,0.13231406688549543,0.7415982033839177,0.8608506493506494,0.9060336990727897
dcor|spearman_abs|difference|mean,mixed,0.6207226317104335,0.6621212121212121,0.4919953038243837,0.0,0.20989064390284207,0.7670285953239193,0.7671389610389611,0.7761248513746418
dcor|spearman_abs|difference|mean,nonlinear,0.4133062770562771,0.8090909090909091,0.4968344155844156,0.021509740259740256,0.357150974025974,0.6115936147186147,0.7903950216450216,0.8667424648784651
dcor|spearman_abs|difference|sum,linear,0.6534285714285714,0.7490476190476191,0.6587259882974169,0.00028571428571428574,0.1754404761904762,0.7238408773765916,0.8294036796536796,0.9079416294975574
dcor|spearman_abs|difference|sum,mixed,0.5294545454545454,0.5093333333333333,0.3789321569509461,0.0,0.2921060606060606,0.7291793650793651,0.6758354978354979,0.7503930118441993
dcor|spearman_abs|difference|sum,nonlinear,0.4447537878787879,0.8011363636363636,0.5307900432900433,0.005965909090909091,0.3310795454545455,0.6087337662337663,0.7896374458874459,0.8652818654314534
dcor|spearman_abs|multiplicative|max,linear,0.5618870573870574,0.7473809523809524,0.585927784633667,0.009054945054945054,0.25069296180010464,0.7031743851386708,0.8068235930735931,0.9072031787039129
dcor|spearman_abs|multiplicative|max,mixed,0.6129663340818421,0.6706060606060605,0.4995694800419977,0.0,0.20851057789506988,0.7851432907584361,0.7643904761904762,0.7940730509478882
dcor|spearman_abs|multiplicative|max,nonlinear,0.390508658008658,0.8363636363636363,0.4833495670995671,0.011363636363636364,0.3831791125541126,0.6175189393939393,0.7979707792207793,0.8886300278802743
dcor|spearman_abs|multiplicative|mean,linear,0.49603413253413253,0.8564285714285714,0.5724411442898838,0.1187089973518545,0.15416879152593438,0.7208134484563056,0.845004329004329,0.9036059454879032
dcor|spearman_abs|multiplicative|mean,mixed,0.6355545251621807,0.7635757575757577,0.5600949212792783,0.0,0.186103483495828,0.8218942625621183,0.8362593073593074,0.7958310919635223
dcor|spearman_abs|multiplicative|mean,nonlinear,0.37711038961038956,0.8363636363636363,0.4688131313131313,0.06167207792207792,0.35635281385281387,0.617681277056277,0.7985389610389612,0.8891854470022312
dcor|spearman_abs|multiplicative|sum,linear,0.5685355834641549,0.7464285714285714,0.5909652238517784,0.008748822605965462,0.24138343799058085,0.7035489708703995,0.8105238095238095,0.9075417539127948
dcor|spearman_abs|multiplicative|sum,mixed,0.5437727272727273,0.6013939393939394,0.42527051371640223,0.0,0.2752337662337662,0.7391251015854013,0.6795497835497836,0.7915237039843226
dcor|spearman_abs|multiplicative|sum,nonlinear,0.393379329004329,0.8340909090909091,0.48623376623376624,0.011647727272727273,0.38224296536796537,0.6165719696969697,0.7964556277056277,0.8867343236168693
dcor|spearman_abs|quotient|max,linear,0.3989721350078493,0.8159523809523809,0.4639311332924778,0.04792268445839874,0.4057199110413396,0.6842143610357896,0.7705811688311688,0.8946477574005095
dcor|spearman_abs|quotient|max,mixed,0.4019770604770605,0.7197575757575758,0.40532618164797324,0.0,0.4792256812256812,0.7149043443346874,0.6398939393939393,0.7795406822707556
dcor|spearman_abs|quotient|max,nonlinear,0.2642992424242424,0.8272727272727273,0.3606565656565657,0.046875,0.5186931818181818,0.5595075757575758,0.6840909090909091,0.9080797629836083
dcor|spearman_abs|quotient|mean,linear,0.4027935635792779,0.8295238095238094,0.47022507744356484,0.05824411302982732,0.3725889586603872,0.6897489098203384,0.8015681818181819,0.8946761785128721
dcor|spearman_abs|quotient|mean,mixed,0.4254184704184704,0.7410909090909091,0.4238770513455264,0.0,0.45676911976911977,0.7280753852397392,0.6807354978354979,0.7831674185190644
dcor|spearman_abs|quotient|mean,nonlinear,0.2630871212121212,0.825,0.35909812409812414,0.046875,0.5176515151515152,0.5595752164502165,0.6925054112554113,0.9064194221991564
dcor|spearman_abs|quotient|sum,linear,0.41327681841967556,0.8271428571428572,0.483020511701184,0.06129964876393447,0.3532979956551385,0.6895845107273678,0.8013300865800865,0.8952713920688306
dcor|spearman_abs|quotient|sum,mixed,0.42126929792513995,0.680969696969697,0.395420753929894,0.0,0.45887644522060317,0.7292682884172963,0.6823627705627705,0.7822781526564772
dcor|spearman_abs|quotient|sum,nonlinear,0.2628436147186147,0.8113636363636364,0.35747113997113994,0.04695616883116883,0.5173674242424243,0.5593317099567099,0.6926948051948052,0.8935578356946425
f|distance_corr|difference|max,linear,0.39171872175443606,0.8364285714285714,0.477775683933247,0.12825233893091037,0.2658850237064523,0.623797531833246,0.7888051948051947,0.8678291792208856
f|distance_corr|difference|max,mixed,0.568443157098302,0.7595151515151516,0.5104873340348408,0.0,0.2889767563216114,0.8233818592048964,0.8257554112554112,0.7922252900501994
f|distance_corr|difference|max,nonlinear,0.16247835497835497,0.55,0.23446248196248198,0.04234307359307359,0.5914691558441558,0.29772727272727273,0.4595779220779221,0.7509554064522156
f|distance_corr|difference|mean,linear,0.3901213905142476,0.8364285714285714,0.4759673093013429,0.12775482057624915,0.26873861852433284,0.623797531833246,0.7888051948051947,0.8677716563473986
f|distance_corr|difference|mean,mixed,0.5636175143747107,0.767090909090909,0.5069372303603112,0.0,0.28465665589945954,0.8241189110705721,0.8278238095238095,0.7923448068966591
f|distance_corr|difference|mean,nonlinear,0.17199675324675326,0.6079545454545454,0.25092352092352094,0.05009199134199134,0.576577380952381,0.30542478354978353,0.4833333333333334,0.7890110063217554
f|distance_corr|difference|sum,linear,0.40838358070500924,0.8364285714285714,0.4976581910153339,0.13616692434549577,0.2337488146773861,0.623797531833246,0.7888051948051947,0.8683498850262682
f|distance_corr|difference|sum,mixed,0.6058287688742234,0.7418787878787879,0.5324575907527249,0.0,0.24148291943746486,0.8214444444444444,0.8269922077922078,0.7908610513264905
f|distance_corr|difference|sum,nonlinear,0.16648268398268398,0.5125,0.2337950937950938,0.04049242424242424,0.5780600649350649,0.2957142857142857,0.4594155844155844,0.7304750856476653
f|distance_corr|multiplicative|max,linear,0.42658015793730075,0.8316666666666667,0.4969293097192257,0.07767706499849357,0.31332892504321075,0.7149002782931354,0.8177846320346319,0.9045878173073582
f|distance_corr|multiplicative|max,mixed,0.5381872478024049,0.7512121212121212,0.47991205224014305,0.0,0.3138791302639731,0.8016283331101041,0.790612554112554,0.7980254682632727
f|distance_corr|multiplicative|max,nonlinear,0.1502949134199134,0.5340909090909091,0.21997113997113996,0.036669372294372296,0.6180979437229437,0.2823566017316017,0.40225919913419916,0.7929449141237268
f|distance_corr|multiplicative|mean,linear,0.41005370819656534,0.854047619047619,0.4912161503295957,0.10620591313448456,0.27858652062223493,0.6947602912960056,0.8275974025974026,0.8974534216795194
f|distance_corr|multiplicative|mean,mixed,0.5451717142593707,0.7672727272727272,0.4891687650402909,0.0,0.3019668138791574,0.8112657270068341,0.8142086580086579,0.7972806342980377
f|distance_corr|multiplicative|mean,nonlinear,0.1694047619047619,0.6522727272727272,0.2526370851370851,0.049756493506493506,0.5898836580086579,0.30127435064935065,0.4744318181818182,0.8162176940101961
f|distance_corr|multiplicative|sum,linear,0.43973084455227307,0.7564285714285715,0.4998831532613045,0.010478806907378336,0.40436415964987393,0.7067589751518323,0.7968484848484848,0.9060789327070253
f|distance_corr|multiplicative|sum,mixed,0.44501108487472124,0.5851515151515151,0.3616286303201958,0.0,0.4109218155581792,0.7373181260122005,0.6497909090909091,0.7957799384219756
f|distance_corr|multiplicative|sum,nonlinear,0.1438284632034632,0.49204545454545456,0.20820887445887448,0.03505681818181818,0.6260281385281385,0.27864448051948054,0.38695887445887445,0.7689123210920468
f|distance_corr|quotient|max,linear,0.41483360686932114,0.8571428571428571,0.4906536873490655,0.09753293135435992,0.291090873412302,0.7149846502703645,0.8448106060606061,0.9018530181747789
f|distance_corr|quotient|max,mixed,0.5303562828605398,0.7656363636363637,0.47481099974480334,0.0,0.34053404902979206,0.8024267408688529,0.7958683982683983,0.7967159356287908
f|distance_corr|quotient|max,nonlinear,0.16085497835497836,0.6568181818181819,0.24262445887445888,0.04015151515151515,0.6223106060606061,0.2834659090909091,0.4036390692640693,0.8212278704638584
f|distance_corr|quotient|mean,linear,0.41369248608534326,0.8571428571428571,0.4893877142931765,0.09731101041815328,0.2930215023072166,0.7149234257805687,0.8448019480519481,0.9019200036570775
f|distance_corr|quotient|mean,mixed,0.5322552902429063,0.7721818181818182,0.4780272246427627,0.0,0.3355686635810475,0.8086752429924231,0.8086878787878788,0.7971101608548808
f|distance_corr|quotient|mean,nonlinear,0.16560876623376625,0.6795454545454546,0.25047799422799427,0.04388798701298702,0.6134767316017316,0.28855248917748916,0.4266098484848485,0.8270475394427923
f|distance_corr|quotient|sum,linear,0.41991709480995193,0.8571428571428571,0.49719855937713076,0.10023680684394971,0.2808152086009229,0.7149234257805687,0.8448019480519481,0.9022558699107728
f|distance_corr|quotient|sum,mixed,0.5453512258255576,0.7623030303030303,0.48608017611779486,0.0,0.3186862922119604,0.808090291821724,0.8084787878787879,0.7968029807715276
f|distance_corr|quotient|sum,nonlinear,0.1637121212121212,0.6488636363636363,0.245755772005772,0.04383116883116883,0.6114691558441558,0.28774080086580084,0.42621753246753247,0.8157942717179165
f|mutual_info_sklearn|difference|max,linear,0.3870648874934589,0.8354761904761905,0.47271693572533907,0.1283652617224046,0.2719444325515754,0.6217724140938427,0.7869350649350649,0.8676490438382989
f|mutual_info_sklearn|difference|max,mixed,0.5549999104323914,0.7172727272727273,0.4918518867136814,0.0,0.32064944021695924,0.8168341056333527,0.8088012987012987,0.7923825416081729
f|mutual_info_sklearn|difference|max,nonlinear,0.14896103896103896,0.4965909090909091,0.21477813852813854,0.03347943722943723,0.6299729437229437,0.2933252164502164,0.4276244588744589,0.7418146395248751
f|mutual_info_sklearn|difference|mean,linear,0.38493368536225675,0.8354761904761905,0.47007624331784,0.1274075924075924,0.2760090623662052,0.6219538199895343,0.7872813852813854,0.8674281423623268
f|mutual_info_sklearn|difference|mean,mixed,0.5579160349185771,0.7664848484848484,0.5022369543243994,0.0,0.3069728539703118,0.824422857109394,0.8276,0.792376784050817
f|mutual_info_sklearn|difference|mean,nonlinear,0.15762987012987015,0.5681818181818182,0.2312914862914863,0.04107683982683982,0.6066287878787879,0.3003327922077922,0.45106872294372297,0.7723026105465225
f|mutual_info_sklearn|difference|sum,linear,0.39047913990771127,0.8354761904761905,0.4768966362768884,0.13009530945245232,0.2652073363144791,0.6217724140938427,0.7869350649350649,0.867659537691866
f|mutual_info_sklearn|difference|sum,mixed,0.5628306323058171,0.7083636363636364,0.4945314442676768,0.0,0.3115503200751352,0.8157299062740155,0.807439393939394,0.7925272426037403
f|mutual_info_sklearn|difference|sum,nonlinear,0.1424918831168831,0.45227272727272727,0.20322510822510823,0.033714826839826836,0.6338933982683983,0.28464285714285714,0.40336850649350653,0.7412222476015042
f|mutual_info_sklearn|multiplicative|max,linear,0.4403781853067567,0.7626190476190476,0.5000908270067934,0.010172684458398744,0.41144517387374535,0.7113946172874744,0.7980097402597403,0.9061351739223955
f|mutual_info_sklearn|multiplicative|max,mixed,0.519571497023472,0.6561818181818181,0.4444093666420328,0.0,0.3820886761367011,0.7821593539780518,0.7225385281385281,0.7972860594077782
f|mutual_info_sklearn|multiplicative|max,nonlinear,0.14054653679653678,0.4875,0.20408910533910535,0.01534090909090909,0.6576461038961039,0.2802840909090909,0.3810741341991342,0.7639469487819762
f|mutual_info_sklearn|multiplicative|mean,linear,0.42638038152323865,0.8461904761904763,0.5000506368048384,0.08479985887128744,0.29805541284112713,0.7121150793650793,0.8330833333333333,0.9041321811161089
f|mutual_info_sklearn|multiplicative|mean,mixed,0.5447693319782752,0.7565454545454546,0.4879204549052037,0.0,0.3316577964488533,0.8022522592572137,0.7934510822510823,0.7967359645328852
f|mutual_info_sklearn|multiplicative|mean,nonlinear,0.1492884199134199,0.5488636363636363,0.21931818181818183,0.04087391774891775,0.6205844155844157,0.2831655844155844,0.3907061688311689,0.8012363905993052
f|mutual_info_sklearn|multiplicative|sum,linear,0.4406077771434914,0.7626190476190476,0.5003245932405596,0.010172684458398744,0.4112155820370106,0.7113946172874744,0.7980097402597403,0.9061843571405962
f|mutual_info_sklearn|multiplicative|sum,mixed,0.5000091579387246,0.6167878787878788,0.41364780639879745,0.0,0.40165101522144864,0.7662251701627996,0.6848051948051949,0.7973363363737946
f|mutual_info_sklearn|multiplicative|sum,nonlinear,0.14065476190476192,0.4875,0.20421536796536796,0.01534090909090909,0.6573160173160173,0.2802840909090909,0.38142586580086585,0.7638776923083792
f|mutual_info_sklearn|quotient|max,linear,0.41064546168117594,0.8354761904761905,0.4798875573539439,0.07744893202036059,0.32924788306931163,0.7065148026576598,0.8195324675324674,0.9034917790456904
f|mutual_info_sklearn|quotient|max,mixed,0.4738522266324124,0.7352727272727272,0.44309493600263117,0.0,0.414554699774514,0.755993836212742,0.7335545454545455,0.7910230332479049
f|mutual_info_sklearn|quotient|max,nonlinear,0.1486931818181818,0.6125,0.22508116883116885,0.03456439393939394,0.6387581168831169,0.2731168831168831,0.3855925324675325,0.8192731314463955
f|mutual_info_sklearn|quotient|mean,linear,0.4136313448456306,0.8402380952380952,0.4827214757697951,0.07859850863422292,0.3255575614861329,0.7106833920048206,0.8239664502164502,0.9028966420625844
f|mutual_info_sklearn|quotient|mean,mixed,0.4747562671246882,0.7432727272727273,0.44456891774232143,0.0,0.412405349036928,0.7616737023774303,0.7406341991341991,0.7913071515627463
f|mutual_info_sklearn|quotient|mean,nonlinear,0.1549918831168831,0.6522727272727272,0.23594516594516596,0.03791396103896104,0.6317180735930736,0.27570616883116883,0.38656655844155846,0.833963414293236
f|mutual_info_sklearn|quotient|sum,linear,0.41411005661005656,0.8364285714285714,0.48415331097473957,0.07920007373578802,0.3230037462537462,0.7062848659277231,0.8201839826839826,0.9028194044646993
f|mutual_info_sklearn|quotient|sum,mixed,0.47294379974403333,0.7296363636363636,0.44347067668640827,0.0,0.41381377601354247,0.7506965453453034,0.7280909090909091,0.7903916258327414
f|mutual_info_sklearn|quotient|sum,nonlinear,0.1482738095238095,0.6045454545454545,0.2240205627705628,0.0342478354978355,0.6387148268398268,0.27306006493506496,0.3868641774891775,0.8192140612419107
f|pearson_abs|difference|max,linear,0.38994215308501023,0.8364285714285714,0.47575912462887254,0.12761310118452976,0.2691999904857048,0.623797531833246,0.7888051948051947,0.8678481229867047
f|pearson_abs|difference|max,mixed,0.5628476491766125,0.7653333333333333,0.5053407068874568,0.0,0.281616997288034,0.8249759747587206,0.8284744588744589,0.7920956647369325
f|pearson_abs|difference|max,nonlinear,0.17637987012987014,0.6204545454545455,0.2577092352092352,0.046163419913419906,0.5763392857142857,0.30754329004329,0.4890827922077922,0.795422695595868
f|pearson_abs|difference|mean,linear,0.3875249393463679,0.8364285714285714,0.4728088582752448,0.1266649422006565,0.27368607582893295,0.623797531833246,0.7888051948051947,0.8676536973686066
f|pearson_abs|difference|mean,mixed,0.5584794568569275,0.7704242424242425,0.5025519161117086,0.0,0.2882059688284982,0.8254768272947564,0.8293731601731601,0.7923045972599522
f|pearson_abs|difference|mean,nonlinear,0.17448593073593072,0.6329545454545454,0.25622113997114,0.053268398268398263,0.5736471861471861,0.311133658008658,0.49909361471861474,0.8037983102779038
f|pearson_abs|difference|sum,linear,0.39869978830693115,0.8364285714285714,0.48637311101596814,0.1323181144252573,0.25157375560946993,0.623797531833246,0.7888051948051947,0.8680557698777479
f|pearson_abs|difference|sum,mixed,0.5829300579253557,0.7514545454545455,0.515755796002924,0.0,0.2563166953213975,0.8227716823406479,0.8265320346320346,0.7917561205589365
f|pearson_abs|difference|sum,nonlinear,0.17751623376623377,0.5965909090909091,0.25634199134199137,0.04601190476190476,0.5704247835497835,0.30655032467532467,0.4871347402597403,0.7855353732970819
f|pearson_abs|multiplicative|max,linear,0.43228445760588613,0.828095238095238,0.5005728130413005,0.07349308231451089,0.3231439750725465,0.7267589553303838,0.821780303030303,0.9050630673037222
f|pearson_abs|multiplicative|max,mixed,0.5362343601211891,0.7532121212121212,0.47775615546919115,0.0,0.30807444218761326,0.8019164935954071,0.7877753246753247,0.7982933658205313
f|pearson_abs|multiplicative|max,nonlinear,0.15934794372294372,0.5704545454545454,0.2340638528138528,0.04235119047619047,0.6024675324675325,0.2950595238095238,0.43022186147186153,0.8150450246357801
f|pearson_abs|multiplicative|mean,linear,0.41310766614338046,0.856904761904762,0.49413003756281065,0.10612855794998652,0.2785284913499199,0.7020414704343276,0.8321277056277057,0.8975102812530131
f|pearson_abs|multiplicative|mean,mixed,0.5442571595399498,0.7673939393939394,0.4877999609739295,0.0,0.297625957343167,0.8125795997383668,0.8158389610389611,0.7969912877141372
f|pearson_abs|multiplicative|mean,nonlinear,0.17261904761904762,0.6625,0.25728535353535353,0.054897186147186146,0.5806087662337662,0.3120292207792208,0.49653679653679655,0.8152394776838765
f|pearson_abs|multiplicative|sum,linear,0.4408725163725164,0.7673809523809523,0.5022658891062253,0.010784929356357928,0.40879551400979974,0.7178190658547802,0.8060097402597404,0.9063877425866406
f|pearson_abs|multiplicative|sum,mixed,0.4419030514939606,0.5956969696969697,0.3635136969184995,0.0,0.40172681863590953,0.7416449981436715,0.6480926406926407,0.7949486715289447
f|pearson_abs|multiplicative|sum,nonlinear,0.15855248917748915,0.5636363636363636,0.23242604617604617,0.042708333333333334,0.6017803030303029,0.2939637445887446,0.427056277056277,0.8152401924836021
f|pearson_abs|quotient|max,linear,0.42866057751772035,0.8673809523809524,0.5029881059649968,0.08878503639217925,0.2938037557680415,0.7506875981161696,0.8687229437229438,0.9014013407949276
f|pearson_abs|quotient|max,mixed,0.5242059025117708,0.7682424242424243,0.47123353762589226,0.0,0.3342515289456606,0.8019166672785766,0.8008679653679653,0.7970319292148853
f|pearson_abs|quotient|max,nonlinear,0.16713474025974026,0.6727272727272727,0.25053751803751806,0.05252435064935065,0.5972375541125541,0.29290854978354974,0.4317234848484849,0.8289859877985242
f|pearson_abs|quotient|mean,linear,0.42530098472955613,0.8692857142857143,0.5006041167049571,0.08925600589886304,0.2968940940012369,0.7521586865515436,0.8714502164502165,0.9008884421449308
f|pearson_abs|quotient|mean,mixed,0.5227852348007147,0.7699393939393939,0.469705929014884,0.0,0.3351642601487803,0.8028230226597216,0.8022004329004329,0.7971647928493868
f|pearson_abs|quotient|mean,nonlinear,0.16863636363636364,0.6863636363636364,0.2534181096681097,0.05297077922077922,0.595392316017316,0.29464826839826835,0.44172077922077924,0.8351109040987355
f|pearson_abs|quotient|sum,linear,0.4306674753817611,0.8692857142857143,0.5073811890723655,0.09137052629909773,0.2868264870050585,0.7521586865515436,0.8714502164502165,0.9011143438111741
f|pearson_abs|quotient|sum,mixed,0.5315320891493571,0.7621212121212122,0.4751112750020569,0.0,0.3232052845880166,0.8024911204599859,0.8021307359307359,0.7965335882570471
f|pearson_abs|quotient|sum,nonlinear,0.16792207792207792,0.6681818181818182,0.25126262626262624,0.05274891774891775,0.5941396103896104,0.29417478354978355,0.4413555194805195,0.8258110268405267
f|spearman_abs|difference|max,linear,0.39054491936634794,0.8364285714285714,0.47632647347983487,0.12757592804021375,0.26834844124129836,0.623797531833246,0.7888051948051947,0.8678232055661512
f|spearman_abs|difference|max,mixed,0.5621935538801375,0.7648484848484849,0.5045992877062195,0.0,0.2824731127865292,0.8249188887470892,0.8282354978354979,0.7921217909766995
f|spearman_abs|difference|max,nonlinear,0.17669372294372293,0.6238636363636364,0.2583080808080808,0.04542748917748918,0.5787418831168831,0.3114502164502164,0.49130140692640695,0.8004624165436173
f|spearman_abs|difference|mean,linear,0.387389146567718,0.8364285714285714,0.47265531737170396,0.12664235367806798,0.27390105925820213,0.623797531833246,0.7888051948051947,0.8676383054020589
f|spearman_abs|difference|mean,mixed,0.5576089311666583,0.7701212121212121,0.501197898660268,0.0,0.29003320447547726,0.825457063844793,0.829351948051948,0.7922347004881284
f|spearman_abs|difference|mean,nonlinear,0.17571699134199134,0.6386363636363637,0.2584343434343434,0.053206168831168826,0.5738825757575757,0.31554383116883117,0.5029626623376624,0.8067192335141867
f|spearman_abs|difference|sum,linear,0.39842216117216117,0.8364285714285714,0.4861443199657485,0.13242123352837637,0.2519266487480773,0.623797531833246,0.7888051948051947,0.86809163369567
f|spearman_abs|difference|sum,mixed,0.5814535494692235,0.7509696969696971,0.5139035547775558,0.0,0.2585204765048025,0.8226038961038962,0.8266380952380953,0.7914247348427541
f|spearman_abs|difference|sum,nonlinear,0.1806547619047619,0.6056818181818182,0.26099025974025974,0.04528679653679654,0.5695319264069264,0.3119859307359307,0.4955898268398269,0.7907334420379296
f|spearman_abs|multiplicative|max,linear,0.4294345812917241,0.8247619047619048,0.4977688397037136,0.07496562564419708,0.32033425304853874,0.7214992150706436,0.818775974025974,0.9050435470680022
f|spearman_abs|multiplicative|max,mixed,0.53703306650269,0.752969696969697,0.47793594759456887,0.0,0.3073002668306433,0.8015465182286927,0.7869822510822511,0.7974297631489637
f|spearman_abs|multiplicative|max,nonlinear,0.15934794372294372,0.5704545454545454,0.2340638528138528,0.044623917748917746,0.6001948051948052,0.2950595238095238,0.43022186147186153,0.8150367929344208
f|spearman_abs|multiplicative|mean,linear,0.4111552851909995,0.855,0.4922490851818583,0.10660474842617701,0.2785284913499199,0.6966332199546484,0.8283463203463204,0.8975653411488109
f|spearman_abs|multiplicative|mean,mixed,0.5438165408972485,0.7675757575757576,0.4883744996936977,0.0,0.29796267988197234,0.8123364833485297,0.8158632034632035,0.796735883822047
f|spearman_abs|multiplicative|mean,nonlinear,0.17245670995670995,0.6625,0.25708333333333333,0.05603354978354978,0.5797159090909091,0.3120292207792208,0.49653679653679655,0.815212948521023
f|spearman_abs|multiplicative|sum,linear,0.4372602714745572,0.7621428571428571,0.4982698459337115,0.010478806907378336,0.4074990287490287,0.7121161180089751,0.8018106060606061,0.906222755573109
f|spearman_abs|multiplicative|sum,mixed,0.4383001089819272,0.597939393939394,0.3621062758989966,0.0,0.40541056922875107,0.7388806381314785,0.6444649350649351,0.7956496311687922
f|spearman_abs|multiplicative|sum,nonlinear,0.15940746753246754,0.5659090909090909,0.23349206349206347,0.04498106060606061,0.5990097402597402,0.2950243506493506,0.43084415584415586,0.8150801754925063
f|spearman_abs|quotient|max,linear,0.42008260786832213,0.86,0.494641677650081,0.08994215308501023,0.29507089339232195,0.733431362288505,0.8579166666666667,0.901962032331052
f|spearman_abs|quotient|max,mixed,0.5240650175928814,0.7676363636363636,0.4704440403408854,0.0,0.34021203868417493,0.8013319676192814,0.8001930735930736,0.7956005719070125
f|spearman_abs|quotient|max,nonlinear,0.16539772727272728,0.6693181818181818,0.24831709956709958,0.052697510822510826,0.5977137445887445,0.29058170995670995,0.43617424242424246,0.8222900198971054
f|spearman_abs|quotient|mean,linear,0.41873908234622526,0.8604761904761905,0.493260555037866,0.08915844869416298,0.2963728533371391,0.7305560788417931,0.8569729437229437,0.9012293560810438
f|spearman_abs|quotient|mean,mixed,0.5194687433263284,0.7703636363636364,0.4688864347365301,0.0,0.3468876780300929,0.7992956505951068,0.7985181818181818,0.7969137312073534
f|spearman_abs|quotient|mean,nonlinear,0.16665584415584414,0.6795454545454546,0.2506222943722944,0.051888528138528144,0.5964258658008658,0.2940584415584415,0.4499323593073593,0.8245893482006584
f|spearman_abs|quotient|sum,linear,0.4238892892821464,0.8604761904761905,0.49979528687932046,0.09141395509252652,0.2865218353075496,0.7305560788417931,0.8569729437229437,0.9015571139850256
f|spearman_abs|quotient|sum,mixed,0.5280751586442982,0.7615757575757576,0.47332159251469813,0.0,0.33566654409740443,0.7988965985310679,0.7983515151515153,0.796088392687749
f|spearman_abs|quotient|sum,nonlinear,0.16627164502164501,0.6625,0.24896103896103897,0.051666666666666666,0.595,0.29363906926406924,0.44949945887445886,0.8138311393158818
mi|distance_corr|difference|max,linear,0.4172857142857143,0.4554761904761904,0.3997071737786023,0.0017142857142857146,0.1633095238095238,0.465675024710739,0.6374437229437229,0.8363345292425728
mi|distance_corr|difference|max,mixed,0.5251060606060606,0.4241212121212121,0.3347868475953057,0.0,0.2561818181818182,0.7052134199134199,0.626474025974026,0.7227672240945195
mi|distance_corr|difference|max,nonlinear,0.3453977272727273,0.6863636363636364,0.4175757575757576,0.0993371212121212,0.3027840909090909,0.5900622294372295,0.730857683982684,0.8478655501178851
mi|distance_corr|difference|mean,linear,0.429452380952381,0.5083333333333333,0.42664801071943925,0.028726190476190478,0.11630952380952382,0.48057762079190647,0.6652619047619047,0.8391810705044059
mi|distance_corr|difference|mean,mixed,0.5762424242424242,0.46399999999999997,0.3685734184141732,0.0,0.20442424242424242,0.7062942760942761,0.6602909090909092,0.7367750472623307
mi|distance_corr|difference|mean,nonlinear,0.34759469696969697,0.6988636363636364,0.4225108225108225,0.0993371212121212,0.2987689393939394,0.5945752164502165,0.7405167748917749,0.8508236500402425
mi|distance_corr|difference|sum,linear,0.4085833333333333,0.4416666666666667,0.38680664573521717,0.0017142857142857146,0.16725,0.45924959299959306,0.62933658008658,0.8276479843308464
mi|distance_corr|difference|sum,mixed,0.5278030303030303,0.42600000000000005,0.33658027841034477,0.0,0.2532424242424242,0.7050303511303511,0.6285212121212121,0.7227227031152352
mi|distance_corr|difference|sum,nonlinear,0.36873106060606065,0.6909090909090909,0.44165584415584414,0.04232954545454545,0.3140909090909091,0.5902624458874459,0.730478896103896,0.8517385120847438
mi|distance_corr|multiplicative|max,linear,0.4104675562532706,0.5780952380952381,0.42882633892717925,0.03531004709576138,0.19108071690214545,0.49107614739757594,0.6654718614718614,0.8657966031878883
mi|distance_corr|multiplicative|max,mixed,0.6252619047619048,0.6046666666666667,0.45492053382646064,0.0,0.17603679653679655,0.7568517882195374,0.7449194805194805,0.7736289285743561
mi|distance_corr|multiplicative|max,nonlinear,0.36056818181818184,0.7795454545454545,0.4558441558441559,0.01829545454545455,0.344375,0.6195752164502164,0.7713879870129869,0.8730285145421492
mi|distance_corr|multiplicative|mean,linear,0.4078839612768184,0.6826190476190476,0.46415847108074,0.10861891679748822,0.13172174254317112,0.5265827109398538,0.7218636363636364,0.8589574829014769
mi|distance_corr|multiplicative|mean,mixed,0.6443528138528138,0.658060606060606,0.49247725760341043,0.0,0.17046103896103898,0.7785435774586492,0.7839038961038961,0.7738203769723278
mi|distance_corr|multiplicative|mean,nonlinear,0.33168560606060604,0.7875,0.4284199134199135,0.09592803030303029,0.3298106060606061,0.6228896103896103,0.774702380952381,0.8730903203212318
mi|distance_corr|multiplicative|sum,linear,0.4053613291470434,0.5714285714285714,0.4222978317201006,0.02299686028257457,0.20958712715855574,0.4871441442155727,0.6565324675324675,0.8637001313769045
mi|distance_corr|multiplicative|sum,mixed,0.5695649350649351,0.5747878787878787,0.4171767017859779,0.0,0.22893073593073593,0.7301636774780795,0.6933428571428571,0.7649312633705045
mi|distance_corr|multiplicative|sum,nonlinear,0.3613257575757575,0.775,0.45448051948051943,0.011931818181818182,0.35073863636363634,0.6176812770562771,0.7694940476190476,0.8728335645120692
mi|distance_corr|quotient|max,linear,0.3974945570302713,0.75,0.48034141465443986,0.0854592907092907,0.2343676442605014,0.551654464583036,0.7396948051948051,0.9039213580458438
mi|distance_corr|quotient|max,mixed,0.5207556703692646,0.694060606060606,0.468218702822833,0.0,0.3243193657057714,0.7453884831533281,0.74078658008658,0.7914273894412119
mi|distance_corr|quotient|max,nonlinear,0.3033387445887446,0.8045454545454546,0.4034920634920635,0.07890692640692641,0.4123511904761905,0.6252570346320346,0.7755546536796537,0.8775015858797511
mi|distance_corr|quotient|mean,linear,0.3959192513835371,0.7980952380952381,0.48950675235129015,0.10519182801325658,0.22261586825872542,0.5685530646602075,0.7646125541125541,0.903013930537485
mi|distance_corr|quotient|mean,mixed,0.5416730083641926,0.7415151515151515,0.49941369907857486,0.0,0.3063933697021855,0.7689730471400347,0.7815095238095238,0.7929631177870683
mi|distance_corr|quotient|mean,nonlinear,0.3049296536796537,0.8090909090909091,0.4055050505050505,0.07803571428571429,0.41278679653679656,0.6313176406926407,0.7818046536796538,0.8778708003806588
mi|distance_corr|quotient|sum,linear,0.43260701203558344,0.7390476190476191,0.5076559584206644,0.10009576138147568,0.15723547880690736,0.5554393582607868,0.7508538961038962,0.9025306453752765
mi|distance_corr|quotient|sum,mixed,0.5610291879837335,0.656,0.45636492503715953,0.0,0.2730559491014037,0.7515902040551938,0.7540411255411256,0.7887122513501896
mi|distance_corr|quotient|sum,nonlinear,0.32638257575757573,0.8090909090909091,0.4278463203463203,0.0874810606060606,0.3667234848484849,0.6313176406926407,0.7825622294372294,0.8785285529351778
mi|mutual_info_sklearn|difference|max,linear,0.3979472789115646,0.475,0.40169210154924445,0.002285714285714286,0.20798979591836733,0.46806478574335714,0.6356883116883116,0.8617249668392726
mi|mutual_info_sklearn|difference|max,mixed,0.5980887445887446,0.48963636363636365,0.4089553631001703,0.0,0.2824718614718615,0.726896127946128,0.6764017316017317,0.7518405204221569
mi|mutual_info_sklearn|difference|max,nonlinear,0.35731060606060605,0.5443181818181818,0.3945851370851371,0.00625,0.41240530303030304,0.5277083333333333,0.6379058441558442,0.8563449192667552
mi|mutual_info_sklearn|difference|mean,linear,0.3928339002267574,0.4823809523809523,0.3997689453403739,0.014287414965986395,0.2044750566893424,0.4712363218791791,0.6362532467532468,0.8634378145782365
mi|mutual_info_sklearn|difference|mean,mixed,0.6443577676974807,0.5268484848484848,0.44339050591903156,0.0,0.21923314139342848,0.7364323249893824,0.7054268398268398,0.7629690215087751
mi|mutual_info_sklearn|difference|mean,nonlinear,0.36763257575757574,0.5977272727272728,0.4120292207792208,0.02710227272727273,0.38049242424242424,0.5371861471861472,0.6688176406926407,0.8600744125475838
mi|mutual_info_sklearn|difference|sum,linear,0.3945714285714286,0.46547619047619043,0.39563894042465475,0.002285714285714286,0.20721428571428574,0.4659911186696901,0.6301623376623376,0.85938024696977
mi|mutual_info_sklearn|difference|sum,mixed,0.5888484848484848,0.47884848484848486,0.3971150256692052,0.0,0.2917121212121212,0.7234670995670995,0.6683805194805195,0.7440879370940238
mi|mutual_info_sklearn|difference|sum,nonlinear,0.35831439393939396,0.5431818181818182,0.395530303030303,0.005965909090909091,0.4090340909090909,0.5280573593073593,0.6401109307359307,0.8585996045316064
mi|mutual_info_sklearn|multiplicative|max,linear,0.40839586603872313,0.5716666666666667,0.42581743956323787,0.022470957613814756,0.20704997383568813,0.4878022123379266,0.6577142857142857,0.8665468139233071
mi|mutual_info_sklearn|multiplicative|max,mixed,0.651523088023088,0.5894545454545455,0.47697924153358,0.0,0.21335425685425685,0.7582343164997295,0.7280160173160173,0.7805349639054877
mi|mutual_info_sklearn|multiplicative|max,nonlinear,0.3465151515151515,0.6011363636363637,0.3911363636363636,0.01465909090909091,0.41640151515151513,0.5286255411255412,0.6293154761904762,0.8735894042412043
mi|mutual_info_sklearn|multiplicative|mean,linear,0.4130423861852433,0.5842857142857143,0.43299451249031085,0.06078963893249607,0.1558732339089482,0.4913111848468991,0.6721028138528138,0.8657781303945954
mi|mutual_info_sklearn|multiplicative|mean,mixed,0.6596531801531801,0.6345454545454545,0.5101239806379545,0.0,0.19581290931290932,0.7748151432960504,0.7711991341991342,0.7813600983053255
mi|mutual_info_sklearn|multiplicative|mean,nonlinear,0.3489015151515152,0.6102272727272727,0.39538961038961035,0.02556818181818182,0.39708333333333334,0.535443722943723,0.6493912337662339,0.8739437233184
mi|mutual_info_sklearn|multiplicative|sum,linear,0.40682443746729463,0.5702380952380952,0.4240482087940071,0.022756671899529044,0.20785949764521194,0.4867153032153032,0.6566839826839826,0.8656203155879469
mi|mutual_info_sklearn|multiplicative|sum,mixed,0.6385620490620492,0.5753333333333334,0.45893103889312453,0.0,0.22631529581529583,0.7477394111059839,0.7106584415584416,0.7788750949699377
mi|mutual_info_sklearn|multiplicative|sum,nonlinear,0.34689393939393937,0.6011363636363637,0.39151515151515154,0.01465909090909091,0.4160227272727273,0.5286255411255412,0.6293154761904762,0.8735906799471018
mi|mutual_info_sklearn|quotient|max,linear,0.32193993308279023,0.6528571428571428,0.3980400990232923,0.056876888984031836,0.35887854209282777,0.4665107960822247,0.6329480519480519,0.8904813394885707
mi|mutual_info_sklearn|quotient|max,mixed,0.4910798413817527,0.6941818181818182,0.46267569205010955,0.0,0.3913674890655778,0.7415870689664598,0.7198818181818182,0.7882810957259598
mi|mutual_info_sklearn|quotient|max,nonlinear,0.28066017316017317,0.740909090909091,0.36800144300144305,0.06566017316017315,0.4746482683982684,0.5537608225108225,0.6817775974025975,0.8754470170258574
mi|mutual_info_sklearn|quotient|mean,linear,0.3222562080776366,0.7147619047619047,0.408554510615435,0.07789498596641455,0.3450006184291899,0.47276065204636636,0.6406904761904763,0.8903563308270074
mi|mutual_info_sklearn|quotient|mean,mixed,0.49209643492153726,0.7368484848484849,0.47895587124031347,0.0,0.38960053477543244,0.7445711534656991,0.7256688311688312,0.7873123033774508
mi|mutual_info_sklearn|quotient|mean,nonlinear,0.2796617965367965,0.7511363636363636,0.36882395382395383,0.06412608225108225,0.4770643939393939,0.5531926406926406,0.6792613636363637,0.8743508946494627
mi|mutual_info_sklearn|quotient|sum,linear,0.3166591662305948,0.63,0.3899122040424562,0.054958006279434854,0.3620019187162044,0.4616824009324009,0.6277662337662337,0.8890873045454408
mi|mutual_info_sklearn|quotient|sum,mixed,0.47782343279824274,0.6511515151515151,0.43134334066385255,0.0,0.40123861626380625,0.7362901766232912,0.706465367965368,0.7857183083024996
mi|mutual_info_sklearn|quotient|sum,nonlinear,0.2833414502164502,0.7340909090909091,0.3703625541125541,0.06015963203463203,0.47107413419913424,0.5499729437229437,0.6751893939393939,0.875666584500351
mi|pearson_abs|difference|max,linear,0.42790476190476184,0.48642857142857143,0.42208234622520335,0.0012857142857142856,0.17386904761904762,0.48282248967963254,0.6519329004329004,0.8507639898064305
mi|pearson_abs|difference|max,mixed,0.5316818181818183,0.46860606060606064,0.3595577499470166,0.0,0.2619090909090909,0.7116862914862915,0.6548385281385282,0.7260383204910784
mi|pearson_abs|difference|max,nonlinear,0.3466477272727273,0.7477272727272727,0.43964285714285717,0.10520833333333333,0.28840909090909095,0.6147754329004329,0.7658955627705628,0.8525483296778225
mi|pearson_abs|difference|mean,linear,0.4352619047619048,0.5459523809523809,0.4477420436706151,0.03348129251700681,0.13180952380952382,0.49974210709925,0.6830173160173161,0.8517280928991033
mi|pearson_abs|difference|mean,mixed,0.569530303030303,0.5007878787878788,0.3887613039959626,0.0,0.22549999999999998,0.7120882635882636,0.6779346320346321,0.7413756491685282
mi|pearson_abs|difference|mean,nonlinear,0.34331439393939395,0.7488636363636364,0.4360606060606061,0.10486742424242423,0.29585227272727277,0.6154410173160173,0.7670319264069265,0.8535396152782034
mi|pearson_abs|difference|sum,linear,0.4251547619047619,0.475,0.4147328861614576,0.0015714285714285715,0.17332142857142857,0.47785204081632654,0.6444945887445888,0.8453865442722455
mi|pearson_abs|difference|sum,mixed,0.5328939393939394,0.4624848484848485,0.35645536456649285,0.0,0.2550909090909091,0.7102748917748918,0.6538636363636363,0.7252891759629941
mi|pearson_abs|difference|sum,nonlinear,0.35130681818181814,0.7431818181818182,0.44316017316017314,0.09403409090909091,0.2877272727272727,0.6130357142857142,0.7635281385281385,0.8511584140359505
mi|pearson_abs|multiplicative|max,linear,0.40991143380429096,0.575952380952381,0.42818577361014337,0.03389678178963893,0.19189704343275774,0.49060471671185957,0.6649512987012987,0.8657168407166868
mi|pearson_abs|multiplicative|max,mixed,0.6319155844155845,0.6187272727272728,0.46147363803738245,0.0,0.17897186147186148,0.7579756677120313,0.7484385281385282,0.7748022577876047
mi|pearson_abs|multiplicative|max,nonlinear,0.3653030303030303,0.7965909090909091,0.46675324675324675,0.01784090909090909,0.3434090909090909,0.6192911255411255,0.774986471861472,0.8702407085270102
mi|pearson_abs|multiplicative|mean,linear,0.40733974358974356,0.6821428571428572,0.4641542694000677,0.1087889848246991,0.13110949764521193,0.5279293444650587,0.7232792207792208,0.8593234359968144
mi|pearson_abs|multiplicative|mean,mixed,0.6456698663655185,0.6672727272727272,0.4990839634455421,0.0,0.17000545830980615,0.7798612480301254,0.7866099567099567,0.7742450340738287
mi|pearson_abs|multiplicative|mean,nonlinear,0.3335795454545455,0.7965909090909091,0.43432900432900434,0.09573863636363636,0.32895833333333335,0.6192911255411255,0.774986471861472,0.8702858549709018
mi|pearson_abs|multiplicative|sum,linear,0.407705389848247,0.5719047619047619,0.42534124908704746,0.022470957613814756,0.20737140240711668,0.4882097214954358,0.6580292207792208,0.8657141042450235
mi|pearson_abs|multiplicative|sum,mixed,0.5797034632034632,0.5896363636363636,0.42602614325017474,0.0,0.2292900432900433,0.7325921485999364,0.7002463203463204,0.7691771617500168
mi|pearson_abs|multiplicative|sum,nonlinear,0.3653030303030303,0.7965909090909091,0.46675324675324675,0.011931818181818182,0.3493181818181818,0.6192911255411255,0.774986471861472,0.8701915190575237
mi|pearson_abs|quotient|max,linear,0.3838715847644419,0.7511904761904763,0.46919526715114945,0.07707515500372643,0.2768653766868053,0.5520315081743653,0.7365227272727272,0.899383616092958
mi|pearson_abs|quotient|max,mixed,0.49248580139750825,0.696060606060606,0.4590138287367028,0.0,0.3548763919646851,0.7406230061938732,0.7343095238095239,0.7875638731601653
mi|pearson_abs|quotient|max,nonlinear,0.30051677489177486,0.8045454545454546,0.4019372294372295,0.0767288961038961,0.41606331168831173,0.6161661255411256,0.7679518398268398,0.8762982998893136
mi|pearson_abs|quotient|mean,linear,0.3847313321599036,0.7928571428571428,0.47700577457090065,0.08870338391766963,0.26738270856128,0.5644919485276628,0.754530303030303,0.8997207385983115
mi|pearson_abs|quotient|mean,mixed,0.4969059847804715,0.7390909090909091,0.4785689509563933,0.0,0.3537318218573351,0.748015905690945,0.7485818181818182,0.788207116974329
mi|pearson_abs|quotient|mean,nonlinear,0.2958820346320346,0.803409090909091,0.3969408369408369,0.07512445887445887,0.4254220779220779,0.6161661255411256,0.7678571428571429,0.8746755268015871
mi|pearson_abs|quotient|sum,linear,0.4095850577993435,0.7371428571428571,0.49006444116107983,0.07943826808112522,0.22926799787514074,0.5555390522176237,0.7446677489177489,0.9002894668486315
mi|pearson_abs|quotient|sum,mixed,0.492509460236733,0.6543636363636364,0.4308851903814154,0.0,0.3484068456795729,0.7374357730688285,0.7271839826839828,0.7846336653999066
mi|pearson_abs|quotient|sum,nonlinear,0.308219696969697,0.8045454545454546,0.4105447330447331,0.0803030303030303,0.3993371212121212,0.6161661255411256,0.7682359307359308,0.8767072583625174
mi|spearman_abs|difference|max,linear,0.42591666666666667,0.4857142857142857,0.42013122591694024,0.0012857142857142856,0.17654761904761904,0.4805567038781325,0.6507121212121212,0.8533603982317345
mi|spearman_abs|difference|max,mixed,0.5387878787878787,0.47951515151515156,0.3700553916892268,0.0,0.2662878787878788,0.7198111111111111,0.6617757575757576,0.7255985280636124
mi|spearman_abs|difference|max,nonlinear,0.3448295454545454,0.7465909090909091,0.4391017316017316,0.10471590909090908,0.28857954545454545,0.6073024891774891,0.7626758658008658,0.8482431989766852
mi|spearman_abs|difference|mean,linear,0.43240986394557823,0.5461904761904761,0.4453468357039786,0.0342125850340136,0.13609183673469388,0.4957085731728589,0.6787132034632034,0.8541017085853243
mi|spearman_abs|difference|mean,mixed,0.5701991341991341,0.5099393939393939,0.3950091292867729,0.0,0.23537662337662338,0.7195787157287158,0.6837367965367965,0.7390380115138041
mi|spearman_abs|difference|mean,nonlinear,0.3391856060606061,0.7477272727272727,0.4333982683982684,0.10486742424242423,0.2980871212121212,0.6064285714285714,0.7586985930735931,0.8513322562145546
mi|spearman_abs|difference|sum,linear,0.424047619047619,0.4702380952380953,0.4118564292850007,0.0012857142857142856,0.1717857142857143,0.47345270073841506,0.6425054112554113,0.8466129771564526
mi|spearman_abs|difference|sum,mixed,0.5390454545454546,0.47860606060606065,0.37086635211010116,0.0,0.26530303030303026,0.7195347763347764,0.6626151515151515,0.7247894274508665
mi|spearman_abs|difference|sum,nonlinear,0.3495265151515151,0.7465909090909091,0.44378787878787884,0.09554924242424243,0.2870643939393939,0.6067261904761905,0.7601190476190477,0.8514586183165528
mi|spearman_abs|multiplicative|max,linear,0.4106257195185766,0.5766666666666667,0.4289000593244291,0.03389678178963893,0.19189704343275774,0.4908258566829995,0.665426406926407,0.8662087124004254
mi|spearman_abs|multiplicative|max,mixed,0.6301277056277056,0.6185454545454545,0.4611481783124012,0.0,0.1825779220779221,0.757957246513447,0.7474744588744588,0.7727454034604185
mi|spearman_abs|multiplicative|max,nonlinear,0.3653030303030303,0.7965909090909091,0.46675324675324675,0.01829545454545455,0.34295454545454546,0.6153138528138529,0.7730925324675324,0.8697425296936645
mi|spearman_abs|multiplicative|mean,linear,0.4078159340659341,0.6830952380952381,0.46482093606673436,0.10926517530088958,0.13110949764521193,0.5274439964797107,0.7230238095238095,0.8595282222020143
mi|spearman_abs|multiplicative|mean,mixed,0.647620818575364,0.6664242424242425,0.500147572353644,0.0,0.16926662731208184,0.7809054770351944,0.7876419913419913,0.7729596686945148
mi|spearman_abs|multiplicative|mean,nonlinear,0.33346590909090906,0.7965909090909091,0.4341774891774892,0.09562499999999999,0.32929924242424247,0.6153138528138529,0.7730925324675324,0.8697524061771202
mi|spearman_abs|multiplicative|sum,linear,0.4080115122972266,0.5735714285714286,0.42598830791057685,0.022777080062794348,0.20798364730507587,0.48868024303738583,0.6585865800865801,0.8663000396474176
mi|spearman_abs|multiplicative|sum,mixed,0.5759004329004329,0.5959393939393939,0.4296225383489622,0.0,0.2349112554112554,0.73222667083156,0.6992489177489177,0.7653458406277428
mi|spearman_abs|multiplicative|sum,nonlinear,0.36492424242424243,0.7954545454545454,0.4660714285714286,0.011931818181818182,0.3493181818181818,0.6148403679653679,0.7726190476190476,0.8690646251181297
mi|spearman_abs|quotient|max,linear,0.380257536114679,0.7423809523809524,0.46381698623505346,0.07666967159824303,0.27659646306074875,0.5422332046260617,0.7271190476190476,0.9001527181102887
mi|spearman_abs|quotient|max,mixed,0.49246372219107115,0.7020000000000001,0.46154911666308335,0.0,0.36244969772234875,0.742591437726678,0.7367203463203463,0.7852945443499085
mi|spearman_abs|quotient|max,nonlinear,0.3010091991341991,0.8068181818181818,0.4028246753246753,0.07252435064935064,0.4254193722943723,0.617775974025974,0.7726190476190476,0.8711918671762983
mi|spearman_abs|quotient|mean,linear,0.3792703407703408,0.7857142857142857,0.4702720510115468,0.08833703201560344,0.269273631130774,0.556139602461031,0.7471666666666666,0.8999403967276133
mi|spearman_abs|quotient|mean,mixed,0.49529824252427457,0.7411515151515151,0.4790857134582783,0.0,0.36339151216548016,0.7495930512653963,0.7490904761904762,0.7869243857126895
mi|spearman_abs|quotient|mean,nonlinear,0.29851461038961036,0.8079545454545455,0.3998051948051948,0.07211309523809524,0.4309145021645021,0.6178706709956711,0.7728084415584415,0.8709222315199788
mi|spearman_abs|quotient|sum,linear,0.4049926541712256,0.7283333333333333,0.4834065672889203,0.07994677148248577,0.2280780885780886,0.5468903913546771,0.7372629870129871,0.9001350547416631
mi|spearman_abs|quotient|sum,mixed,0.4896450569632388,0.6587878787878787,0.4312926838714965,0.0,0.3629278146096328,0.7401425298300023,0.7288536796536796,0.7826253444422814
mi|spearman_abs|quotient|sum,nonlinear,0.3099431818181818,0.8090909090909091,0.41287878787878785,0.07755681818181819,0.4057007575757576,0.6178706709956711,0.7731872294372295,0.872780262509652
pearson|distance_corr|difference|max,linear,0.6457738095238096,0.725952380952381,0.6468722230150802,0.0007142857142857143,0.15548809523809523,0.7018011948369092,0.8134805194805194,0.9083416557596752
pearson|distance_corr|difference|max,mixed,0.6681515151515152,0.4717575757575757,0.43383512475114755,0.0,0.1869090909090909,0.7277880711880712,0.6768181818181818,0.7727907644628356
pearson|distance_corr|difference|max,nonlinear,0.10450757575757576,0.23068181818181818,0.11874819624819626,0.007386363636363636,0.5408522727272728,0.23782738095238093,0.40464015151515154,0.5870603032533982
pearson|distance_corr|difference|mean,linear,0.5707040816326531,0.8302380952380952,0.6306923076923077,0.09726700680272109,0.0788095238095238,0.7255881301238444,0.8530974025974025,0.9057937350397595
pearson|distance_corr|difference|mean,mixed,0.725315168085503,0.5495151515151515,0.5100544690459018,0.0,0.13513937736904244,0.7510542444815276,0.7342203463203464,0.7766759751090522
pearson|distance_corr|difference|mean,nonlinear,0.10704545454545455,0.2375,0.12235209235209235,0.007386363636363636,0.5399242424242424,0.24077922077922076,0.4090503246753247,0.5943602937625787
pearson|distance_corr|difference|sum,linear,0.645952380952381,0.7202380952380952,0.6439324485038771,0.0007142857142857143,0.15217857142857144,0.699533621140764,0.8108300865800865,0.9075331464067405
pearson|distance_corr|difference|sum,mixed,0.6235909090909091,0.44757575757575757,0.3990336926197398,0.0,0.23224242424242425,0.7175753246753247,0.6491774891774892,0.7661753753711145
pearson|distance_corr|difference|sum,nonlinear,0.1052651515151515,0.23295454545454544,0.1198845598845599,0.007386363636363636,0.5401704545454545,0.2382494588744589,0.40675054112554115,0.589385824981018
pearson|distance_corr|multiplicative|max,linear,0.5728434065934066,0.7426190476190476,0.5947684360457469,0.012662087912087911,0.22123717948717947,0.7008555928198785,0.8035281385281385,0.9075304640270748
pearson|distance_corr|multiplicative|max,mixed,0.6478559484109724,0.6213939393939394,0.5081409468589969,0.0,0.20418878463376072,0.7749558272027991,0.7422099567099567,0.79294940257045
pearson|distance_corr|multiplicative|max,nonlinear,0.12070075757575757,0.37386363636363634,0.16001082251082252,0.022291666666666668,0.573409090909091,0.25160984848484846,0.39176136363636366,0.6731420847953352
pearson|distance_corr|multiplicative|mean,linear,0.5028244374672945,0.8559523809523809,0.5814174180161575,0.1228621140763998,0.1350136926565498,0.7173151491365777,0.8418852813852813,0.9042656024520038
pearson|distance_corr|multiplicative|mean,mixed,0.675717045000744,0.7138787878787879,0.5747682604350842,0.0,0.1746538063701073,0.801013180825743,0.8064666666666667,0.7940427827507031
pearson|distance_corr|multiplicative|mean,nonlinear,0.1272159090909091,0.4090909090909091,0.170988455988456,0.029829545454545456,0.556155303030303,0.261896645021645,0.436620670995671,0.6871288058498989
pearson|distance_corr|multiplicative|sum,linear,0.5804658555729983,0.7407142857142858,0.5991111731405849,0.009034536891679748,0.21705350601779172,0.7004623352837639,0.8056796536796537,0.9073391177030928
pearson|distance_corr|multiplicative|sum,mixed,0.5690656565656566,0.5476969696969697,0.42152313510665385,0.0,0.2845656565656566,0.7263483674772603,0.6527030303030303,0.782313240595011
pearson|distance_corr|multiplicative|sum,nonlinear,0.12051136363636364,0.37386363636363634,0.15978354978354978,0.02085227272727273,0.575625,0.24964826839826837,0.38513257575757576,0.6713673170837624
pearson|distance_corr|quotient|max,linear,0.42966865277579563,0.8421428571428572,0.5002470526672207,0.07250952618809761,0.3117169536812394,0.7147156692513835,0.8299967532467533,0.9049579961948402
pearson|distance_corr|quotient|max,mixed,0.5016231513583682,0.7052727272727273,0.451847639666786,0.0,0.38774192800671115,0.7632501597663968,0.7306926406926407,0.7940940821969528
pearson|distance_corr|quotient|max,nonlinear,0.14076028138528138,0.5034090909090909,0.20529761904761906,0.026268939393939393,0.6501433982683983,0.2706547619047619,0.3637175324675325,0.7668814973829318
pearson|distance_corr|quotient|mean,linear,0.43435286142429,0.8590476190476191,0.5074684717709927,0.0824251145679717,0.2916246927675499,0.7408596720739578,0.8662045454545455,0.905441759736428
pearson|distance_corr|quotient|mean,mixed,0.5234696580824852,0.7532727272727273,0.4709454983381119,0.0,0.3535115828987557,0.7852715011349776,0.7761783549783551,0.7946971221855026
pearson|distance_corr|quotient|mean,nonlinear,0.15496212121212122,0.6011363636363637,0.230748556998557,0.034577922077922076,0.6309496753246753,0.27643398268398267,0.3862012987012987,0.7918819820984995
pearson|distance_corr|quotient|sum,linear,0.48177558156129585,0.8576190476190477,0.5593114133765394,0.09842890442890442,0.20585939457368027,0.740630080237223,0.865814935064935,0.9069567828011054
pearson|distance_corr|quotient|sum,mixed,0.5671337601792148,0.6733939393939394,0.46515429501339467,0.0,0.30921544616999164,0.7729459018404174,0.7624151515151515,0.7936014234614175
pearson|distance_corr|quotient|sum,nonlinear,0.14515151515151514,0.4659090909090909,0.20537518037518038,0.025113636363636366,0.6327840909090909,0.2738474025974026,0.39226190476190476,0.7533456062372713
pearson|mutual_info_sklearn|difference|max,linear,0.5858174603174603,0.7121428571428572,0.6011508491508492,0.0007142857142857143,0.21937755102040818,0.6874304465375894,0.7954816017316018,0.9075786166319643
pearson|mutual_info_sklearn|difference|max,mixed,0.6543369307460216,0.542060606060606,0.482294458736047,0.0,0.2114206450115541,0.7582080569262387,0.7180939393939394,0.7912870354629324
pearson|mutual_info_sklearn|difference|max,nonlinear,0.1123917748917749,0.2772727272727273,0.14037518037518038,0.007386363636363636,0.5933279220779221,0.24936688311688313,0.4028814935064935,0.641728381227774
pearson|mutual_info_sklearn|difference|mean,linear,0.5656180248323105,0.7271428571428571,0.5876483745013157,0.027090017125731412,0.18738212581069727,0.6898086516657945,0.7967272727272726,0.9076016341150801
pearson|mutual_info_sklearn|difference|mean,mixed,0.6634110948658659,0.6207272727272727,0.5413870923980064,0.0,0.20575340729863617,0.7830280980203951,0.7585004329004329,0.7929665769595835
pearson|mutual_info_sklearn|difference|mean,nonlinear,0.11461309523809524,0.30227272727272725,0.14576118326118326,0.007670454545454545,0.5959983766233766,0.2534875541125541,0.4046266233766234,0.6624624356135874
pearson|mutual_info_sklearn|difference|sum,linear,0.5921139455782313,0.7121428571428572,0.6067247197247198,0.0007142857142857143,0.211828231292517,0.6874304465375894,0.7965573593073594,0.907787388569856
pearson|mutual_info_sklearn|difference|sum,mixed,0.6241731601731603,0.503030303030303,0.43980429490653017,0.0,0.24000865800865798,0.7413175324675324,0.6896354978354978,0.7800517860511739
pearson|mutual_info_sklearn|difference|sum,nonlinear,0.1114258658008658,0.2727272727272727,0.13943001443001443,0.007670454545454545,0.5924756493506493,0.24912878787878787,0.4040449134199134,0.6397604255147226
pearson|mutual_info_sklearn|multiplicative|max,linear,0.5794624542124542,0.7502380952380951,0.6012103909162733,0.00934065934065934,0.2317967032967033,0.7038843101343101,0.8072932900432901,0.9080560590297398
pearson|mutual_info_sklearn|multiplicative|max,mixed,0.638376092509923,0.6237575757575757,0.5102159638061643,0.0,0.23380644717261662,0.7750202124640488,0.7329432900432901,0.7932127571374152
pearson|mutual_info_sklearn|multiplicative|max,nonlinear,0.12323863636363637,0.38636363636363635,0.16546536796536795,0.014488636363636363,0.5928598484848485,0.26009199134199135,0.3987148268398269,0.6775992285965838
pearson|mutual_info_sklearn|multiplicative|mean,linear,0.5590000237857381,0.79,0.5979114200458738,0.06561122211122211,0.1610564950922094,0.7124242543171114,0.8255183982683982,0.9077846362173583
pearson|mutual_info_sklearn|multiplicative|mean,mixed,0.6529586343870397,0.6875757575757576,0.5523960384456993,0.0,0.21547138004297473,0.7928791671728845,0.7833251082251083,0.7938152307315951
pearson|mutual_info_sklearn|multiplicative|mean,nonlinear,0.12513257575757575,0.39545454545454545,0.16852092352092352,0.019147727272727275,0.5835984848484848,0.2628787878787879,0.408590367965368,0.6880645545194067
pearson|mutual_info_sklearn|multiplicative|sum,linear,0.5796529304029304,0.7497619047619049,0.6011242231158198,0.00934065934065934,0.23115384615384613,0.7036688906331763,0.8071417748917749,0.9081584838893224
pearson|mutual_info_sklearn|multiplicative|sum,mixed,0.6211539420175783,0.5945454545454546,0.48014231491195253,0.0,0.2510285976649613,0.7593000817685757,0.7023584415584415,0.7907574420151783
pearson|mutual_info_sklearn|multiplicative|sum,nonlinear,0.12323863636363637,0.38636363636363635,0.16546536796536795,0.014488636363636363,0.5928598484848485,0.26009199134199135,0.3987148268398269,0.6779022252465902
pearson|mutual_info_sklearn|quotient|max,linear,0.37379035250463827,0.7685714285714286,0.4403594524056709,0.043953760525189095,0.42564403453689165,0.6406845693988551,0.7311179653679654,0.8928155400413409
pearson|mutual_info_sklearn|quotient|max,mixed,0.4285084127724416,0.6736969696969698,0.4121519655317742,0.0,0.48563733037330153,0.7158109400357566,0.6535151515151515,0.7835843308985578
pearson|mutual_info_sklearn|quotient|max,nonlinear,0.13802218614718614,0.509090909090909,0.20443362193362194,0.018060064935064936,0.6653841991341991,0.26736201298701295,0.3683847402597403,0.7934999773342986
pearson|mutual_info_sklearn|quotient|mean,linear,0.37251883830455257,0.7928571428571428,0.4405434416190719,0.05031567242281528,0.4166567242281528,0.644552403945261,0.7335064935064936,0.8931766349438749
pearson|mutual_info_sklearn|quotient|mean,mixed,0.42566751795699165,0.6996363636363636,0.41519746269561075,0.0,0.47947101018153654,0.7162708902842102,0.6527939393939395,0.7836788501150791
pearson|mutual_info_sklearn|quotient|mean,nonlinear,0.143241341991342,0.5613636363636364,0.21502886002886004,0.027245670995670993,0.6560714285714286,0.26881222943722943,0.3625541125541125,0.8079748200119442
pearson|mutual_info_sklearn|quotient|sum,linear,0.3724507199150056,0.745,0.4369784375288577,0.04200069771498343,0.42241273805559515,0.6343410042338614,0.7256233766233766,0.8904715152427239
pearson|mutual_info_sklearn|quotient|sum,mixed,0.42682536843719965,0.6453333333333333,0.40119495295415714,0.0,0.48664505003321884,0.7127261415229422,0.6477090909090909,0.7830546721659329
pearson|mutual_info_sklearn|quotient|sum,nonlinear,0.13858225108225108,0.5125,0.2053679653679654,0.018587662337662337,0.6637148268398269,0.26726461038961036,0.3718208874458875,0.7932312764714954
pearson|pearson_abs|difference|max,linear,0.6341547619047618,0.7361904761904763,0.6432683506969221,0.00042857142857142866,0.17844047619047618,0.7057070905285191,0.8188474025974025,0.9086261193765348
pearson|pearson_abs|difference|max,mixed,0.5931601731601731,0.48339393939393943,0.4042320553200818,0.0,0.2503852813852814,0.7270965367965369,0.6715813852813852,0.7778553834274564
pearson|pearson_abs|difference|max,nonlinear,0.12375000000000001,0.2897727272727273,0.1492784992784993,0.015946969696969696,0.5413636363636364,0.251853354978355,0.4254058441558442,0.6331074938821544
pearson|pearson_abs|difference|mean,linear,0.5575324675324675,0.8388095238095238,0.6195322376036662,0.09911863533292103,0.1101288394145537,0.7331915227629513,0.8591471861471861,0.9070222451121478
pearson|pearson_abs|difference|mean,mixed,0.663601393406435,0.5896969696969696,0.4883947965762956,0.0,0.17936397455893296,0.7540195688889753,0.7399683982683982,0.7826769684610982
pearson|pearson_abs|difference|mean,nonlinear,0.11975378787878788,0.2761363636363636,0.14416847041847042,0.02346590909090909,0.5426704545454546,0.25413419913419916,0.4161525974025974,0.6400132300356716
pearson|pearson_abs|difference|sum,linear,0.6516309523809524,0.7338095238095238,0.6533641120783978,0.00028571428571428574,0.15530952380952381,0.7046141200069772,0.8187781385281385,0.9083710574107389
pearson|pearson_abs|difference|sum,mixed,0.5803787878787878,0.4552727272727273,0.38255688230281715,0.0,0.262939393939394,0.7200899711399711,0.6541645021645022,0.7755530629690189
pearson|pearson_abs|difference|sum,nonlinear,0.1143939393939394,0.25113636363636366,0.1346861471861472,0.017727272727272727,0.5406439393939394,0.2471888528138528,0.4128517316017316,0.6176407916343284
pearson|pearson_abs|multiplicative|max,linear,0.5806410256410256,0.755,0.6042980492896459,0.011554945054945056,0.22568956043956043,0.7102862811791383,0.8127781385281384,0.9081325409078214
pearson|pearson_abs|multiplicative|max,mixed,0.6306922869793683,0.6281212121212121,0.4968954173494123,0.0,0.19202055573347437,0.7774095479821032,0.7475727272727273,0.793271222991526
pearson|pearson_abs|multiplicative|max,nonlinear,0.12861742424242426,0.4022727272727273,0.17225108225108227,0.037518939393939396,0.5508901515151515,0.26620670995671,0.42817911255411256,0.69769928276618
pearson|pearson_abs|multiplicative|mean,linear,0.5066458660387232,0.8621428571428571,0.5858023659347188,0.12069714809000524,0.135938862724577,0.7263543519972092,0.850469696969697,0.9041670476060868
pearson|pearson_abs|multiplicative|mean,mixed,0.6596435677276511,0.7159393939393939,0.563146265004694,0.0,0.1718239647398814,0.8013278930011042,0.8071584415584416,0.7944344619437738
pearson|pearson_abs|multiplicative|mean,nonlinear,0.13547348484848484,0.4375,0.1836832611832612,0.03941287878787878,0.5425189393939395,0.2737012987012987,0.45999729437229436,0.7007322422090491
pearson|pearson_abs|multiplicative|sum,linear,0.5839267399267399,0.7545238095238095,0.6062436275209384,0.00934065934065934,0.22527289377289378,0.7104087380873095,0.815284632034632,0.9082720769054818
pearson|pearson_abs|multiplicative|sum,mixed,0.5583434343434344,0.5564242424242425,0.4161804577204285,0.0,0.26376551226551226,0.7288688158349378,0.6575376623376623,0.7853709561382326
pearson|pearson_abs|multiplicative|sum,nonlinear,0.12861742424242426,0.4022727272727273,0.17225108225108227,0.03770833333333333,0.5499431818181818,0.265530303030303,0.4264475108225108,0.6976581242882199
pearson|pearson_abs|quotient|max,linear,0.42147345511631223,0.8373809523809523,0.49146761595080923,0.06658427683427683,0.3466378304235447,0.7189835402692545,0.8215248917748917,0.8992512415632861
pearson|pearson_abs|quotient|max,mixed,0.43442618895455165,0.7189090909090908,0.42693949717736623,0.0,0.44275995823159553,0.7300233255878974,0.6910225108225109,0.7911253043168935
pearson|pearson_abs|quotient|max,nonlinear,0.16168019480519483,0.6102272727272727,0.23996392496392496,0.031582792207792205,0.6234767316017316,0.2896347402597403,0.41381222943722945,0.8124469405163671
pearson|pearson_abs|quotient|mean,linear,0.42985358688930114,0.8590476190476191,0.5020110685299761,0.06956805099662243,0.32706165263308123,0.7446262428048142,0.859038961038961,0.8996795556805596
pearson|pearson_abs|quotient|mean,mixed,0.43998499512445477,0.7345454545454545,0.42993103859217774,0.0,0.4345489154094558,0.7357239226218215,0.7062839826839827,0.7885386533246722
pearson|pearson_abs|quotient|mean,nonlinear,0.16466720779220778,0.6602272727272728,0.24698232323232325,0.04523538961038961,0.6117478354978355,0.2888636363636364,0.4076975108225108,0.8328990606355972
pearson|pearson_abs|quotient|sum,linear,0.45490779855065566,0.8571428571428571,0.5315253898762302,0.07950094746523317,0.2798849642421071,0.7444312314669458,0.8586709956709956,0.9009112235546827
pearson|pearson_abs|quotient|sum,mixed,0.455397518435219,0.6723636363636364,0.4160021463387434,0.0,0.4105058004680999,0.731653102416223,0.6998658008658009,0.7881420762953453
pearson|pearson_abs|quotient|sum,nonlinear,0.15481601731601732,0.5409090909090909,0.2247763347763348,0.040838744588744584,0.6163690476190476,0.28688041125541125,0.408008658008658,0.8093264630367534
pearson|spearman_abs|difference|max,linear,0.6461785714285714,0.7504761904761905,0.6548071373071374,0.00042857142857142866,0.18213095238095237,0.7236299930228502,0.8286082251082251,0.9083289069524968
pearson|spearman_abs|difference|max,mixed,0.592383116883117,0.4743636363636363,0.3961276265225336,0.0,0.2518593073593074,0.7241695526695526,0.6680207792207793,0.771437924995353
pearson|spearman_abs|difference|max,nonlinear,0.119375,0.2681818181818182,0.14213924963924965,0.04263257575757576,0.5271590909090909,0.24582521645021646,0.41443452380952384,0.6217310673965427
pearson|spearman_abs|difference|mean,linear,0.5592077922077922,0.843095238095238,0.6216089148946292,0.09772186147186147,0.11261667697381983,0.746265131693703,0.866103896103896,0.9063302240353813
pearson|spearman_abs|difference|mean,mixed,0.6514288175865998,0.5866060606060606,0.47809733563165063,0.0,0.18368373652595438,0.7525402330702845,0.7369147186147186,0.7777757360349286
pearson|spearman_abs|difference|mean,nonlinear,0.12104166666666667,0.2852272727272727,0.14744227994227996,0.0399810606060606,0.5350757575757575,0.25070887445887446,0.41883116883116883,0.6316996674189763
pearson|spearman_abs|difference|sum,linear,0.663345238095238,0.7504761904761905,0.6662459445316588,0.0005714285714285715,0.1621904761904762,0.7236299930228502,0.8290941558441559,0.9083316556609821
pearson|spearman_abs|difference|sum,mixed,0.5713939393939393,0.4512121212121212,0.37195118783774217,0.0,0.26833333333333337,0.7180119769119769,0.6515450216450217,0.7655773054420522
pearson|spearman_abs|difference|sum,nonlinear,0.11232954545454545,0.24545454545454545,0.13170634920634922,0.046193181818181814,0.5210984848484849,0.23994859307359306,0.4068452380952381,0.5981260654472229
pearson|spearman_abs|multiplicative|max,linear,0.5765815018315018,0.7502380952380951,0.600207211555951,0.011876373626373627,0.22453479853479852,0.7073244810744811,0.8090389610389609,0.9082154015658219
pearson|spearman_abs|multiplicative|max,mixed,0.6239439673517214,0.6223636363636363,0.48948958892694927,0.0,0.19569528228752828,0.7739542269784888,0.7422805194805195,0.7936307014047429
pearson|spearman_abs|multiplicative|max,nonlinear,0.12920454545454546,0.4011363636363636,0.17252886002886003,0.04185606060606061,0.5507954545454545,0.26743777056277057,0.4236877705627706,0.7021594596966608
pearson|spearman_abs|multiplicative|mean,linear,0.5052989272632129,0.8597619047619048,0.5840694004874677,0.12108150183150183,0.13611403279260423,0.7219200244200245,0.8461558441558441,0.9042585307680755
pearson|spearman_abs|multiplicative|mean,mixed,0.6559266061575193,0.715030303030303,0.5594265946838413,0.0,0.17251062327971015,0.8009324224619959,0.8065402597402597,0.7942151694030972
pearson|spearman_abs|multiplicative|mean,nonlinear,0.13642045454545454,0.43636363636363634,0.18444083694083696,0.04244318181818182,0.5414772727272728,0.2758008658008658,0.4605384199134199,0.7047799605675874
pearson|spearman_abs|multiplicative|sum,linear,0.5781529304029304,0.7497619047619049,0.6010439462498286,0.00934065934065934,0.22664194139194138,0.7074572847787134,0.8115984848484848,0.9080588379109042
pearson|spearman_abs|multiplicative|sum,mixed,0.5507806637806638,0.5554545454545454,0.41390659739962915,0.0,0.26886075036075036,0.7263763185166378,0.6528008658008657,0.7837973530263759
pearson|spearman_abs|multiplicative|sum,nonlinear,0.1296590909090909,0.4034090909090909,0.17332972582972586,0.042045454545454546,0.5500378787878788,0.2657061688311688,0.42076569264069263,0.7005008714390732
pearson|spearman_abs|quotient|max,linear,0.41358190618904905,0.8276190476190477,0.48265592087650916,0.06731819767534053,0.34771087642516213,0.6995546635903779,0.802974025974026,0.9004552615611422
pearson|spearman_abs|quotient|max,mixed,0.42882401912382256,0.7152121212121212,0.4229173457150678,0.0,0.44453961723981383,0.7242533945892292,0.6834757575757576,0.7883756131171294
pearson|spearman_abs|quotient|max,nonlinear,0.16035714285714284,0.6022727272727273,0.23760822510822513,0.03919372294372294,0.6106114718614718,0.28567911255411255,0.4115259740259741,0.8060119808091528
pearson|spearman_abs|quotient|mean,linear,0.41568702725845585,0.8433333333333334,0.4866151029176239,0.07038685520828378,0.3320368361796933,0.7129700854700854,0.8297597402597403,0.8996757021077706
pearson|spearman_abs|quotient|mean,mixed,0.439635461868434,0.7337575757575757,0.4297491923436985,0.0,0.4348623736294015,0.7343150004174451,0.705048051948052,0.7887209540420331
pearson|spearman_abs|quotient|mean,nonlinear,0.16609577922077923,0.6670454545454545,0.24941558441558442,0.045100108225108224,0.6049648268398268,0.290465367965368,0.42750270562770565,0.8068442089040931
pearson|spearman_abs|quotient|sum,linear,0.44099355406498264,0.8414285714285714,0.516432902065255,0.08116529502243788,0.28346706071706074,0.7127036455607884,0.8292835497835498,0.9011296770805185
pearson|spearman_abs|quotient|sum,mixed,0.45232466136643074,0.669030303030303,0.41340731860897556,0.0,0.4134112693695,0.7300384406242214,0.6978636363636364,0.7881290176312113
pearson|spearman_abs|quotient|sum,nonlinear,0.15978896103896106,0.5681818181818182,0.23337121212121212,0.03783549783549784,0.6081358225108224,0.28798701298701296,0.42747564935064936,0.7681345483302903
spearman|distance_corr|difference|max,linear,0.6180119047619048,0.6988095238095238,0.621088887303173,0.0008571428571428573,0.1554047619047619,0.6702672684458398,0.7930638528138528,0.9086399632134569
spearman|distance_corr|difference|max,mixed,0.7121818181818181,0.5123636363636364,0.47327433348443304,0.0,0.17695454545454545,0.7605024531024531,0.7143324675324676,0.7745871877625039
spearman|distance_corr|difference|max,nonlinear,0.19464015151515152,0.35454545454545455,0.21845238095238095,0.005965909090909091,0.45988636363636365,0.33936147186147186,0.5036796536796537,0.7350818367176257
spearman|distance_corr|difference|mean,linear,0.5540935374149659,0.8161904761904762,0.6165395556824128,0.10108503401360544,0.07593197278911565,0.6971285975928833,0.8367337662337663,0.9058017207237502
spearman|distance_corr|difference|mean,mixed,0.7504657187344934,0.5804848484848485,0.5409335444254175,0.0,0.1344736752049005,0.78121145866823,0.7593021645021645,0.7764699297509889
spearman|distance_corr|difference|mean,nonlinear,0.191875,0.35,0.21494588744588744,0.005965909090909091,0.4637121212121212,0.33886093073593077,0.4994047619047619,0.7335995952966053
spearman|distance_corr|difference|sum,linear,0.6166904761904762,0.6888095238095238,0.615644141572713,0.0008571428571428573,0.1502857142857143,0.6663862288505146,0.7887662337662338,0.9069541230326429
spearman|distance_corr|difference|sum,mixed,0.6718636363636363,0.48787878787878786,0.43748278522595546,0.0,0.21731818181818183,0.7500939393939394,0.6860108225108225,0.7731288799770567
spearman|distance_corr|difference|sum,nonlinear,0.1953409090909091,0.35795454545454547,0.219476911976912,0.00625,0.45899621212121217,0.3379951298701299,0.5005681818181819,0.734322643094276
spearman|distance_corr|multiplicative|max,linear,0.5470134746206174,0.7145238095238096,0.5695129935424053,0.01203453689167975,0.22198207744636314,0.6676349642421071,0.7805075757575758,0.9075328549205394
spearman|distance_corr|multiplicative|max,mixed,0.6729694820931559,0.6564848484848484,0.5342985419694737,0.0,0.20720295657928278,0.8100194290766026,0.7807484848484849,0.7933231310771409
spearman|distance_corr|multiplicative|max,nonlinear,0.19662878787878788,0.48977272727272725,0.24917748917748916,0.011931818181818182,0.5320075757575757,0.3629247835497836,0.5017992424242425,0.7920634945120323
spearman|distance_corr|multiplicative|mean,linear,0.49262571951857664,0.8469047619047619,0.5732076704807797,0.12241038723181581,0.13542425431711147,0.6917421507064364,0.8293225108225107,0.9040553625550067
spearman|distance_corr|multiplicative|mean,mixed,0.6863066985448419,0.7281818181818182,0.5849831889211392,0.0,0.17560527836713496,0.8313162518211454,0.8272878787878788,0.7940343561546988
spearman|distance_corr|multiplicative|mean,nonlinear,0.19636363636363638,0.4965909090909091,0.24933982683982686,0.01465909090909091,0.5147348484848484,0.3658035714285714,0.5168425324675325,0.7922285888551841
spearman|distance_corr|multiplicative|sum,linear,0.554287284144427,0.714047619047619,0.574278981522679,0.009320251177394035,0.21769636316064886,0.6680112149755008,0.7837835497835498,0.9075988598263953
spearman|distance_corr|multiplicative|sum,mixed,0.6058578643578644,0.5782424242424243,0.4471422794954295,0.0,0.27449639249639246,0.7624014657677394,0.6956857142857144,0.7907330519043426
spearman|distance_corr|multiplicative|sum,nonlinear,0.19587121212121214,0.48522727272727273,0.2475865800865801,0.011931818181818182,0.5321212121212121,0.3616396103896104,0.49688852813852813,0.7909555994236097
spearman|distance_corr|quotient|max,linear,0.4205288521002806,0.835,0.49265015166905923,0.07288336663336664,0.31240177679463393,0.69703453292739,0.8213127705627705,0.9053033112310596
spearman|distance_corr|quotient|max,mixed,0.5255172552973083,0.7253333333333334,0.4671480768270662,0.0,0.3791869294068764,0.7988729695854427,0.7636848484848485,0.7961754286441213
spearman|distance_corr|quotient|max,nonlinear,0.1788311688311688,0.575,0.253742784992785,0.015795454545454547,0.6334334415584416,0.3681141774891775,0.461810064935065,0.8598767306647027
spearman|distance_corr|quotient|mean,linear,0.4235587388801675,0.8535714285714285,0.4988423926680229,0.08249816849816849,0.2940954997383569,0.7224556950985522,0.8580270562770563,0.9057935716082287
spearman|distance_corr|quotient|mean,mixed,0.5318488772768255,0.7668484848484848,0.47978083323615783,0.0,0.3582030707751226,0.8157960207828151,0.8009554112554113,0.7965325238748232
spearman|distance_corr|quotient|mean,nonlinear,0.18322781385281384,0.6170454545454546,0.2625703463203463,0.022096861471861472,0.6173809523809524,0.37124999999999997,0.4697646103896104,0.8611848752901872
spearman|distance_corr|quotient|sum,linear,0.47270899338756484,0.8526190476190477,0.5529999272436248,0.09908517672803387,0.20490817119388546,0.7223224751439037,0.8578106060606061,0.9073529041108277
spearman|distance_corr|quotient|sum,mixed,0.5798270517361426,0.6847272727272727,0.475738224181626,0.0,0.3096520247429338,0.8011871814938972,0.7818021645021644,0.7947379959111827
spearman|distance_corr|quotient|sum,nonlinear,0.1875892857142857,0.55,0.2594570707070707,0.01369318181818182,0.6116693722943722,0.37036525974025974,0.4814258658008658,0.8468086433842525
spearman|mutual_info_sklearn|difference|max,linear,0.5656547619047618,0.6888095238095238,0.581447163947164,0.001,0.2178656462585034,0.6605405110762254,0.777680735930736,0.9076466453130352
spearman|mutual_info_sklearn|difference|max,mixed,0.6878873399327945,0.5824848484848485,0.5134887730824719,0.0,0.21208235703690248,0.7906564368291641,0.7509861471861472,0.7901739315781878
spearman|mutual_info_sklearn|difference|max,nonlinear,0.19540854978354977,0.4102272727272727,0.23786435786435786,0.005965909090909091,0.5364853896103896,0.3551055194805195,0.5054518398268398,0.7738414472789628
spearman|mutual_info_sklearn|difference|mean,linear,0.5454917106702821,0.7047619047619047,0.567337788728545,0.03138804053089768,0.1861696557410843,0.6620491016919589,0.77733658008658,0.9072826972532874
spearman|mutual_info_sklearn|difference|mean,mixed,0.6923580554263538,0.6593333333333333,0.5709686390522352,0.0,0.20941683634853808,0.8152098154445367,0.7921952380952381,0.7924916555036763
spearman|mutual_info_sklearn|difference|mean,nonlinear,0.1935633116883117,0.42954545454545456,0.23917748917748918,0.005965909090909091,0.5436147186147187,0.35587932900432895,0.5030708874458875,0.7832680705152659
spearman|mutual_info_sklearn|difference|sum,linear,0.5721853741496599,0.6888095238095238,0.5872192727907014,0.001,0.20889285714285713,0.6605405110762254,0.7793755411255411,0.9081389469002681
spearman|mutual_info_sklearn|difference|sum,mixed,0.6542835497835497,0.5426666666666666,0.47083917196744157,0.0,0.2455194805194805,0.773612481962482,0.7207545454545455,0.7883746417021843
spearman|mutual_info_sklearn|difference|sum,nonlinear,0.1960849567099567,0.4090909090909091,0.23859668109668108,0.005965909090909091,0.5333658008658009,0.35554112554112555,0.5095508658008658,0.7739078460144532
spearman|mutual_info_sklearn|multiplicative|max,linear,0.5565934065934065,0.7221428571428572,0.5779781152554262,0.009626373626373627,0.22721336996336997,0.6706282011639154,0.7853257575757576,0.9079977806778599
spearman|mutual_info_sklearn|multiplicative|max,mixed,0.667065132290857,0.6625454545454545,0.5412193794187151,0.0,0.23183457910885438,0.8084727423986419,0.7699341991341991,0.7925039777236946
spearman|mutual_info_sklearn|multiplicative|max,nonlinear,0.1963257575757576,0.4909090909090909,0.24952380952380954,0.011931818181818182,0.5415151515151515,0.3635470779220779,0.49600919913419916,0.7970968447059916
spearman|mutual_info_sklearn|multiplicative|mean,linear,0.5409996075353218,0.7642857142857142,0.5790837362917195,0.06884850863422291,0.15877729809872668,0.6792980987266701,0.8040865800865801,0.9078044226480927
spearman|mutual_info_sklearn|multiplicative|mean,mixed,0.6809808183019327,0.7098181818181818,0.579680481834691,0.0,0.20663967231855795,0.8260113738294308,0.8128545454545455,0.7922584858088821
spearman|mutual_info_sklearn|multiplicative|mean,nonlinear,0.1971969696969697,0.4954545454545455,0.25122294372294374,0.011931818181818182,0.5370075757575757,0.36427759740259735,0.500094696969697,0.7981471577829133
spearman|mutual_info_sklearn|multiplicative|sum,linear,0.5564981684981685,0.7211904761904762,0.5775087275003241,0.009626373626373627,0.226760989010989,0.6701973621616478,0.7849145021645021,0.9078229141783369
spearman|mutual_info_sklearn|multiplicative|sum,mixed,0.6543223140495867,0.6263030303030303,0.5063071388243207,0.0,0.24457739735012463,0.7905793686847334,0.7378766233766234,0.7913118215171472
spearman|mutual_info_sklearn|multiplicative|sum,nonlinear,0.1963257575757576,0.4909090909090909,0.24952380952380954,0.011931818181818182,0.5411363636363636,0.3635470779220779,0.4961985930735931,0.7972686763859717
spearman|mutual_info_sklearn|quotient|max,linear,0.3523807264164407,0.7461904761904763,0.41954417617862994,0.043509728366871225,0.43320565149136575,0.6074600161743019,0.7010357142857142,0.8922893692885013
spearman|mutual_info_sklearn|quotient|max,mixed,0.4585272855497314,0.7093939393939395,0.43987238741085466,0.0,0.47696622094377517,0.763139354018102,0.7027619047619048,0.7847697160288062
spearman|mutual_info_sklearn|quotient|max,nonlinear,0.1665016233766234,0.5693181818181818,0.23963924963924965,0.015381493506493508,0.6525027056277056,0.34425865800865796,0.43836580086580085,0.8394456560872134
spearman|mutual_info_sklearn|quotient|mean,linear,0.3556551543694401,0.7747619047619048,0.4245556448686701,0.04980716902145474,0.4215566457352172,0.6099370193298764,0.7015833333333332,0.8920149502449044
spearman|mutual_info_sklearn|quotient|mean,mixed,0.45316605616605615,0.7328484848484849,0.4388639953756377,0.0,0.47154173604173605,0.7610300638411447,0.6996012987012987,0.7829435133515267
spearman|mutual_info_sklearn|quotient|mean,nonlinear,0.1653841991341991,0.5840909090909091,0.23901334776334776,0.019583333333333335,0.6428382034632034,0.34742965367965367,0.4441964285714286,0.8561933085258143
spearman|mutual_info_sklearn|quotient|sum,linear,0.350175554604126,0.7178571428571429,0.414252786429257,0.04253930989645276,0.4304600597814883,0.6008719732648303,0.6941103896103896,0.8895481738193233
spearman|mutual_info_sklearn|quotient|sum,mixed,0.4592653060438528,0.687030303030303,0.43073363631330913,0.0,0.4757209854424386,0.7607798557812665,0.6985432900432901,0.7826272094000619
spearman|mutual_info_sklearn|quotient|sum,nonlinear,0.16863906926406927,0.5602272727272727,0.2416323953823954,0.01418560606060606,0.6513068181818181,0.3439529220779221,0.4414231601731602,0.8380768468952235
spearman|pearson_abs|difference|max,linear,0.6018809523809524,0.7038095238095238,0.6124798534798535,0.0,0.1785,0.6703591051805338,0.7941590909090909,0.9087195711424552
spearman|pearson_abs|difference|max,mixed,0.6517099567099567,0.5353333333333333,0.4497089260720177,0.0,0.22629004329004326,0.7648342953342954,0.7191419913419914,0.7810869673586217
spearman|pearson_abs|difference|max,nonlinear,0.20306818181818181,0.3977272727272727,0.23859668109668108,0.006136363636363637,0.49210227272727275,0.3545508658008658,0.5163961038961039,0.7598178306977769
spearman|pearson_abs|difference|mean,linear,0.5413837353123068,0.8283333333333334,0.6077951889380461,0.09994428983714698,0.10602334570191713,0.7044051543694401,0.8439696969696969,0.9064671250627124
spearman|pearson_abs|difference|mean,mixed,0.6849447681190834,0.621030303030303,0.5209217722680374,0.0,0.17537124919693386,0.785499997464822,0.7679731601731602,0.782313169841748
spearman|pearson_abs|difference|mean,nonlinear,0.2049431818181818,0.4068181818181818,0.24121753246753247,0.007329545454545455,0.49513257575757574,0.35868777056277057,0.5155032467532468,0.765965451168869
spearman|pearson_abs|difference|sum,linear,0.6166071428571429,0.7009523809523809,0.6210275438846867,0.0005714285714285715,0.15932142857142859,0.6701142072213501,0.7938474025974025,0.9088724010311816
spearman|pearson_abs|difference|sum,mixed,0.6225,0.49896969696969695,0.4166807885402213,0.0,0.25821212121212117,0.7549019961519962,0.6912281385281386,0.7763049569693978
spearman|pearson_abs|difference|sum,nonlinear,0.20509469696969695,0.3965909090909091,0.2403030303030303,0.006420454545454546,0.4877840909090909,0.35329004329004327,0.5139204545454545,0.7591099097802525
spearman|pearson_abs|multiplicative|max,linear,0.5517838827838828,0.7211904761904762,0.5749649379565346,0.011840659340659341,0.22357051282051282,0.6707838391766963,0.7856969696969697,0.907638290333176
spearman|pearson_abs|multiplicative|max,mixed,0.6716760834108453,0.6676363636363636,0.5341799443147158,0.0,0.17541987618511437,0.8143942014571189,0.7898874458874459,0.7925750927362025
spearman|pearson_abs|multiplicative|max,nonlinear,0.19765151515151516,0.5,0.25177489177489176,0.012386363636363636,0.5275378787878788,0.3667207792207792,0.5196699134199134,0.7924083934536809
spearman|pearson_abs|multiplicative|mean,linear,0.4957311616954474,0.8511904761904763,0.5764680856025394,0.1202913396127682,0.1359764085121228,0.6997591575091575,0.838125541125541,0.9038556612427341
spearman|pearson_abs|multiplicative|mean,mixed,0.6807917119827323,0.7346060606060607,0.5860850427203461,0.0,0.1575964554054351,0.833379778623564,0.8305298701298701,0.7929674079302226
spearman|pearson_abs|multiplicative|mean,nonlinear,0.19613636363636364,0.5034090909090909,0.250487012987013,0.016704545454545455,0.5132954545454546,0.3677353896103896,0.5222267316017316,0.7966266373668066
spearman|pearson_abs|multiplicative|sum,linear,0.5543791208791209,0.7211904761904762,0.5769150513352194,0.009626373626373627,0.22368956043956043,0.6714208212422498,0.7891103896103896,0.9077748014499499
spearman|pearson_abs|multiplicative|sum,mixed,0.6046637806637807,0.604,0.4626347688599988,0.0,0.24123737373737372,0.7684814248917247,0.7046458874458875,0.7897261765453862
spearman|pearson_abs|multiplicative|sum,nonlinear,0.19634469696969697,0.4965909090909091,0.24997113997113998,0.011647727272727273,0.528655303030303,0.36554653679653676,0.5164908008658009,0.7916957412614838
spearman|pearson_abs|quotient|max,linear,0.4157356215213358,0.8338095238095238,0.4874087677028854,0.06446176442605014,0.34752310784453644,0.7024894272394273,0.8142110389610389,0.9000670315907736
spearman|pearson_abs|quotient|max,mixed,0.4632785325497686,0.7396363636363636,0.4448871909088588,0.0,0.42435927408803803,0.7699350447549137,0.7352246753246754,0.7895821605847103
spearman|pearson_abs|quotient|max,nonlinear,0.18073593073593072,0.6113636363636363,0.2583658008658009,0.022126623376623376,0.6234604978354978,0.36523809523809525,0.46569264069264066,0.8495884734660359
spearman|pearson_abs|quotient|mean,linear,0.4226040744969316,0.8590476190476191,0.4973304869733441,0.06920227391655963,0.32951309404880835,0.7303760683760684,0.856754329004329,0.9003922932890691
spearman|pearson_abs|quotient|mean,mixed,0.4638713838156563,0.7498787878787879,0.44531336645982617,0.0,0.4272123102680378,0.7688182285802411,0.7385082251082251,0.7907101036513221
spearman|pearson_abs|quotient|mean,nonlinear,0.18254599567099566,0.6568181818181819,0.2639267676767677,0.03075487012987013,0.6154707792207793,0.3644615800865801,0.4596590909090909,0.8570518060471836
spearman|pearson_abs|quotient|sum,linear,0.4501524190095618,0.8585714285714285,0.5299696242133217,0.07911657390228818,0.2787845051773623,0.7303352520495378,0.8566893939393939,0.9014317789496961
spearman|pearson_abs|quotient|sum,mixed,0.48425750430001774,0.6897575757575758,0.4352247561403566,0.0,0.39837164432913097,0.7635136320446508,0.7302112554112554,0.7901943488311189
spearman|pearson_abs|quotient|sum,nonlinear,0.1774621212121212,0.5636363636363636,0.24985930735930736,0.02214285714285714,0.6218290043290043,0.3636390692640693,0.4636228354978355,0.8436445867657737
spearman|spearman_abs|difference|max,linear,0.6154404761904761,0.7223809523809523,0.6265396746111032,0.00042857142857142866,0.18396428571428572,0.6889826879469737,0.8078084415584416,0.908367889792068
spearman|spearman_abs|difference|max,mixed,0.6392229437229437,0.5223636363636364,0.4369790064984086,0.0,0.24567099567099568,0.7583390572390573,0.7099108225108225,0.7733772584387217
spearman|spearman_abs|difference|max,nonlinear,0.20162878787878788,0.39204545454545453,0.23575396825396824,0.014696969696969698,0.4774810606060606,0.3480546536796537,0.5121617965367965,0.7630691452158656
spearman|spearman_abs|difference|mean,linear,0.5485791589363018,0.8364285714285714,0.6145487211201497,0.09918573490002061,0.11068516800659657,0.7207610762253619,0.855008658008658,0.9062045143656295
spearman|spearman_abs|difference|mean,mixed,0.6783199759910905,0.6124242424242424,0.507105690937024,0.0,0.18722114955003505,0.7799126927536504,0.759369696969697,0.7763905619782808
spearman|spearman_abs|difference|mean,nonlinear,0.196969696969697,0.3965909090909091,0.23319444444444445,0.01534090909090909,0.48640151515151514,0.3479491341991342,0.5002164502164502,0.7658154386551425
spearman|spearman_abs|difference|sum,linear,0.6362023809523809,0.7223809523809523,0.6406566290852005,0.0005714285714285715,0.15953571428571428,0.6892049101691959,0.808758658008658,0.9085720456271738
spearman|spearman_abs|difference|sum,mixed,0.6124393939393938,0.4947272727272728,0.41530890954132105,0.0,0.2711666666666666,0.7507133718133718,0.6851865800865801,0.7656891654689526
spearman|spearman_abs|difference|sum,nonlinear,0.20681818181818182,0.39431818181818185,0.24049422799422798,0.021325757575757574,0.45626893939393937,0.34849025974025977,0.516112012987013,0.7608894143089405
spearman|spearman_abs|multiplicative|max,linear,0.5517362637362637,0.7211904761904762,0.5748526930585753,0.011983516483516483,0.22327289377289378,0.6732075266003837,0.7857402597402597,0.9077286160580249
spearman|spearman_abs|multiplicative|max,mixed,0.6675721239232356,0.6655757575757576,0.5307942148615491,0.0,0.17675327290216117,0.8124083800172288,0.786064935064935,0.7936936957312422
spearman|spearman_abs|multiplicative|max,nonlinear,0.19871212121212123,0.5022727272727273,0.25317099567099566,0.012386363636363636,0.5279734848484848,0.36681547619047616,0.5199540043290044,0.7930641228370781
spearman|spearman_abs|multiplicative|mean,linear,0.49559680795395084,0.8511904761904763,0.5761522501774602,0.12006174777603348,0.13716008198151056,0.7007806994592709,0.8378571428571429,0.9039481076752787
spearman|spearman_abs|multiplicative|mean,mixed,0.6776235410376376,0.7316363636363636,0.5805906470937153,0.0,0.15743129301719655,0.8325158192022878,0.8289497835497835,0.7948699601004493
spearman|spearman_abs|multiplicative|mean,nonlinear,0.1968939393939394,0.5045454545454545,0.2513961038961039,0.016704545454545455,0.5121590909090908,0.3686823593073593,0.5250135281385281,0.7968572000568173
spearman|spearman_abs|multiplicative|sum,linear,0.5532838827838827,0.7211904761904762,0.576106312455052,0.009626373626373627,0.22540384615384618,0.6738270261484547,0.788878787878788,0.9077651317084875
spearman|spearman_abs|multiplicative|sum,mixed,0.5950180375180376,0.5959393939393939,0.45063462593936615,0.0,0.2476154401154401,0.7652379400104062,0.6987792207792207,0.7916693582073455
spearman|spearman_abs|multiplicative|sum,nonlinear,0.19666666666666666,0.49772727272727274,0.25035714285714283,0.012386363636363636,0.5294507575757575,0.3658035714285714,0.5169237012987014,0.791709484932675
spearman|spearman_abs|quotient|max,linear,0.4071663693449407,0.8261904761904763,0.47818210710857767,0.06481172399029542,0.3502787926359355,0.6847502973217259,0.7985400432900434,0.9005120699236894
spearman|spearman_abs|quotient|max,mixed,0.45474665845332274,0.7376363636363636,0.44137626989168227,0.0,0.43828364457698027,0.7617955241806575,0.723112554112554,0.7886090321906314
spearman|spearman_abs|quotient|max,nonlinear,0.18466991341991343,0.6261363636363636,0.26341630591630594,0.032499999999999994,0.604142316017316,0.36348214285714286,0.4701298701298701,0.8602571411801236
spearman|spearman_abs|quotient|mean,linear,0.41071895961181676,0.8447619047619048,0.484156117225445,0.07124357785072072,0.33030605109176536,0.7028451944880516,0.8317283549783551,0.9005019783108017
spearman|spearman_abs|quotient|mean,mixed,0.4548410553642752,0.7515151515151515,0.44250413846388836,0.0,0.4337274872042674,0.7701746569182152,0.7381796536796537,0.788404986078406
spearman|spearman_abs|quotient|mean,nonlinear,0.18449134199134198,0.6602272727272728,0.26548520923520924,0.0400974025974026,0.5981222943722944,0.36160714285714285,0.4667748917748918,0.8589126324893512
spearman|spearman_abs|quotient|sum,linear,0.43639985807842946,0.8423809523809523,0.5144930610939015,0.08202210487924773,0.28098966509680795,0.702553811268097,0.8311872294372294,0.9016537909493045
spearman|spearman_abs|quotient|sum,mixed,0.4703876772069286,0.6915757575757576,0.4276751081847622,0.0,0.40979414097488964,0.7654673935307212,0.7297818181818182,0.7878124335357766
spearman|spearman_abs|quotient|sum,nonlinear,0.18307088744588743,0.5840909090909091,0.2574621212121212,0.0346780303030303,0.5981791125541126,0.36023538961038964,0.4689664502164502,0.8499068536319102
