spec,dataset,stop_mode,downstream_score
dcor|distance_corr|difference|max,breast_cancer,fixed_k,0.9334732768691588
dcor|distance_corr|difference|max,breast_cancer,threshold,0.9274204147196261
dcor|distance_corr|difference|max,breast_cancer,val_fixed_k,0.9466121495327103
dcor|distance_corr|difference|max,breast_cancer,val_threshold,0.9463054906542055
dcor|distance_corr|difference|max,diabetes,fixed_k,0.29530421405162155
dcor|distance_corr|difference|max,diabetes,threshold,0.1556131450541305
dcor|distance_corr|difference|max,diabetes,val_fixed_k,0.37887271799120015
dcor|distance_corr|difference|max,diabetes,val_threshold,0.25145762520194725
dcor|distance_corr|difference|max,friedman1,fixed_k,0.6303732682858529
dcor|distance_corr|difference|max,friedman1,threshold,0.8293807000679004
dcor|distance_corr|difference|max,friedman1,val_fixed_k,0.8531351555382015
dcor|distance_corr|difference|max,friedman1,val_threshold,0.8563367183000457
dcor|distance_corr|difference|max,synthetic_clf,fixed_k,0.6320370370370371
dcor|distance_corr|difference|max,synthetic_clf,threshold,0.611111111111111
dcor|distance_corr|difference|max,synthetic_clf,val_fixed_k,0.6511111111111111
dcor|distance_corr|difference|max,synthetic_clf,val_threshold,0.6522222222222223
dcor|distance_corr|difference|mean,breast_cancer,fixed_k,0.9365690712616822
dcor|distance_corr|difference|mean,breast_cancer,threshold,0.9337744596962617
dcor|distance_corr|difference|mean,breast_cancer,val_fixed_k,0.9498831775700933
dcor|distance_corr|difference|mean,breast_cancer,val_threshold,0.9556585864485981
dcor|distance_corr|difference|mean,diabetes,fixed_k,0.2925492370328779
dcor|distance_corr|difference|mean,diabetes,threshold,0.16688019295586404
dcor|distance_corr|difference|mean,diabetes,val_fixed_k,0.3749509378230921
dcor|distance_corr|difference|mean,diabetes,val_threshold,0.2737041824138609
dcor|distance_corr|difference|mean,friedman1,fixed_k,0.6304224715717294
dcor|distance_corr|difference|mean,friedman1,threshold,0.829440925164597
dcor|distance_corr|difference|mean,friedman1,val_fixed_k,0.8578120794539558
dcor|distance_corr|difference|mean,friedman1,val_threshold,0.851214783407945
dcor|distance_corr|difference|mean,synthetic_clf,fixed_k,0.6605555555555556
dcor|distance_corr|difference|mean,synthetic_clf,threshold,0.6469444444444444
dcor|distance_corr|difference|mean,synthetic_clf,val_fixed_k,0.7444444444444445
dcor|distance_corr|difference|mean,synthetic_clf,val_threshold,0.7516666666666667
dcor|distance_corr|difference|sum,breast_cancer,fixed_k,0.9364388629283489
dcor|distance_corr|difference|sum,breast_cancer,threshold,0.9227657710280374
dcor|distance_corr|difference|sum,breast_cancer,val_fixed_k,0.9512777453271027
dcor|distance_corr|difference|sum,breast_cancer,val_threshold,0.9397342289719626
dcor|distance_corr|difference|sum,diabetes,fixed_k,0.29883899275482667
dcor|distance_corr|difference|sum,diabetes,threshold,0.15688248791193635
dcor|distance_corr|difference|sum,diabetes,val_fixed_k,0.37916401212457823
dcor|distance_corr|difference|sum,diabetes,val_threshold,0.16350945283910223
dcor|distance_corr|difference|sum,friedman1,fixed_k,0.6307149591015285
dcor|distance_corr|difference|sum,friedman1,threshold,0.7593549251225081
dcor|distance_corr|difference|sum,friedman1,val_fixed_k,0.8526968217050686
dcor|distance_corr|difference|sum,friedman1,val_threshold,0.7864565474091758
dcor|distance_corr|difference|sum,synthetic_clf,fixed_k,0.6134259259259259
dcor|distance_corr|difference|sum,synthetic_clf,threshold,0.5770833333333333
dcor|distance_corr|difference|sum,synthetic_clf,val_fixed_k,0.6355555555555555
dcor|distance_corr|difference|sum,synthetic_clf,val_threshold,0.5722222222222222
dcor|distance_corr|multiplicative|max,breast_cancer,fixed_k,0.9325411312305296
dcor|distance_corr|multiplicative|max,breast_cancer,threshold,0.9487916179906541
dcor|distance_corr|multiplicative|max,breast_cancer,val_fixed_k,0.9505183995327103
dcor|distance_corr|multiplicative|max,breast_cancer,val_threshold,0.9473860981308411
dcor|distance_corr|multiplicative|max,diabetes,fixed_k,0.29426609791218916
dcor|distance_corr|multiplicative|max,diabetes,threshold,0.378991633985809
dcor|distance_corr|multiplicative|max,diabetes,val_fixed_k,0.3690901620758228
dcor|distance_corr|multiplicative|max,diabetes,val_threshold,0.38884838154922313
dcor|distance_corr|multiplicative|max,friedman1,fixed_k,0.6283898127166015
dcor|distance_corr|multiplicative|max,friedman1,threshold,0.8317895885215817
dcor|distance_corr|multiplicative|max,friedman1,val_fixed_k,0.8569381852561708
dcor|distance_corr|multiplicative|max,friedman1,val_threshold,0.8523713952413562
dcor|distance_corr|multiplicative|max,synthetic_clf,fixed_k,0.6822222222222223
dcor|distance_corr|multiplicative|max,synthetic_clf,threshold,0.7522222222222222
dcor|distance_corr|multiplicative|max,synthetic_clf,val_fixed_k,0.7611111111111111
dcor|distance_corr|multiplicative|max,synthetic_clf,val_threshold,0.8172222222222223
dcor|distance_corr|multiplicative|mean,breast_cancer,fixed_k,0.9318389797507788
dcor|distance_corr|multiplicative|mean,breast_cancer,threshold,0.9523400992990654
dcor|distance_corr|multiplicative|mean,breast_cancer,val_fixed_k,0.943333820093458
dcor|distance_corr|multiplicative|mean,breast_cancer,val_threshold,0.952847546728972
dcor|distance_corr|multiplicative|mean,diabetes,fixed_k,0.2937769374180445
dcor|distance_corr|multiplicative|mean,diabetes,threshold,0.3854609647048662
dcor|distance_corr|multiplicative|mean,diabetes,val_fixed_k,0.3702496021256397
dcor|distance_corr|multiplicative|mean,diabetes,val_threshold,0.3818870766069752
dcor|distance_corr|multiplicative|mean,friedman1,fixed_k,0.6283985359115941
dcor|distance_corr|multiplicative|mean,friedman1,threshold,0.8314235615903609
dcor|distance_corr|multiplicative|mean,friedman1,val_fixed_k,0.8569381852561708
dcor|distance_corr|multiplicative|mean,friedman1,val_threshold,0.8483591194125614
dcor|distance_corr|multiplicative|mean,synthetic_clf,fixed_k,0.6949074074074074
dcor|distance_corr|multiplicative|mean,synthetic_clf,threshold,0.768888888888889
dcor|distance_corr|multiplicative|mean,synthetic_clf,val_fixed_k,0.7783333333333333
dcor|distance_corr|multiplicative|mean,synthetic_clf,val_threshold,0.8194444444444444
dcor|distance_corr|multiplicative|sum,breast_cancer,fixed_k,0.931478777258567
dcor|distance_corr|multiplicative|sum,breast_cancer,threshold,0.9486492406542055
dcor|distance_corr|multiplicative|sum,breast_cancer,val_fixed_k,0.9453709112149532
dcor|distance_corr|multiplicative|sum,breast_cancer,val_threshold,0.9477073598130842
dcor|distance_corr|multiplicative|sum,diabetes,fixed_k,0.29301644682843697
dcor|distance_corr|multiplicative|sum,diabetes,threshold,0.33710962119045995
dcor|distance_corr|multiplicative|sum,diabetes,val_fixed_k,0.3679649422502812
dcor|distance_corr|multiplicative|sum,diabetes,val_threshold,0.38003643414615523
dcor|distance_corr|multiplicative|sum,friedman1,fixed_k,0.6283308293505152
dcor|distance_corr|multiplicative|sum,friedman1,threshold,0.8352683604220529
dcor|distance_corr|multiplicative|sum,friedman1,val_fixed_k,0.8576734871198373
dcor|distance_corr|multiplicative|sum,friedman1,val_threshold,0.8584838492565418
dcor|distance_corr|multiplicative|sum,synthetic_clf,fixed_k,0.6497222222222222
dcor|distance_corr|multiplicative|sum,synthetic_clf,threshold,0.6927777777777778
dcor|distance_corr|multiplicative|sum,synthetic_clf,val_fixed_k,0.6738888888888889
dcor|distance_corr|multiplicative|sum,synthetic_clf,val_threshold,0.818888888888889
dcor|distance_corr|quotient|max,breast_cancer,fixed_k,0.9322527258566978
dcor|distance_corr|quotient|max,breast_cancer,threshold,0.9508542640186916
dcor|distance_corr|quotient|max,breast_cancer,val_fixed_k,0.951285046728972
dcor|distance_corr|quotient|max,breast_cancer,val_threshold,0.9514456775700936
dcor|distance_corr|quotient|max,diabetes,fixed_k,0.28872937424785394
dcor|distance_corr|quotient|max,diabetes,threshold,0.3933254722207017
dcor|distance_corr|quotient|max,diabetes,val_fixed_k,0.3702476972859611
dcor|distance_corr|quotient|max,diabetes,val_threshold,0.3895806636721416
dcor|distance_corr|quotient|max,friedman1,fixed_k,0.630571040199751
dcor|distance_corr|quotient|max,friedman1,threshold,0.8277053888733674
dcor|distance_corr|quotient|max,friedman1,val_fixed_k,0.8543640965654037
dcor|distance_corr|quotient|max,friedman1,val_threshold,0.8277053888733674
dcor|distance_corr|quotient|max,synthetic_clf,fixed_k,0.6262962962962962
dcor|distance_corr|quotient|max,synthetic_clf,threshold,0.8099999999999999
dcor|distance_corr|quotient|max,synthetic_clf,val_fixed_k,0.6683333333333333
dcor|distance_corr|quotient|max,synthetic_clf,val_threshold,0.8105555555555556
dcor|distance_corr|quotient|mean,breast_cancer,fixed_k,0.9312658197040499
dcor|distance_corr|quotient|mean,breast_cancer,threshold,0.952066296728972
dcor|distance_corr|quotient|mean,breast_cancer,val_fixed_k,0.942552570093458
dcor|distance_corr|quotient|mean,breast_cancer,val_threshold,0.952066296728972
dcor|distance_corr|quotient|mean,diabetes,fixed_k,0.2865632578804979
dcor|distance_corr|quotient|mean,diabetes,threshold,0.39496710748089453
dcor|distance_corr|quotient|mean,diabetes,val_fixed_k,0.3785755026675556
dcor|distance_corr|quotient|mean,diabetes,val_threshold,0.39443934978124495
dcor|distance_corr|quotient|mean,friedman1,fixed_k,0.6303263971664845
dcor|distance_corr|quotient|mean,friedman1,threshold,0.8273444402128659
dcor|distance_corr|quotient|mean,friedman1,val_fixed_k,0.8565257303620468
dcor|distance_corr|quotient|mean,friedman1,val_threshold,0.8273444402128659
dcor|distance_corr|quotient|mean,synthetic_clf,fixed_k,0.6556481481481481
dcor|distance_corr|quotient|mean,synthetic_clf,threshold,0.8120833333333334
dcor|distance_corr|quotient|mean,synthetic_clf,val_fixed_k,0.7477777777777778
dcor|distance_corr|quotient|mean,synthetic_clf,val_threshold,0.8133333333333332
dcor|distance_corr|quotient|sum,breast_cancer,fixed_k,0.9312658197040499
dcor|distance_corr|quotient|sum,breast_cancer,threshold,0.9537492698598131
dcor|distance_corr|quotient|sum,breast_cancer,val_fixed_k,0.942552570093458
dcor|distance_corr|quotient|sum,breast_cancer,val_threshold,0.9584696261682243
dcor|distance_corr|quotient|sum,diabetes,fixed_k,0.2865632578804979
dcor|distance_corr|quotient|sum,diabetes,threshold,0.379566761729983
dcor|distance_corr|quotient|sum,diabetes,val_fixed_k,0.3785755026675556
dcor|distance_corr|quotient|sum,diabetes,val_threshold,0.39057432145396176
dcor|distance_corr|quotient|sum,friedman1,fixed_k,0.6303263971664845
dcor|distance_corr|quotient|sum,friedman1,threshold,0.8335479155363135
dcor|distance_corr|quotient|sum,friedman1,val_fixed_k,0.8565257303620468
dcor|distance_corr|quotient|sum,friedman1,val_threshold,0.8484572296182173
dcor|distance_corr|quotient|sum,synthetic_clf,fixed_k,0.6556481481481481
dcor|distance_corr|quotient|sum,synthetic_clf,threshold,0.76625
dcor|distance_corr|quotient|sum,synthetic_clf,val_fixed_k,0.7477777777777778
dcor|distance_corr|quotient|sum,synthetic_clf,val_threshold,0.8072222222222223
dcor|mutual_info_sklearn|difference|max,breast_cancer,fixed_k,0.9241092289719627
dcor|mutual_info_sklearn|difference|max,breast_cancer,threshold,0.9432480286214954
dcor|mutual_info_sklearn|difference|max,breast_cancer,val_fixed_k,0.9336521612149532
dcor|mutual_info_sklearn|difference|max,breast_cancer,val_threshold,0.9408294392523364
dcor|mutual_info_sklearn|difference|max,diabetes,fixed_k,0.2856058769212485
dcor|mutual_info_sklearn|difference|max,diabetes,threshold,0.37015797267922546
dcor|mutual_info_sklearn|difference|max,diabetes,val_fixed_k,0.36658123170267404
dcor|mutual_info_sklearn|difference|max,diabetes,val_threshold,0.36404109560784575
dcor|mutual_info_sklearn|difference|max,friedman1,fixed_k,0.6265573443538297
dcor|mutual_info_sklearn|difference|max,friedman1,threshold,0.8364532608362512
dcor|mutual_info_sklearn|difference|max,friedman1,val_fixed_k,0.8570597904868726
dcor|mutual_info_sklearn|difference|max,friedman1,val_threshold,0.8488464282201222
dcor|mutual_info_sklearn|difference|max,synthetic_clf,fixed_k,0.6686111111111112
dcor|mutual_info_sklearn|difference|max,synthetic_clf,threshold,0.7058333333333333
dcor|mutual_info_sklearn|difference|max,synthetic_clf,val_fixed_k,0.7133333333333333
dcor|mutual_info_sklearn|difference|max,synthetic_clf,val_threshold,0.7266666666666667
dcor|mutual_info_sklearn|difference|mean,breast_cancer,fixed_k,0.9235360689252337
dcor|mutual_info_sklearn|difference|mean,breast_cancer,threshold,0.9544118720794392
dcor|mutual_info_sklearn|difference|mean,breast_cancer,val_fixed_k,0.9356819509345794
dcor|mutual_info_sklearn|difference|mean,breast_cancer,val_threshold,0.9550379672897197
dcor|mutual_info_sklearn|difference|mean,diabetes,fixed_k,0.2850692381161655
dcor|mutual_info_sklearn|difference|mean,diabetes,threshold,0.379465423743936
dcor|mutual_info_sklearn|difference|mean,diabetes,val_fixed_k,0.36243841806554833
dcor|mutual_info_sklearn|difference|mean,diabetes,val_threshold,0.3756812279975512
dcor|mutual_info_sklearn|difference|mean,friedman1,fixed_k,0.6264239564470664
dcor|mutual_info_sklearn|difference|mean,friedman1,threshold,0.8321212525303296
dcor|mutual_info_sklearn|difference|mean,friedman1,val_fixed_k,0.8577462902308307
dcor|mutual_info_sklearn|difference|mean,friedman1,val_threshold,0.8477909712036291
dcor|mutual_info_sklearn|difference|mean,synthetic_clf,fixed_k,0.6941666666666666
dcor|mutual_info_sklearn|difference|mean,synthetic_clf,threshold,0.7723611111111112
dcor|mutual_info_sklearn|difference|mean,synthetic_clf,val_fixed_k,0.7833333333333334
dcor|mutual_info_sklearn|difference|mean,synthetic_clf,val_threshold,0.8133333333333332
dcor|mutual_info_sklearn|difference|sum,breast_cancer,fixed_k,0.9251508956386293
dcor|mutual_info_sklearn|difference|sum,breast_cancer,threshold,0.9410284024532711
dcor|mutual_info_sklearn|difference|sum,breast_cancer,val_fixed_k,0.9380257009345794
dcor|mutual_info_sklearn|difference|sum,breast_cancer,val_threshold,0.9384929906542055
dcor|mutual_info_sklearn|difference|sum,diabetes,fixed_k,0.2772787202552483
dcor|mutual_info_sklearn|difference|sum,diabetes,threshold,0.32031556175491865
dcor|mutual_info_sklearn|difference|sum,diabetes,val_fixed_k,0.36374148785036
dcor|mutual_info_sklearn|difference|sum,diabetes,val_threshold,0.32553118645288814
dcor|mutual_info_sklearn|difference|sum,friedman1,fixed_k,0.6266160662898845
dcor|mutual_info_sklearn|difference|sum,friedman1,threshold,0.841140342509577
dcor|mutual_info_sklearn|difference|sum,friedman1,val_fixed_k,0.8580903973441982
dcor|mutual_info_sklearn|difference|sum,friedman1,val_threshold,0.8489849010828632
dcor|mutual_info_sklearn|difference|sum,synthetic_clf,fixed_k,0.6546296296296297
dcor|mutual_info_sklearn|difference|sum,synthetic_clf,threshold,0.6804166666666667
dcor|mutual_info_sklearn|difference|sum,synthetic_clf,val_fixed_k,0.6883333333333332
dcor|mutual_info_sklearn|difference|sum,synthetic_clf,val_threshold,0.6844444444444445
dcor|mutual_info_sklearn|multiplicative|max,breast_cancer,fixed_k,0.924239437305296
dcor|mutual_info_sklearn|multiplicative|max,breast_cancer,threshold,0.9481636974299066
dcor|mutual_info_sklearn|multiplicative|max,breast_cancer,val_fixed_k,0.9377117406542055
dcor|mutual_info_sklearn|multiplicative|max,breast_cancer,val_threshold,0.9478533878504674
dcor|mutual_info_sklearn|multiplicative|max,diabetes,fixed_k,0.29365039716632235
dcor|mutual_info_sklearn|multiplicative|max,diabetes,threshold,0.3825149724859965
dcor|mutual_info_sklearn|multiplicative|max,diabetes,val_fixed_k,0.3689704962260458
dcor|mutual_info_sklearn|multiplicative|max,diabetes,val_threshold,0.38499004537252957
dcor|mutual_info_sklearn|multiplicative|max,friedman1,fixed_k,0.6257823113787658
dcor|mutual_info_sklearn|multiplicative|max,friedman1,threshold,0.8312534919148955
dcor|mutual_info_sklearn|multiplicative|max,friedman1,val_fixed_k,0.8570808796362833
dcor|mutual_info_sklearn|multiplicative|max,friedman1,val_threshold,0.8395953026588365
dcor|mutual_info_sklearn|multiplicative|max,synthetic_clf,fixed_k,0.6955555555555556
dcor|mutual_info_sklearn|multiplicative|max,synthetic_clf,threshold,0.7893055555555556
dcor|mutual_info_sklearn|multiplicative|max,synthetic_clf,val_fixed_k,0.7922222222222223
dcor|mutual_info_sklearn|multiplicative|max,synthetic_clf,val_threshold,0.8127777777777778
dcor|mutual_info_sklearn|multiplicative|mean,breast_cancer,fixed_k,0.9206739193925234
dcor|mutual_info_sklearn|multiplicative|mean,breast_cancer,threshold,0.956167859228972
dcor|mutual_info_sklearn|multiplicative|mean,breast_cancer,val_fixed_k,0.9377044392523365
dcor|mutual_info_sklearn|multiplicative|mean,breast_cancer,val_threshold,0.9555052570093459
dcor|mutual_info_sklearn|multiplicative|mean,diabetes,fixed_k,0.2910249264957896
dcor|mutual_info_sklearn|multiplicative|mean,diabetes,threshold,0.38789559224991743
dcor|mutual_info_sklearn|multiplicative|mean,diabetes,val_fixed_k,0.3763455785178726
dcor|mutual_info_sklearn|multiplicative|mean,diabetes,val_threshold,0.38601056932208533
dcor|mutual_info_sklearn|multiplicative|mean,friedman1,fixed_k,0.625736181107903
dcor|mutual_info_sklearn|multiplicative|mean,friedman1,threshold,0.8306351054392198
dcor|mutual_info_sklearn|multiplicative|mean,friedman1,val_fixed_k,0.8570808796362833
dcor|mutual_info_sklearn|multiplicative|mean,friedman1,val_threshold,0.8348352577406072
dcor|mutual_info_sklearn|multiplicative|mean,synthetic_clf,fixed_k,0.6963888888888888
dcor|mutual_info_sklearn|multiplicative|mean,synthetic_clf,threshold,0.81125
dcor|mutual_info_sklearn|multiplicative|mean,synthetic_clf,val_fixed_k,0.8061111111111112
dcor|mutual_info_sklearn|multiplicative|mean,synthetic_clf,val_threshold,0.8283333333333334
dcor|mutual_info_sklearn|multiplicative|sum,breast_cancer,fixed_k,0.9251241238317757
dcor|mutual_info_sklearn|multiplicative|sum,breast_cancer,threshold,0.9496933411214954
dcor|mutual_info_sklearn|multiplicative|sum,breast_cancer,val_fixed_k,0.9436477803738319
dcor|mutual_info_sklearn|multiplicative|sum,breast_cancer,val_threshold,0.9467654789719626
dcor|mutual_info_sklearn|multiplicative|sum,diabetes,fixed_k,0.29516227250456556
dcor|mutual_info_sklearn|multiplicative|sum,diabetes,threshold,0.37371842097504426
dcor|mutual_info_sklearn|multiplicative|sum,diabetes,val_fixed_k,0.365128951947967
dcor|mutual_info_sklearn|multiplicative|sum,diabetes,val_threshold,0.3681967254456378
dcor|mutual_info_sklearn|multiplicative|sum,friedman1,fixed_k,0.6258799095895671
dcor|mutual_info_sklearn|multiplicative|sum,friedman1,threshold,0.8316441224619592
dcor|mutual_info_sklearn|multiplicative|sum,friedman1,val_fixed_k,0.8575299171746309
dcor|mutual_info_sklearn|multiplicative|sum,friedman1,val_threshold,0.8402671958463044
dcor|mutual_info_sklearn|multiplicative|sum,synthetic_clf,fixed_k,0.6857407407407408
dcor|mutual_info_sklearn|multiplicative|sum,synthetic_clf,threshold,0.7618055555555555
dcor|mutual_info_sklearn|multiplicative|sum,synthetic_clf,val_fixed_k,0.763888888888889
dcor|mutual_info_sklearn|multiplicative|sum,synthetic_clf,val_threshold,0.8105555555555556
dcor|mutual_info_sklearn|quotient|max,breast_cancer,fixed_k,0.9260891257788162
dcor|mutual_info_sklearn|quotient|max,breast_cancer,threshold,0.953042859228972
dcor|mutual_info_sklearn|quotient|max,breast_cancer,val_fixed_k,0.9414500584112149
dcor|mutual_info_sklearn|quotient|max,breast_cancer,val_threshold,0.953628796728972
dcor|mutual_info_sklearn|quotient|max,diabetes,fixed_k,0.22017152215864816
dcor|mutual_info_sklearn|quotient|max,diabetes,threshold,0.39624275022054617
dcor|mutual_info_sklearn|quotient|max,diabetes,val_fixed_k,0.38841048390972877
dcor|mutual_info_sklearn|quotient|max,diabetes,val_threshold,0.39420432702179115
dcor|mutual_info_sklearn|quotient|max,friedman1,fixed_k,0.5530664752573426
dcor|mutual_info_sklearn|quotient|max,friedman1,threshold,0.8273580313363214
dcor|mutual_info_sklearn|quotient|max,friedman1,val_fixed_k,0.8383212464233925
dcor|mutual_info_sklearn|quotient|max,friedman1,val_threshold,0.8273580313363214
dcor|mutual_info_sklearn|quotient|max,synthetic_clf,fixed_k,0.6262962962962962
dcor|mutual_info_sklearn|quotient|max,synthetic_clf,threshold,0.8087500000000001
dcor|mutual_info_sklearn|quotient|max,synthetic_clf,val_fixed_k,0.6833333333333333
dcor|mutual_info_sklearn|quotient|max,synthetic_clf,val_threshold,0.803888888888889
dcor|mutual_info_sklearn|quotient|mean,breast_cancer,fixed_k,0.9258810358255452
dcor|mutual_info_sklearn|quotient|mean,breast_cancer,threshold,0.9548773364485982
dcor|mutual_info_sklearn|quotient|mean,breast_cancer,val_fixed_k,0.9453636098130842
dcor|mutual_info_sklearn|quotient|mean,breast_cancer,val_threshold,0.9548773364485982
dcor|mutual_info_sklearn|quotient|mean,diabetes,fixed_k,0.22462828759945613
dcor|mutual_info_sklearn|quotient|mean,diabetes,threshold,0.39445049507488905
dcor|mutual_info_sklearn|quotient|mean,diabetes,val_fixed_k,0.3613386540558195
dcor|mutual_info_sklearn|quotient|mean,diabetes,val_threshold,0.39445049507488905
dcor|mutual_info_sklearn|quotient|mean,friedman1,fixed_k,0.5527458310236596
dcor|mutual_info_sklearn|quotient|mean,friedman1,threshold,0.8273599290895394
dcor|mutual_info_sklearn|quotient|mean,friedman1,val_fixed_k,0.838081131189878
dcor|mutual_info_sklearn|quotient|mean,friedman1,val_threshold,0.8273599290895394
dcor|mutual_info_sklearn|quotient|mean,synthetic_clf,fixed_k,0.6296296296296297
dcor|mutual_info_sklearn|quotient|mean,synthetic_clf,threshold,0.8216666666666667
dcor|mutual_info_sklearn|quotient|mean,synthetic_clf,val_fixed_k,0.6799999999999999
dcor|mutual_info_sklearn|quotient|mean,synthetic_clf,val_threshold,0.8216666666666667
dcor|mutual_info_sklearn|quotient|sum,breast_cancer,fixed_k,0.9258810358255452
dcor|mutual_info_sklearn|quotient|sum,breast_cancer,threshold,0.9557790595794392
dcor|mutual_info_sklearn|quotient|sum,breast_cancer,val_fixed_k,0.9453636098130842
dcor|mutual_info_sklearn|quotient|sum,breast_cancer,val_threshold,0.9603533878504672
dcor|mutual_info_sklearn|quotient|sum,diabetes,fixed_k,0.22462828759945613
dcor|mutual_info_sklearn|quotient|sum,diabetes,threshold,0.39295039080467375
dcor|mutual_info_sklearn|quotient|sum,diabetes,val_fixed_k,0.3613386540558195
dcor|mutual_info_sklearn|quotient|sum,diabetes,val_threshold,0.3904216640653894
dcor|mutual_info_sklearn|quotient|sum,friedman1,fixed_k,0.5500344621321054
dcor|mutual_info_sklearn|quotient|sum,friedman1,threshold,0.8272826034519346
dcor|mutual_info_sklearn|quotient|sum,friedman1,val_fixed_k,0.8379322953163969
dcor|mutual_info_sklearn|quotient|sum,friedman1,val_threshold,0.8272826034519346
dcor|mutual_info_sklearn|quotient|sum,synthetic_clf,fixed_k,0.6224074074074074
dcor|mutual_info_sklearn|quotient|sum,synthetic_clf,threshold,0.79625
dcor|mutual_info_sklearn|quotient|sum,synthetic_clf,val_fixed_k,0.6616666666666667
dcor|mutual_info_sklearn|quotient|sum,synthetic_clf,val_threshold,0.8072222222222223
dcor|pearson_abs|difference|max,breast_cancer,fixed_k,0.927570093457944
dcor|pearson_abs|difference|max,breast_cancer,threshold,0.9325697283878505
dcor|pearson_abs|difference|max,breast_cancer,val_fixed_k,0.9445896612149532
dcor|pearson_abs|difference|max,breast_cancer,val_threshold,0.943333820093458
dcor|pearson_abs|difference|max,diabetes,fixed_k,0.2940167242629054
dcor|pearson_abs|difference|max,diabetes,threshold,0.1844768839477595
dcor|pearson_abs|difference|max,diabetes,val_fixed_k,0.3702665404933451
dcor|pearson_abs|difference|max,diabetes,val_threshold,0.3177381568918774
dcor|pearson_abs|difference|max,friedman1,fixed_k,0.6259612317892488
dcor|pearson_abs|difference|max,friedman1,threshold,0.8342283025645847
dcor|pearson_abs|difference|max,friedman1,val_fixed_k,0.8461010779412119
dcor|pearson_abs|difference|max,friedman1,val_threshold,0.8429249816591756
dcor|pearson_abs|difference|max,synthetic_clf,fixed_k,0.6248148148148148
dcor|pearson_abs|difference|max,synthetic_clf,threshold,0.62375
dcor|pearson_abs|difference|max,synthetic_clf,val_fixed_k,0.6494444444444445
dcor|pearson_abs|difference|max,synthetic_clf,val_threshold,0.6588888888888889
dcor|pearson_abs|difference|mean,breast_cancer,fixed_k,0.9239814544392523
dcor|pearson_abs|difference|mean,breast_cancer,threshold,0.9486802716121495
dcor|pearson_abs|difference|mean,breast_cancer,val_fixed_k,0.941771320093458
dcor|pearson_abs|difference|mean,breast_cancer,val_threshold,0.953636098130841
dcor|pearson_abs|difference|mean,diabetes,fixed_k,0.29161969624628653
dcor|pearson_abs|difference|mean,diabetes,threshold,0.19281709901835534
dcor|pearson_abs|difference|mean,diabetes,val_fixed_k,0.3700776269899898
dcor|pearson_abs|difference|mean,diabetes,val_threshold,0.33861413179937533
dcor|pearson_abs|difference|mean,friedman1,fixed_k,0.6265628910663915
dcor|pearson_abs|difference|mean,friedman1,threshold,0.8361599778216521
dcor|pearson_abs|difference|mean,friedman1,val_fixed_k,0.8566121424323315
dcor|pearson_abs|difference|mean,friedman1,val_threshold,0.8599791600037971
dcor|pearson_abs|difference|mean,synthetic_clf,fixed_k,0.6558333333333334
dcor|pearson_abs|difference|mean,synthetic_clf,threshold,0.6922222222222223
dcor|pearson_abs|difference|mean,synthetic_clf,val_fixed_k,0.7322222222222222
dcor|pearson_abs|difference|mean,synthetic_clf,val_threshold,0.7688888888888888
dcor|pearson_abs|difference|sum,breast_cancer,fixed_k,0.9273108936915888
dcor|pearson_abs|difference|sum,breast_cancer,threshold,0.9121988171728972
dcor|pearson_abs|difference|sum,breast_cancer,val_fixed_k,0.9467654789719626
dcor|pearson_abs|difference|sum,breast_cancer,val_threshold,0.9146174065420561
dcor|pearson_abs|difference|sum,diabetes,fixed_k,0.29887463739708003
dcor|pearson_abs|difference|sum,diabetes,threshold,0.18554719832155675
dcor|pearson_abs|difference|sum,diabetes,val_fixed_k,0.37557792430931136
dcor|pearson_abs|difference|sum,diabetes,val_threshold,0.2201374944119964
dcor|pearson_abs|difference|sum,friedman1,fixed_k,0.6216894643884682
dcor|pearson_abs|difference|sum,friedman1,threshold,0.80452188317974
dcor|pearson_abs|difference|sum,friedman1,val_fixed_k,0.836828681485035
dcor|pearson_abs|difference|sum,friedman1,val_threshold,0.8094022718852658
dcor|pearson_abs|difference|sum,synthetic_clf,fixed_k,0.6005555555555555
dcor|pearson_abs|difference|sum,synthetic_clf,threshold,0.5886111111111111
dcor|pearson_abs|difference|sum,synthetic_clf,val_fixed_k,0.6188888888888889
dcor|pearson_abs|difference|sum,synthetic_clf,val_threshold,0.5944444444444444
dcor|pearson_abs|multiplicative|max,breast_cancer,fixed_k,0.9253066588785047
dcor|pearson_abs|multiplicative|max,breast_cancer,threshold,0.9519567757009346
dcor|pearson_abs|multiplicative|max,breast_cancer,val_fixed_k,0.9448890186915888
dcor|pearson_abs|multiplicative|max,breast_cancer,val_threshold,0.9509856892523365
dcor|pearson_abs|multiplicative|max,diabetes,fixed_k,0.29406618088944925
dcor|pearson_abs|multiplicative|max,diabetes,threshold,0.376699246686131
dcor|pearson_abs|multiplicative|max,diabetes,val_fixed_k,0.3688349371361431
dcor|pearson_abs|multiplicative|max,diabetes,val_threshold,0.3908162918266456
dcor|pearson_abs|multiplicative|max,friedman1,fixed_k,0.6264724846385454
dcor|pearson_abs|multiplicative|max,friedman1,threshold,0.8317423141667619
dcor|pearson_abs|multiplicative|max,friedman1,val_fixed_k,0.8570520880844882
dcor|pearson_abs|multiplicative|max,friedman1,val_threshold,0.8524852980696733
dcor|pearson_abs|multiplicative|max,synthetic_clf,fixed_k,0.674074074074074
dcor|pearson_abs|multiplicative|max,synthetic_clf,threshold,0.7479166666666667
dcor|pearson_abs|multiplicative|max,synthetic_clf,val_fixed_k,0.7377777777777778
dcor|pearson_abs|multiplicative|max,synthetic_clf,val_threshold,0.8027777777777778
dcor|pearson_abs|multiplicative|mean,breast_cancer,fixed_k,0.9221341997663551
dcor|pearson_abs|multiplicative|mean,breast_cancer,threshold,0.9536707797897197
dcor|pearson_abs|multiplicative|mean,breast_cancer,val_fixed_k,0.943333820093458
dcor|pearson_abs|multiplicative|mean,breast_cancer,val_threshold,0.9569071261682243
dcor|pearson_abs|multiplicative|mean,diabetes,fixed_k,0.29283253872420284
dcor|pearson_abs|multiplicative|mean,diabetes,threshold,0.3860576192871937
dcor|pearson_abs|multiplicative|mean,diabetes,val_fixed_k,0.3615890233099158
dcor|pearson_abs|multiplicative|mean,diabetes,val_threshold,0.3834615088101867
dcor|pearson_abs|multiplicative|mean,friedman1,fixed_k,0.626479092421232
dcor|pearson_abs|multiplicative|mean,friedman1,threshold,0.8313074920709937
dcor|pearson_abs|multiplicative|mean,friedman1,val_fixed_k,0.8570520880844882
dcor|pearson_abs|multiplicative|mean,friedman1,val_threshold,0.8399593897637686
dcor|pearson_abs|multiplicative|mean,synthetic_clf,fixed_k,0.6934259259259259
dcor|pearson_abs|multiplicative|mean,synthetic_clf,threshold,0.7745833333333334
dcor|pearson_abs|multiplicative|mean,synthetic_clf,val_fixed_k,0.7833333333333334
dcor|pearson_abs|multiplicative|mean,synthetic_clf,val_threshold,0.8238888888888889
dcor|pearson_abs|multiplicative|sum,breast_cancer,fixed_k,0.9255427375389408
dcor|pearson_abs|multiplicative|sum,breast_cancer,threshold,0.9424759053738319
dcor|pearson_abs|multiplicative|sum,breast_cancer,val_fixed_k,0.9430271612149532
dcor|pearson_abs|multiplicative|sum,breast_cancer,val_threshold,0.9436404789719626
dcor|pearson_abs|multiplicative|sum,diabetes,fixed_k,0.2915508526217641
dcor|pearson_abs|multiplicative|sum,diabetes,threshold,0.34133444468928065
dcor|pearson_abs|multiplicative|sum,diabetes,val_fixed_k,0.36698137208900644
dcor|pearson_abs|multiplicative|sum,diabetes,val_threshold,0.36653568073052956
dcor|pearson_abs|multiplicative|sum,friedman1,fixed_k,0.626396193346087
dcor|pearson_abs|multiplicative|sum,friedman1,threshold,0.8328636891319624
dcor|pearson_abs|multiplicative|sum,friedman1,val_fixed_k,0.8592287613020233
dcor|pearson_abs|multiplicative|sum,friedman1,val_threshold,0.8590668919635114
dcor|pearson_abs|multiplicative|sum,synthetic_clf,fixed_k,0.6567592592592593
dcor|pearson_abs|multiplicative|sum,synthetic_clf,threshold,0.7075
dcor|pearson_abs|multiplicative|sum,synthetic_clf,val_fixed_k,0.6961111111111111
dcor|pearson_abs|multiplicative|sum,synthetic_clf,val_threshold,0.8150000000000001
dcor|pearson_abs|quotient|max,breast_cancer,fixed_k,0.9260599201713396
dcor|pearson_abs|quotient|max,breast_cancer,threshold,0.9549193195093458
dcor|pearson_abs|quotient|max,breast_cancer,val_fixed_k,0.9487952686915888
dcor|pearson_abs|quotient|max,breast_cancer,val_threshold,0.9550379672897197
dcor|pearson_abs|quotient|max,diabetes,fixed_k,0.29345925599663497
dcor|pearson_abs|quotient|max,diabetes,threshold,0.39059046829692096
dcor|pearson_abs|quotient|max,diabetes,val_fixed_k,0.3700340617059992
dcor|pearson_abs|quotient|max,diabetes,val_threshold,0.3905690668326763
dcor|pearson_abs|quotient|max,friedman1,fixed_k,0.5802619315964308
dcor|pearson_abs|quotient|max,friedman1,threshold,0.8265189363865971
dcor|pearson_abs|quotient|max,friedman1,val_fixed_k,0.8465337884316659
dcor|pearson_abs|quotient|max,friedman1,val_threshold,0.8265189363865971
dcor|pearson_abs|quotient|max,synthetic_clf,fixed_k,0.5941666666666666
dcor|pearson_abs|quotient|max,synthetic_clf,threshold,0.805
dcor|pearson_abs|quotient|max,synthetic_clf,val_fixed_k,0.5905555555555556
dcor|pearson_abs|quotient|max,synthetic_clf,val_threshold,0.8005555555555557
dcor|pearson_abs|quotient|mean,breast_cancer,fixed_k,0.9209367698598131
dcor|pearson_abs|quotient|mean,breast_cancer,threshold,0.9530081775700936
dcor|pearson_abs|quotient|mean,breast_cancer,val_fixed_k,0.9473933995327103
dcor|pearson_abs|quotient|mean,breast_cancer,val_threshold,0.9530081775700936
dcor|pearson_abs|quotient|mean,diabetes,fixed_k,0.2936327290372919
dcor|pearson_abs|quotient|mean,diabetes,threshold,0.39512290968745173
dcor|pearson_abs|quotient|mean,diabetes,val_fixed_k,0.3783037273910605
dcor|pearson_abs|quotient|mean,diabetes,val_threshold,0.39459515198780215
dcor|pearson_abs|quotient|mean,friedman1,fixed_k,0.5817904906011041
dcor|pearson_abs|quotient|mean,friedman1,threshold,0.8268516847484184
dcor|pearson_abs|quotient|mean,friedman1,val_fixed_k,0.8425185365009252
dcor|pearson_abs|quotient|mean,friedman1,val_threshold,0.8268516847484184
dcor|pearson_abs|quotient|mean,synthetic_clf,fixed_k,0.6
dcor|pearson_abs|quotient|mean,synthetic_clf,threshold,0.82
dcor|pearson_abs|quotient|mean,synthetic_clf,val_fixed_k,0.6255555555555555
dcor|pearson_abs|quotient|mean,synthetic_clf,val_threshold,0.82
dcor|pearson_abs|quotient|sum,breast_cancer,fixed_k,0.9209367698598131
dcor|pearson_abs|quotient|sum,breast_cancer,threshold,0.953281980140187
dcor|pearson_abs|quotient|sum,breast_cancer,val_fixed_k,0.9473933995327103
dcor|pearson_abs|quotient|sum,breast_cancer,val_threshold,0.953636098130841
dcor|pearson_abs|quotient|sum,diabetes,fixed_k,0.2936327290372919
dcor|pearson_abs|quotient|sum,diabetes,threshold,0.3832859989402546
dcor|pearson_abs|quotient|sum,diabetes,val_fixed_k,0.3783037273910605
dcor|pearson_abs|quotient|sum,diabetes,val_threshold,0.38887711892613325
dcor|pearson_abs|quotient|sum,friedman1,fixed_k,0.5817904906011041
dcor|pearson_abs|quotient|sum,friedman1,threshold,0.8281046303415194
dcor|pearson_abs|quotient|sum,friedman1,val_fixed_k,0.8425185365009252
dcor|pearson_abs|quotient|sum,friedman1,val_threshold,0.830909039104396
dcor|pearson_abs|quotient|sum,synthetic_clf,fixed_k,0.6
dcor|pearson_abs|quotient|sum,synthetic_clf,threshold,0.7656944444444445
dcor|pearson_abs|quotient|sum,synthetic_clf,val_fixed_k,0.6255555555555555
dcor|pearson_abs|quotient|sum,synthetic_clf,val_threshold,0.82
dcor|spearman_abs|difference|max,breast_cancer,fixed_k,0.9363877531152648
dcor|spearman_abs|difference|max,breast_cancer,threshold,0.9296418662383177
dcor|spearman_abs|difference|max,breast_cancer,val_fixed_k,0.9539427570093458
dcor|spearman_abs|difference|max,breast_cancer,val_threshold,0.9520808995327104
dcor|spearman_abs|difference|max,diabetes,fixed_k,0.2769992007621755
dcor|spearman_abs|difference|max,diabetes,threshold,0.11820791735392755
dcor|spearman_abs|difference|max,diabetes,val_fixed_k,0.3761475777781881
dcor|spearman_abs|difference|max,diabetes,val_threshold,0.24889774850708052
dcor|spearman_abs|difference|max,friedman1,fixed_k,0.6259512078828222
dcor|spearman_abs|difference|max,friedman1,threshold,0.8354668789068029
dcor|spearman_abs|difference|max,friedman1,val_fixed_k,0.8458581767159916
dcor|spearman_abs|difference|max,friedman1,val_threshold,0.8426752262817457
dcor|spearman_abs|difference|max,synthetic_clf,fixed_k,0.6178703703703704
dcor|spearman_abs|difference|max,synthetic_clf,threshold,0.6247222222222222
dcor|spearman_abs|difference|max,synthetic_clf,val_fixed_k,0.6472222222222223
dcor|spearman_abs|difference|max,synthetic_clf,val_threshold,0.655
dcor|spearman_abs|difference|mean,breast_cancer,fixed_k,0.9332883080218068
dcor|spearman_abs|difference|mean,breast_cancer,threshold,0.9336959696261683
dcor|spearman_abs|difference|mean,breast_cancer,val_fixed_k,0.938011098130841
dcor|spearman_abs|difference|mean,breast_cancer,val_threshold,0.9548773364485982
dcor|spearman_abs|difference|mean,diabetes,fixed_k,0.2713654450461742
dcor|spearman_abs|difference|mean,diabetes,threshold,0.13232876544861044
dcor|spearman_abs|difference|mean,diabetes,val_fixed_k,0.37371126856565706
dcor|spearman_abs|difference|mean,diabetes,val_threshold,0.21489489674277054
dcor|spearman_abs|difference|mean,friedman1,fixed_k,0.6264535605168801
dcor|spearman_abs|difference|mean,friedman1,threshold,0.8358370817537969
dcor|spearman_abs|difference|mean,friedman1,val_fixed_k,0.8565206756552767
dcor|spearman_abs|difference|mean,friedman1,val_threshold,0.8589106826007304
dcor|spearman_abs|difference|mean,synthetic_clf,fixed_k,0.6548148148148148
dcor|spearman_abs|difference|mean,synthetic_clf,threshold,0.6973611111111111
dcor|spearman_abs|difference|mean,synthetic_clf,val_fixed_k,0.725
dcor|spearman_abs|difference|mean,synthetic_clf,val_threshold,0.7861111111111111
dcor|spearman_abs|difference|sum,breast_cancer,fixed_k,0.9364388629283489
dcor|spearman_abs|difference|sum,breast_cancer,threshold,0.924211448598131
dcor|spearman_abs|difference|sum,breast_cancer,val_fixed_k,0.9495619158878504
dcor|spearman_abs|difference|sum,breast_cancer,val_threshold,0.9350540303738318
dcor|spearman_abs|difference|sum,diabetes,fixed_k,0.2583249415486962
dcor|spearman_abs|difference|sum,diabetes,threshold,0.08609411667735077
dcor|spearman_abs|difference|sum,diabetes,val_fixed_k,0.3798981887204156
dcor|spearman_abs|difference|sum,diabetes,val_threshold,0.15111145877493778
dcor|spearman_abs|difference|sum,friedman1,fixed_k,0.621668338937015
dcor|spearman_abs|difference|sum,friedman1,threshold,0.8057731431098046
dcor|spearman_abs|difference|sum,friedman1,val_fixed_k,0.8370498863204695
dcor|spearman_abs|difference|sum,friedman1,val_threshold,0.8126388896258886
dcor|spearman_abs|difference|sum,synthetic_clf,fixed_k,0.5956481481481481
dcor|spearman_abs|difference|sum,synthetic_clf,threshold,0.5898611111111112
dcor|spearman_abs|difference|sum,synthetic_clf,val_fixed_k,0.6155555555555556
dcor|spearman_abs|difference|sum,synthetic_clf,val_threshold,0.595
dcor|spearman_abs|multiplicative|max,breast_cancer,fixed_k,0.9351891063084111
dcor|spearman_abs|multiplicative|max,breast_cancer,threshold,0.9475010952102803
dcor|spearman_abs|multiplicative|max,breast_cancer,val_fixed_k,0.948167348130841
dcor|spearman_abs|multiplicative|max,breast_cancer,val_threshold,0.945823598130841
dcor|spearman_abs|multiplicative|max,diabetes,fixed_k,0.29471735465096865
dcor|spearman_abs|multiplicative|max,diabetes,threshold,0.3782554595956499
dcor|spearman_abs|multiplicative|max,diabetes,val_fixed_k,0.3685634041793513
dcor|spearman_abs|multiplicative|max,diabetes,val_threshold,0.39010853575603044
dcor|spearman_abs|multiplicative|max,friedman1,fixed_k,0.6245148602425664
dcor|spearman_abs|multiplicative|max,friedman1,threshold,0.8317124018626517
dcor|spearman_abs|multiplicative|max,friedman1,val_fixed_k,0.8568358378857817
dcor|spearman_abs|multiplicative|max,friedman1,val_threshold,0.852269047870967
dcor|spearman_abs|multiplicative|max,synthetic_clf,fixed_k,0.6749074074074074
dcor|spearman_abs|multiplicative|max,synthetic_clf,threshold,0.7504166666666666
dcor|spearman_abs|multiplicative|max,synthetic_clf,val_fixed_k,0.7283333333333333
dcor|spearman_abs|multiplicative|max,synthetic_clf,val_threshold,0.8116666666666668
dcor|spearman_abs|multiplicative|mean,breast_cancer,fixed_k,0.9364388629283489
dcor|spearman_abs|multiplicative|mean,breast_cancer,threshold,0.9552296290887851
dcor|spearman_abs|multiplicative|mean,breast_cancer,val_fixed_k,0.955191296728972
dcor|spearman_abs|multiplicative|mean,breast_cancer,val_threshold,0.955191296728972
dcor|spearman_abs|multiplicative|mean,diabetes,fixed_k,0.2937769374180445
dcor|spearman_abs|multiplicative|mean,diabetes,threshold,0.3855184241029265
dcor|spearman_abs|multiplicative|mean,diabetes,val_fixed_k,0.3702496021256397
dcor|spearman_abs|multiplicative|mean,diabetes,val_threshold,0.38252878807613927
dcor|spearman_abs|multiplicative|mean,friedman1,fixed_k,0.6245214680252531
dcor|spearman_abs|multiplicative|mean,friedman1,threshold,0.8312775797668834
dcor|spearman_abs|multiplicative|mean,friedman1,val_fixed_k,0.8568358378857817
dcor|spearman_abs|multiplicative|mean,friedman1,val_threshold,0.8397431395650623
dcor|spearman_abs|multiplicative|mean,synthetic_clf,fixed_k,0.6932407407407408
dcor|spearman_abs|multiplicative|mean,synthetic_clf,threshold,0.7693055555555556
dcor|spearman_abs|multiplicative|mean,synthetic_clf,val_fixed_k,0.7811111111111111
dcor|spearman_abs|multiplicative|mean,synthetic_clf,val_threshold,0.8150000000000001
dcor|spearman_abs|multiplicative|sum,breast_cancer,fixed_k,0.9374574084890966
dcor|spearman_abs|multiplicative|sum,breast_cancer,threshold,0.9510623539719626
dcor|spearman_abs|multiplicative|sum,breast_cancer,val_fixed_k,0.952073598130841
dcor|spearman_abs|multiplicative|sum,breast_cancer,val_threshold,0.9501971378504674
dcor|spearman_abs|multiplicative|sum,diabetes,fixed_k,0.29423831982503634
dcor|spearman_abs|multiplicative|sum,diabetes,threshold,0.3397335017983496
dcor|spearman_abs|multiplicative|sum,diabetes,val_fixed_k,0.36649529965215255
dcor|spearman_abs|multiplicative|sum,diabetes,val_threshold,0.37824043352315784
dcor|spearman_abs|multiplicative|sum,friedman1,fixed_k,0.6244557078196834
dcor|spearman_abs|multiplicative|sum,friedman1,threshold,0.832942229056487
dcor|spearman_abs|multiplicative|sum,friedman1,val_fixed_k,0.8590825459047297
dcor|spearman_abs|multiplicative|sum,friedman1,val_threshold,0.8593166940533179
dcor|spearman_abs|multiplicative|sum,synthetic_clf,fixed_k,0.6552777777777778
dcor|spearman_abs|multiplicative|sum,synthetic_clf,threshold,0.7051388888888889
dcor|spearman_abs|multiplicative|sum,synthetic_clf,val_fixed_k,0.6922222222222223
dcor|spearman_abs|multiplicative|sum,synthetic_clf,val_threshold,0.8083333333333333
dcor|spearman_abs|quotient|max,breast_cancer,fixed_k,0.9176839953271028
dcor|spearman_abs|quotient|max,breast_cancer,threshold,0.9521466121495328
dcor|spearman_abs|quotient|max,breast_cancer,val_fixed_k,0.9470794392523365
dcor|spearman_abs|quotient|max,breast_cancer,val_threshold,0.9500365070093458
dcor|spearman_abs|quotient|max,diabetes,fixed_k,0.2713824994555603
dcor|spearman_abs|quotient|max,diabetes,threshold,0.39356507372319727
dcor|spearman_abs|quotient|max,diabetes,val_fixed_k,0.36732207916129955
dcor|spearman_abs|quotient|max,diabetes,val_threshold,0.392837281632051
dcor|spearman_abs|quotient|max,friedman1,fixed_k,0.5756677866923867
dcor|spearman_abs|quotient|max,friedman1,threshold,0.8267710817782007
dcor|spearman_abs|quotient|max,friedman1,val_fixed_k,0.8459546826756712
dcor|spearman_abs|quotient|max,friedman1,val_threshold,0.8267710817782007
dcor|spearman_abs|quotient|max,synthetic_clf,fixed_k,0.5940740740740741
dcor|spearman_abs|quotient|max,synthetic_clf,threshold,0.8076388888888889
dcor|spearman_abs|quotient|max,synthetic_clf,val_fixed_k,0.6344444444444444
dcor|spearman_abs|quotient|max,synthetic_clf,val_threshold,0.8044444444444444
dcor|spearman_abs|quotient|mean,breast_cancer,fixed_k,0.9214576031931465
dcor|spearman_abs|quotient|mean,breast_cancer,threshold,0.9512923481308411
dcor|spearman_abs|quotient|mean,breast_cancer,val_fixed_k,0.944896320093458
dcor|spearman_abs|quotient|mean,breast_cancer,val_threshold,0.9512923481308411
dcor|spearman_abs|quotient|mean,diabetes,fixed_k,0.2640578195616317
dcor|spearman_abs|quotient|mean,diabetes,threshold,0.39470226361715055
dcor|spearman_abs|quotient|mean,diabetes,val_fixed_k,0.37762320883311
dcor|spearman_abs|quotient|mean,diabetes,val_threshold,0.39417450591750103
dcor|spearman_abs|quotient|mean,friedman1,fixed_k,0.5816174345028248
dcor|spearman_abs|quotient|mean,friedman1,threshold,0.8271077380887417
dcor|spearman_abs|quotient|mean,friedman1,val_fixed_k,0.8430199891741672
dcor|spearman_abs|quotient|mean,friedman1,val_threshold,0.8271077380887417
dcor|spearman_abs|quotient|mean,synthetic_clf,fixed_k,0.5942592592592593
dcor|spearman_abs|quotient|mean,synthetic_clf,threshold,0.8077777777777777
dcor|spearman_abs|quotient|mean,synthetic_clf,val_fixed_k,0.6722222222222223
dcor|spearman_abs|quotient|mean,synthetic_clf,val_threshold,0.8077777777777777
dcor|spearman_abs|quotient|sum,breast_cancer,fixed_k,0.9214576031931465
dcor|spearman_abs|quotient|sum,breast_cancer,threshold,0.9547240070093459
dcor|spearman_abs|quotient|sum,breast_cancer,val_fixed_k,0.944896320093458
dcor|spearman_abs|quotient|sum,breast_cancer,val_threshold,0.9584696261682243
dcor|spearman_abs|quotient|sum,diabetes,fixed_k,0.2640578195616317
dcor|spearman_abs|quotient|sum,diabetes,threshold,0.38028092287873905
dcor|spearman_abs|quotient|sum,diabetes,val_fixed_k,0.37762320883311
dcor|spearman_abs|quotient|sum,diabetes,val_threshold,0.3881453994770003
dcor|spearman_abs|quotient|sum,friedman1,fixed_k,0.5816174345028248
dcor|spearman_abs|quotient|sum,friedman1,threshold,0.8285421364003429
dcor|spearman_abs|quotient|sum,friedman1,val_fixed_k,0.8430199891741672
dcor|spearman_abs|quotient|sum,friedman1,val_threshold,0.8313791081777593
dcor|spearman_abs|quotient|sum,synthetic_clf,fixed_k,0.5942592592592593
dcor|spearman_abs|quotient|sum,synthetic_clf,threshold,0.7569444444444444
dcor|spearman_abs|quotient|sum,synthetic_clf,val_fixed_k,0.6722222222222223
dcor|spearman_abs|quotient|sum,synthetic_clf,val_threshold,0.7938888888888889
f|distance_corr|difference|max,breast_cancer,fixed_k,0.9239802375389409
f|distance_corr|difference|max,breast_cancer,threshold,0.9543698890186916
f|distance_corr|difference|max,breast_cancer,val_fixed_k,0.9426985981308411
f|distance_corr|difference|max,breast_cancer,val_threshold,0.955191296728972
f|distance_corr|difference|max,diabetes,fixed_k,0.2981147666875778
f|distance_corr|difference|max,diabetes,threshold,0.38906093774577266
f|distance_corr|difference|max,diabetes,val_fixed_k,0.3821792899085732
f|distance_corr|difference|max,diabetes,val_threshold,0.38863393544099006
f|distance_corr|difference|max,friedman1,fixed_k,0.61654911368793
f|distance_corr|difference|max,friedman1,threshold,0.8165125596020071
f|distance_corr|difference|max,friedman1,val_fixed_k,0.8255714655742808
f|distance_corr|difference|max,friedman1,val_threshold,0.8109042013442919
f|distance_corr|difference|max,synthetic_clf,fixed_k,0.6864814814814815
f|distance_corr|difference|max,synthetic_clf,threshold,0.8150000000000001
f|distance_corr|difference|max,synthetic_clf,val_fixed_k,0.8027777777777778
f|distance_corr|difference|max,synthetic_clf,val_threshold,0.8155555555555555
f|distance_corr|difference|mean,breast_cancer,fixed_k,0.9239802375389409
f|distance_corr|difference|mean,breast_cancer,threshold,0.9528858790887851
f|distance_corr|difference|mean,breast_cancer,val_fixed_k,0.9426985981308411
f|distance_corr|difference|mean,breast_cancer,val_threshold,0.9545633761682243
f|distance_corr|difference|mean,diabetes,fixed_k,0.2981147666875778
f|distance_corr|difference|mean,diabetes,threshold,0.3898004945185406
f|distance_corr|difference|mean,diabetes,val_fixed_k,0.3821792899085732
f|distance_corr|difference|mean,diabetes,val_threshold,0.3898004945185406
f|distance_corr|difference|mean,friedman1,fixed_k,0.6164338452135925
f|distance_corr|difference|mean,friedman1,threshold,0.8176014654357022
f|distance_corr|difference|mean,friedman1,val_fixed_k,0.8247453724554553
f|distance_corr|difference|mean,friedman1,val_threshold,0.8183074107561155
f|distance_corr|difference|mean,synthetic_clf,fixed_k,0.6864814814814815
f|distance_corr|difference|mean,synthetic_clf,threshold,0.8190277777777778
f|distance_corr|difference|mean,synthetic_clf,val_fixed_k,0.8055555555555556
f|distance_corr|difference|mean,synthetic_clf,val_threshold,0.8172222222222223
f|distance_corr|difference|sum,breast_cancer,fixed_k,0.9239802375389409
f|distance_corr|difference|sum,breast_cancer,threshold,0.954410046728972
f|distance_corr|difference|sum,breast_cancer,val_fixed_k,0.9426985981308411
f|distance_corr|difference|sum,breast_cancer,val_threshold,0.954410046728972
f|distance_corr|difference|sum,diabetes,fixed_k,0.2981438624370607
f|distance_corr|difference|sum,diabetes,threshold,0.387281734819663
f|distance_corr|difference|sum,diabetes,val_fixed_k,0.3814659876400808
f|distance_corr|difference|sum,diabetes,val_threshold,0.387281734819663
f|distance_corr|difference|sum,friedman1,fixed_k,0.6165598051541045
f|distance_corr|difference|sum,friedman1,threshold,0.8031368790977684
f|distance_corr|difference|sum,friedman1,val_fixed_k,0.8258635159554666
f|distance_corr|difference|sum,friedman1,val_threshold,0.8034380645837367
f|distance_corr|difference|sum,synthetic_clf,fixed_k,0.687037037037037
f|distance_corr|difference|sum,synthetic_clf,threshold,0.8161111111111111
f|distance_corr|difference|sum,synthetic_clf,val_fixed_k,0.8027777777777778
f|distance_corr|difference|sum,synthetic_clf,val_threshold,0.8150000000000001
f|distance_corr|multiplicative|max,breast_cancer,fixed_k,0.9374805295950156
f|distance_corr|multiplicative|max,breast_cancer,threshold,0.9514420268691589
f|distance_corr|multiplicative|max,breast_cancer,val_fixed_k,0.9503504672897197
f|distance_corr|multiplicative|max,breast_cancer,val_threshold,0.951285046728972
f|distance_corr|multiplicative|max,diabetes,fixed_k,0.29965951540871577
f|distance_corr|multiplicative|max,diabetes,threshold,0.3910559426947314
f|distance_corr|multiplicative|max,diabetes,val_fixed_k,0.37292431404591275
f|distance_corr|multiplicative|max,diabetes,val_threshold,0.39018495109965845
f|distance_corr|multiplicative|max,friedman1,fixed_k,0.6163925239644988
f|distance_corr|multiplicative|max,friedman1,threshold,0.8224252083094044
f|distance_corr|multiplicative|max,friedman1,val_fixed_k,0.8247377514507723
f|distance_corr|multiplicative|max,friedman1,val_threshold,0.8191234416892856
f|distance_corr|multiplicative|max,synthetic_clf,fixed_k,0.6887962962962962
f|distance_corr|multiplicative|max,synthetic_clf,threshold,0.8202777777777778
f|distance_corr|multiplicative|max,synthetic_clf,val_fixed_k,0.7877777777777778
f|distance_corr|multiplicative|max,synthetic_clf,val_threshold,0.8283333333333334
f|distance_corr|multiplicative|mean,breast_cancer,fixed_k,0.9286640868380063
f|distance_corr|multiplicative|mean,breast_cancer,threshold,0.9499196845794392
f|distance_corr|multiplicative|mean,breast_cancer,val_fixed_k,0.9408367406542055
f|distance_corr|multiplicative|mean,breast_cancer,val_threshold,0.9491019275700936
f|distance_corr|multiplicative|mean,diabetes,fixed_k,0.29934590478591183
f|distance_corr|multiplicative|mean,diabetes,threshold,0.39133414561666846
f|distance_corr|multiplicative|mean,diabetes,val_fixed_k,0.3782320888563228
f|distance_corr|multiplicative|mean,diabetes,val_threshold,0.3897961769158931
f|distance_corr|multiplicative|mean,friedman1,fixed_k,0.6163925239644988
f|distance_corr|multiplicative|mean,friedman1,threshold,0.8222687955511147
f|distance_corr|multiplicative|mean,friedman1,val_fixed_k,0.8247377514507723
f|distance_corr|multiplicative|mean,friedman1,val_threshold,0.8191234416892856
f|distance_corr|multiplicative|mean,synthetic_clf,fixed_k,0.692037037037037
f|distance_corr|multiplicative|mean,synthetic_clf,threshold,0.8213888888888888
f|distance_corr|multiplicative|mean,synthetic_clf,val_fixed_k,0.8033333333333333
f|distance_corr|multiplicative|mean,synthetic_clf,val_threshold,0.8222222222222222
f|distance_corr|multiplicative|sum,breast_cancer,fixed_k,0.938579390576324
f|distance_corr|multiplicative|sum,breast_cancer,threshold,0.9539482330607477
f|distance_corr|multiplicative|sum,breast_cancer,val_fixed_k,0.9534827686915888
f|distance_corr|multiplicative|sum,breast_cancer,val_threshold,0.9539500584112149
f|distance_corr|multiplicative|sum,diabetes,fixed_k,0.29630382067724653
f|distance_corr|multiplicative|sum,diabetes,threshold,0.3579133607435968
f|distance_corr|multiplicative|sum,diabetes,val_fixed_k,0.3745471218473674
f|distance_corr|multiplicative|sum,diabetes,val_threshold,0.39462473109983437
f|distance_corr|multiplicative|sum,friedman1,fixed_k,0.6163925239644988
f|distance_corr|multiplicative|sum,friedman1,threshold,0.8156256023373405
f|distance_corr|multiplicative|sum,friedman1,val_fixed_k,0.8233155383680719
f|distance_corr|multiplicative|sum,friedman1,val_threshold,0.8183372628789455
f|distance_corr|multiplicative|sum,synthetic_clf,fixed_k,0.6651851851851852
f|distance_corr|multiplicative|sum,synthetic_clf,threshold,0.7458333333333333
f|distance_corr|multiplicative|sum,synthetic_clf,val_fixed_k,0.7061111111111111
f|distance_corr|multiplicative|sum,synthetic_clf,val_threshold,0.79
f|distance_corr|quotient|max,breast_cancer,fixed_k,0.9261937792056075
f|distance_corr|quotient|max,breast_cancer,threshold,0.9520681220794392
f|distance_corr|quotient|max,breast_cancer,val_fixed_k,0.9430198598130841
f|distance_corr|quotient|max,breast_cancer,val_threshold,0.9506644275700935
f|distance_corr|quotient|max,diabetes,fixed_k,0.2996468484691438
f|distance_corr|quotient|max,diabetes,threshold,0.3932969690053198
f|distance_corr|quotient|max,diabetes,val_fixed_k,0.37323192787671566
f|distance_corr|quotient|max,diabetes,val_threshold,0.39247843894114365
f|distance_corr|quotient|max,friedman1,fixed_k,0.618921998392795
f|distance_corr|quotient|max,friedman1,threshold,0.8243749335637952
f|distance_corr|quotient|max,friedman1,val_fixed_k,0.8246706517904793
f|distance_corr|quotient|max,friedman1,val_threshold,0.8202409420444798
f|distance_corr|quotient|max,synthetic_clf,fixed_k,0.6772222222222222
f|distance_corr|quotient|max,synthetic_clf,threshold,0.8156944444444445
f|distance_corr|quotient|max,synthetic_clf,val_fixed_k,0.7422222222222222
f|distance_corr|quotient|max,synthetic_clf,val_threshold,0.8172222222222223
f|distance_corr|quotient|mean,breast_cancer,fixed_k,0.9253078757788162
f|distance_corr|quotient|mean,breast_cancer,threshold,0.9539391063084113
f|distance_corr|quotient|mean,breast_cancer,val_fixed_k,0.942552570093458
f|distance_corr|quotient|mean,breast_cancer,val_threshold,0.9540960864485981
f|distance_corr|quotient|mean,diabetes,fixed_k,0.2995510322352343
f|distance_corr|quotient|mean,diabetes,threshold,0.3939224115289607
f|distance_corr|quotient|mean,diabetes,val_fixed_k,0.37320422156413063
f|distance_corr|quotient|mean,diabetes,val_threshold,0.39300243322563183
f|distance_corr|quotient|mean,friedman1,fixed_k,0.6188611228675338
f|distance_corr|quotient|mean,friedman1,threshold,0.8253763942907794
f|distance_corr|quotient|mean,friedman1,val_fixed_k,0.8232219134285763
f|distance_corr|quotient|mean,friedman1,val_threshold,0.8245948409646189
f|distance_corr|quotient|mean,synthetic_clf,fixed_k,0.6841666666666666
f|distance_corr|quotient|mean,synthetic_clf,threshold,0.8181944444444446
f|distance_corr|quotient|mean,synthetic_clf,val_fixed_k,0.7727777777777778
f|distance_corr|quotient|mean,synthetic_clf,val_threshold,0.8138888888888889
f|distance_corr|quotient|sum,breast_cancer,fixed_k,0.9253078757788162
f|distance_corr|quotient|sum,breast_cancer,threshold,0.9534353095794392
f|distance_corr|quotient|sum,breast_cancer,val_fixed_k,0.942552570093458
f|distance_corr|quotient|sum,breast_cancer,val_threshold,0.9534754672897197
f|distance_corr|quotient|sum,diabetes,fixed_k,0.2995510322352343
f|distance_corr|quotient|sum,diabetes,threshold,0.39040353099309677
f|distance_corr|quotient|sum,diabetes,val_fixed_k,0.37320422156413063
f|distance_corr|quotient|sum,diabetes,val_threshold,0.389536824716755
f|distance_corr|quotient|sum,friedman1,fixed_k,0.6188611228675338
f|distance_corr|quotient|sum,friedman1,threshold,0.8223140750874786
f|distance_corr|quotient|sum,friedman1,val_fixed_k,0.8232219134285763
f|distance_corr|quotient|sum,friedman1,val_threshold,0.8198618768791679
f|distance_corr|quotient|sum,synthetic_clf,fixed_k,0.6841666666666666
f|distance_corr|quotient|sum,synthetic_clf,threshold,0.8147222222222222
f|distance_corr|quotient|sum,synthetic_clf,val_fixed_k,0.7727777777777778
f|distance_corr|quotient|sum,synthetic_clf,val_threshold,0.8088888888888889
f|mutual_info_sklearn|difference|max,breast_cancer,fixed_k,0.9239802375389409
f|mutual_info_sklearn|difference|max,breast_cancer,threshold,0.9516774970794393
f|mutual_info_sklearn|difference|max,breast_cancer,val_fixed_k,0.9426985981308411
f|mutual_info_sklearn|difference|max,breast_cancer,val_threshold,0.953628796728972
f|mutual_info_sklearn|difference|max,diabetes,fixed_k,0.2981438624370607
f|mutual_info_sklearn|difference|max,diabetes,threshold,0.3924361464334585
f|mutual_info_sklearn|difference|max,diabetes,val_fixed_k,0.3814659876400808
f|mutual_info_sklearn|difference|max,diabetes,val_threshold,0.39039501920621256
f|mutual_info_sklearn|difference|max,friedman1,fixed_k,0.6164467807913344
f|mutual_info_sklearn|difference|max,friedman1,threshold,0.8196712567895347
f|mutual_info_sklearn|difference|max,friedman1,val_fixed_k,0.8237580063729558
f|mutual_info_sklearn|difference|max,friedman1,val_threshold,0.8229459849181145
f|mutual_info_sklearn|difference|max,synthetic_clf,fixed_k,0.6864814814814815
f|mutual_info_sklearn|difference|max,synthetic_clf,threshold,0.81375
f|mutual_info_sklearn|difference|max,synthetic_clf,val_fixed_k,0.8055555555555556
f|mutual_info_sklearn|difference|max,synthetic_clf,val_threshold,0.8183333333333334
f|mutual_info_sklearn|difference|mean,breast_cancer,fixed_k,0.9239802375389409
f|mutual_info_sklearn|difference|mean,breast_cancer,threshold,0.9531231746495328
f|mutual_info_sklearn|difference|mean,breast_cancer,val_fixed_k,0.9426985981308411
f|mutual_info_sklearn|difference|mean,breast_cancer,val_threshold,0.9523802570093458
f|mutual_info_sklearn|difference|mean,diabetes,fixed_k,0.2981147666875778
f|mutual_info_sklearn|difference|mean,diabetes,threshold,0.39191110252954525
f|mutual_info_sklearn|difference|mean,diabetes,val_fixed_k,0.3821792899085732
f|mutual_info_sklearn|difference|mean,diabetes,val_threshold,0.3895071424408231
f|mutual_info_sklearn|difference|mean,friedman1,fixed_k,0.6164338452135925
f|mutual_info_sklearn|difference|mean,friedman1,threshold,0.8217677574220419
f|mutual_info_sklearn|difference|mean,friedman1,val_fixed_k,0.8247453724554553
f|mutual_info_sklearn|difference|mean,friedman1,val_threshold,0.8207615507206254
f|mutual_info_sklearn|difference|mean,synthetic_clf,fixed_k,0.6864814814814815
f|mutual_info_sklearn|difference|mean,synthetic_clf,threshold,0.8197222222222222
f|mutual_info_sklearn|difference|mean,synthetic_clf,val_fixed_k,0.8055555555555556
f|mutual_info_sklearn|difference|mean,synthetic_clf,val_threshold,0.8205555555555556
f|mutual_info_sklearn|difference|sum,breast_cancer,fixed_k,0.9239802375389409
f|mutual_info_sklearn|difference|sum,breast_cancer,threshold,0.9517596378504672
f|mutual_info_sklearn|difference|sum,breast_cancer,val_fixed_k,0.9426985981308411
f|mutual_info_sklearn|difference|sum,breast_cancer,val_threshold,0.9517596378504672
f|mutual_info_sklearn|difference|sum,diabetes,fixed_k,0.2981438624370607
f|mutual_info_sklearn|difference|sum,diabetes,threshold,0.3903346226286396
f|mutual_info_sklearn|difference|sum,diabetes,val_fixed_k,0.3814659876400808
f|mutual_info_sklearn|difference|sum,diabetes,val_threshold,0.38927337666276796
f|mutual_info_sklearn|difference|sum,friedman1,fixed_k,0.6180210156848055
f|mutual_info_sklearn|difference|sum,friedman1,threshold,0.8195641092403196
f|mutual_info_sklearn|difference|sum,friedman1,val_fixed_k,0.8244246359748949
f|mutual_info_sklearn|difference|sum,friedman1,val_threshold,0.816277205016253
f|mutual_info_sklearn|difference|sum,synthetic_clf,fixed_k,0.6866666666666668
f|mutual_info_sklearn|difference|sum,synthetic_clf,threshold,0.8095833333333333
f|mutual_info_sklearn|difference|sum,synthetic_clf,val_fixed_k,0.803888888888889
f|mutual_info_sklearn|difference|sum,synthetic_clf,val_threshold,0.8061111111111112
f|mutual_info_sklearn|multiplicative|max,breast_cancer,fixed_k,0.9330035533489096
f|mutual_info_sklearn|multiplicative|max,breast_cancer,threshold,0.9512047313084112
f|mutual_info_sklearn|multiplicative|max,breast_cancer,val_fixed_k,0.953628796728972
f|mutual_info_sklearn|multiplicative|max,breast_cancer,val_threshold,0.949722546728972
f|mutual_info_sklearn|multiplicative|max,diabetes,fixed_k,0.2992445927231445
f|mutual_info_sklearn|multiplicative|max,diabetes,threshold,0.39129802144036074
f|mutual_info_sklearn|multiplicative|max,diabetes,val_fixed_k,0.37042739294976
f|mutual_info_sklearn|multiplicative|max,diabetes,val_threshold,0.39427426879284877
f|mutual_info_sklearn|multiplicative|max,friedman1,fixed_k,0.6144832695043869
f|mutual_info_sklearn|multiplicative|max,friedman1,threshold,0.8222838851148137
f|mutual_info_sklearn|multiplicative|max,friedman1,val_fixed_k,0.8231181732890986
f|mutual_info_sklearn|multiplicative|max,friedman1,val_threshold,0.8201398942628378
f|mutual_info_sklearn|multiplicative|max,synthetic_clf,fixed_k,0.687962962962963
f|mutual_info_sklearn|multiplicative|max,synthetic_clf,threshold,0.8179166666666667
f|mutual_info_sklearn|multiplicative|max,synthetic_clf,val_fixed_k,0.8022222222222222
f|mutual_info_sklearn|multiplicative|max,synthetic_clf,val_threshold,0.8183333333333334
f|mutual_info_sklearn|multiplicative|mean,breast_cancer,fixed_k,0.9266038746105919
f|mutual_info_sklearn|multiplicative|mean,breast_cancer,threshold,0.9553501022196261
f|mutual_info_sklearn|multiplicative|mean,breast_cancer,val_fixed_k,0.9384856892523364
f|mutual_info_sklearn|multiplicative|mean,breast_cancer,val_threshold,0.9537894275700933
f|mutual_info_sklearn|multiplicative|mean,diabetes,fixed_k,0.2991557585774336
f|mutual_info_sklearn|multiplicative|mean,diabetes,threshold,0.392501389868512
f|mutual_info_sklearn|multiplicative|mean,diabetes,val_fixed_k,0.3823790113982288
f|mutual_info_sklearn|multiplicative|mean,diabetes,val_threshold,0.3901995463808937
f|mutual_info_sklearn|multiplicative|mean,friedman1,fixed_k,0.6144832695043869
f|mutual_info_sklearn|multiplicative|mean,friedman1,threshold,0.8218274335414767
f|mutual_info_sklearn|multiplicative|mean,friedman1,val_fixed_k,0.8231181732890986
f|mutual_info_sklearn|multiplicative|mean,friedman1,val_threshold,0.8201398942628378
f|mutual_info_sklearn|multiplicative|mean,synthetic_clf,fixed_k,0.6923148148148148
f|mutual_info_sklearn|multiplicative|mean,synthetic_clf,threshold,0.8186111111111112
f|mutual_info_sklearn|multiplicative|mean,synthetic_clf,val_fixed_k,0.8122222222222222
f|mutual_info_sklearn|multiplicative|mean,synthetic_clf,val_threshold,0.8172222222222223
f|mutual_info_sklearn|multiplicative|sum,breast_cancer,fixed_k,0.9362575447819315
f|mutual_info_sklearn|multiplicative|sum,breast_cancer,threshold,0.9546801985981308
f|mutual_info_sklearn|multiplicative|sum,breast_cancer,val_fixed_k,0.9515990070093459
f|mutual_info_sklearn|multiplicative|sum,breast_cancer,val_threshold,0.9531542056074767
f|mutual_info_sklearn|multiplicative|sum,diabetes,fixed_k,0.30052304824071535
f|mutual_info_sklearn|multiplicative|sum,diabetes,threshold,0.38656497268752765
f|mutual_info_sklearn|multiplicative|sum,diabetes,val_fixed_k,0.36958915338035814
f|mutual_info_sklearn|multiplicative|sum,diabetes,val_threshold,0.39278687610457486
f|mutual_info_sklearn|multiplicative|sum,friedman1,fixed_k,0.6144832695043869
f|mutual_info_sklearn|multiplicative|sum,friedman1,threshold,0.8224907706499277
f|mutual_info_sklearn|multiplicative|sum,friedman1,val_fixed_k,0.8231181732890986
f|mutual_info_sklearn|multiplicative|sum,friedman1,val_threshold,0.8204526855316108
f|mutual_info_sklearn|multiplicative|sum,synthetic_clf,fixed_k,0.6877777777777777
f|mutual_info_sklearn|multiplicative|sum,synthetic_clf,threshold,0.7995833333333333
f|mutual_info_sklearn|multiplicative|sum,synthetic_clf,val_fixed_k,0.7883333333333333
f|mutual_info_sklearn|multiplicative|sum,synthetic_clf,val_threshold,0.8144444444444444
f|mutual_info_sklearn|quotient|max,breast_cancer,fixed_k,0.9322028329439253
f|mutual_info_sklearn|quotient|max,breast_cancer,threshold,0.9519111419392523
f|mutual_info_sklearn|quotient|max,breast_cancer,val_fixed_k,0.9498831775700933
f|mutual_info_sklearn|quotient|max,breast_cancer,val_threshold,0.9515990070093459
f|mutual_info_sklearn|quotient|max,diabetes,fixed_k,0.2704668302226618
f|mutual_info_sklearn|quotient|max,diabetes,threshold,0.3951072519635194
f|mutual_info_sklearn|quotient|max,diabetes,val_fixed_k,0.38642002041311885
f|mutual_info_sklearn|quotient|max,diabetes,val_threshold,0.3949821331445036
f|mutual_info_sklearn|quotient|max,friedman1,fixed_k,0.5763212359134315
f|mutual_info_sklearn|quotient|max,friedman1,threshold,0.8251811173771026
f|mutual_info_sklearn|quotient|max,friedman1,val_fixed_k,0.8220923222649903
f|mutual_info_sklearn|quotient|max,friedman1,val_threshold,0.8245390740654754
f|mutual_info_sklearn|quotient|max,synthetic_clf,fixed_k,0.6524074074074074
f|mutual_info_sklearn|quotient|max,synthetic_clf,threshold,0.8126388888888888
f|mutual_info_sklearn|quotient|max,synthetic_clf,val_fixed_k,0.745
f|mutual_info_sklearn|quotient|max,synthetic_clf,val_threshold,0.8194444444444444
f|mutual_info_sklearn|quotient|mean,breast_cancer,fixed_k,0.9303020346573209
f|mutual_info_sklearn|quotient|mean,breast_cancer,threshold,0.9534754672897197
f|mutual_info_sklearn|quotient|mean,breast_cancer,val_fixed_k,0.9491019275700934
f|mutual_info_sklearn|quotient|mean,breast_cancer,val_threshold,0.954410046728972
f|mutual_info_sklearn|quotient|mean,diabetes,fixed_k,0.27038273312899846
f|mutual_info_sklearn|quotient|mean,diabetes,threshold,0.39550277155246427
f|mutual_info_sklearn|quotient|mean,diabetes,val_fixed_k,0.38283112473310615
f|mutual_info_sklearn|quotient|mean,diabetes,val_threshold,0.39550277155246427
f|mutual_info_sklearn|quotient|mean,friedman1,fixed_k,0.5813456759150172
f|mutual_info_sklearn|quotient|mean,friedman1,threshold,0.8266602272609104
f|mutual_info_sklearn|quotient|mean,friedman1,val_fixed_k,0.8175985654620694
f|mutual_info_sklearn|quotient|mean,friedman1,val_threshold,0.8238103792033659
f|mutual_info_sklearn|quotient|mean,synthetic_clf,fixed_k,0.6551851851851852
f|mutual_info_sklearn|quotient|mean,synthetic_clf,threshold,0.814861111111111
f|mutual_info_sklearn|quotient|mean,synthetic_clf,val_fixed_k,0.7333333333333333
f|mutual_info_sklearn|quotient|mean,synthetic_clf,val_threshold,0.8133333333333332
f|mutual_info_sklearn|quotient|sum,breast_cancer,fixed_k,0.929340683411215
f|mutual_info_sklearn|quotient|sum,breast_cancer,threshold,0.9526923919392523
f|mutual_info_sklearn|quotient|sum,breast_cancer,val_fixed_k,0.9494158878504673
f|mutual_info_sklearn|quotient|sum,breast_cancer,val_threshold,0.951285046728972
f|mutual_info_sklearn|quotient|sum,diabetes,fixed_k,0.27038273312899846
f|mutual_info_sklearn|quotient|sum,diabetes,threshold,0.39449115985887556
f|mutual_info_sklearn|quotient|sum,diabetes,val_fixed_k,0.38283112473310615
f|mutual_info_sklearn|quotient|sum,diabetes,val_threshold,0.3934123901899362
f|mutual_info_sklearn|quotient|sum,friedman1,fixed_k,0.5761155956512709
f|mutual_info_sklearn|quotient|sum,friedman1,threshold,0.8258498139222515
f|mutual_info_sklearn|quotient|sum,friedman1,val_fixed_k,0.8174627122941696
f|mutual_info_sklearn|quotient|sum,friedman1,val_threshold,0.8268795737597003
f|mutual_info_sklearn|quotient|sum,synthetic_clf,fixed_k,0.6483333333333333
f|mutual_info_sklearn|quotient|sum,synthetic_clf,threshold,0.8143055555555556
f|mutual_info_sklearn|quotient|sum,synthetic_clf,val_fixed_k,0.7472222222222222
f|mutual_info_sklearn|quotient|sum,synthetic_clf,val_threshold,0.8172222222222223
f|pearson_abs|difference|max,breast_cancer,fixed_k,0.9239802375389409
f|pearson_abs|difference|max,breast_cancer,threshold,0.9543698890186916
f|pearson_abs|difference|max,breast_cancer,val_fixed_k,0.9426985981308411
f|pearson_abs|difference|max,breast_cancer,val_threshold,0.955191296728972
f|pearson_abs|difference|max,diabetes,fixed_k,0.2981147666875778
f|pearson_abs|difference|max,diabetes,threshold,0.38928489624746276
f|pearson_abs|difference|max,diabetes,val_fixed_k,0.3821792899085732
f|pearson_abs|difference|max,diabetes,val_threshold,0.38863393544099006
f|pearson_abs|difference|max,friedman1,fixed_k,0.61654911368793
f|pearson_abs|difference|max,friedman1,threshold,0.8181676797877264
f|pearson_abs|difference|max,friedman1,val_fixed_k,0.8255714655742808
f|pearson_abs|difference|max,friedman1,val_threshold,0.8151330270582886
f|pearson_abs|difference|max,synthetic_clf,fixed_k,0.6864814814814815
f|pearson_abs|difference|max,synthetic_clf,threshold,0.8109722222222222
f|pearson_abs|difference|max,synthetic_clf,val_fixed_k,0.8027777777777778
f|pearson_abs|difference|max,synthetic_clf,val_threshold,0.8094444444444445
f|pearson_abs|difference|mean,breast_cancer,fixed_k,0.9239802375389409
f|pearson_abs|difference|mean,breast_cancer,threshold,0.9532765040887851
f|pearson_abs|difference|mean,breast_cancer,val_fixed_k,0.9426985981308411
f|pearson_abs|difference|mean,breast_cancer,val_threshold,0.9545633761682243
f|pearson_abs|difference|mean,diabetes,fixed_k,0.2981147666875778
f|pearson_abs|difference|mean,diabetes,threshold,0.3898004945185406
f|pearson_abs|difference|mean,diabetes,val_fixed_k,0.3821792899085732
f|pearson_abs|difference|mean,diabetes,val_threshold,0.3898004945185406
f|pearson_abs|difference|mean,friedman1,fixed_k,0.6164338452135925
f|pearson_abs|difference|mean,friedman1,threshold,0.819304568490366
f|pearson_abs|difference|mean,friedman1,val_fixed_k,0.8247453724554553
f|pearson_abs|difference|mean,friedman1,val_threshold,0.8195830929899793
f|pearson_abs|difference|mean,synthetic_clf,fixed_k,0.6864814814814815
f|pearson_abs|difference|mean,synthetic_clf,threshold,0.8158333333333333
f|pearson_abs|difference|mean,synthetic_clf,val_fixed_k,0.8055555555555556
f|pearson_abs|difference|mean,synthetic_clf,val_threshold,0.8161111111111111
f|pearson_abs|difference|sum,breast_cancer,fixed_k,0.9239802375389409
f|pearson_abs|difference|sum,breast_cancer,threshold,0.9542567172897197
f|pearson_abs|difference|sum,breast_cancer,val_fixed_k,0.9426985981308411
f|pearson_abs|difference|sum,breast_cancer,val_threshold,0.9542567172897197
f|pearson_abs|difference|sum,diabetes,fixed_k,0.2981438624370607
f|pearson_abs|difference|sum,diabetes,threshold,0.387281734819663
f|pearson_abs|difference|sum,diabetes,val_fixed_k,0.3814659876400808
f|pearson_abs|difference|sum,diabetes,val_threshold,0.387281734819663
f|pearson_abs|difference|sum,friedman1,fixed_k,0.6156936062769377
f|pearson_abs|difference|sum,friedman1,threshold,0.8044798119085625
f|pearson_abs|difference|sum,friedman1,val_fixed_k,0.8198210653695821
f|pearson_abs|difference|sum,friedman1,val_threshold,0.8021530070879234
f|pearson_abs|difference|sum,synthetic_clf,fixed_k,0.6872222222222223
f|pearson_abs|difference|sum,synthetic_clf,threshold,0.8008333333333333
f|pearson_abs|difference|sum,synthetic_clf,val_fixed_k,0.8027777777777778
f|pearson_abs|difference|sum,synthetic_clf,val_threshold,0.803888888888889
f|pearson_abs|multiplicative|max,breast_cancer,fixed_k,0.9373770930685358
f|pearson_abs|multiplicative|max,breast_cancer,threshold,0.9540979117990653
f|pearson_abs|multiplicative|max,breast_cancer,val_fixed_k,0.9506644275700934
f|pearson_abs|multiplicative|max,breast_cancer,val_threshold,0.9564398364485982
f|pearson_abs|multiplicative|max,diabetes,fixed_k,0.29971875714755936
f|pearson_abs|multiplicative|max,diabetes,threshold,0.39193037329231595
f|pearson_abs|multiplicative|max,diabetes,val_fixed_k,0.37154918007668336
f|pearson_abs|multiplicative|max,diabetes,val_threshold,0.39081885399525523
f|pearson_abs|multiplicative|max,friedman1,fixed_k,0.6164771868857645
f|pearson_abs|multiplicative|max,friedman1,threshold,0.8225878775160455
f|pearson_abs|multiplicative|max,friedman1,val_fixed_k,0.8233844204356953
f|pearson_abs|multiplicative|max,friedman1,val_threshold,0.8191923237569091
f|pearson_abs|multiplicative|max,synthetic_clf,fixed_k,0.6912037037037037
f|pearson_abs|multiplicative|max,synthetic_clf,threshold,0.8147222222222222
f|pearson_abs|multiplicative|max,synthetic_clf,val_fixed_k,0.795
f|pearson_abs|multiplicative|max,synthetic_clf,val_threshold,0.8188888888888888
f|pearson_abs|multiplicative|mean,breast_cancer,fixed_k,0.9272342289719627
f|pearson_abs|multiplicative|mean,breast_cancer,threshold,0.9526558849299066
f|pearson_abs|multiplicative|mean,breast_cancer,val_fixed_k,0.9361492406542056
f|pearson_abs|multiplicative|mean,breast_cancer,val_threshold,0.9537894275700936
f|pearson_abs|multiplicative|mean,diabetes,fixed_k,0.2992474089430546
f|pearson_abs|multiplicative|mean,diabetes,threshold,0.39115660609692493
f|pearson_abs|multiplicative|mean,diabetes,val_fixed_k,0.3815024151255889
f|pearson_abs|multiplicative|mean,diabetes,val_threshold,0.38969533047199456
f|pearson_abs|multiplicative|mean,friedman1,fixed_k,0.6164771868857645
f|pearson_abs|multiplicative|mean,friedman1,threshold,0.8221631559248206
f|pearson_abs|multiplicative|mean,friedman1,val_fixed_k,0.8233844204356953
f|pearson_abs|multiplicative|mean,friedman1,val_threshold,0.8188075181838625
f|pearson_abs|multiplicative|mean,synthetic_clf,fixed_k,0.6898148148148148
f|pearson_abs|multiplicative|mean,synthetic_clf,threshold,0.8176388888888889
f|pearson_abs|multiplicative|mean,synthetic_clf,val_fixed_k,0.7894444444444444
f|pearson_abs|multiplicative|mean,synthetic_clf,val_threshold,0.8150000000000001
f|pearson_abs|multiplicative|sum,breast_cancer,fixed_k,0.9363938376168225
f|pearson_abs|multiplicative|sum,breast_cancer,threshold,0.952659535630841
f|pearson_abs|multiplicative|sum,breast_cancer,val_fixed_k,0.9530154789719626
f|pearson_abs|multiplicative|sum,breast_cancer,val_threshold,0.9508250584112149
f|pearson_abs|multiplicative|sum,diabetes,fixed_k,0.29810190979951684
f|pearson_abs|multiplicative|sum,diabetes,threshold,0.3680630942009983
f|pearson_abs|multiplicative|sum,diabetes,val_fixed_k,0.3707205925018566
f|pearson_abs|multiplicative|sum,diabetes,val_threshold,0.3836113627786165
f|pearson_abs|multiplicative|sum,friedman1,fixed_k,0.6164771868857645
f|pearson_abs|multiplicative|sum,friedman1,threshold,0.8209549487814064
f|pearson_abs|multiplicative|sum,friedman1,val_fixed_k,0.8233844204356953
f|pearson_abs|multiplicative|sum,friedman1,val_threshold,0.8149237755079575
f|pearson_abs|multiplicative|sum,synthetic_clf,fixed_k,0.6686111111111112
f|pearson_abs|multiplicative|sum,synthetic_clf,threshold,0.7530555555555556
f|pearson_abs|multiplicative|sum,synthetic_clf,val_fixed_k,0.7322222222222222
f|pearson_abs|multiplicative|sum,synthetic_clf,val_threshold,0.8227777777777778
f|pearson_abs|quotient|max,breast_cancer,fixed_k,0.9267401674454828
f|pearson_abs|quotient|max,breast_cancer,threshold,0.9542548919392523
f|pearson_abs|quotient|max,breast_cancer,val_fixed_k,0.9452029789719626
f|pearson_abs|quotient|max,breast_cancer,val_threshold,0.9539427570093458
f|pearson_abs|quotient|max,diabetes,fixed_k,0.29971875714755936
f|pearson_abs|quotient|max,diabetes,threshold,0.3939586211399918
f|pearson_abs|quotient|max,diabetes,val_fixed_k,0.3734902901140901
f|pearson_abs|quotient|max,diabetes,val_threshold,0.39314009107581566
f|pearson_abs|quotient|max,friedman1,fixed_k,0.5971287492500047
f|pearson_abs|quotient|max,friedman1,threshold,0.8239230881075932
f|pearson_abs|quotient|max,friedman1,val_fixed_k,0.8237487732878801
f|pearson_abs|quotient|max,friedman1,val_threshold,0.8193307515473022
f|pearson_abs|quotient|max,synthetic_clf,fixed_k,0.6592592592592593
f|pearson_abs|quotient|max,synthetic_clf,threshold,0.8151388888888889
f|pearson_abs|quotient|max,synthetic_clf,val_fixed_k,0.7522222222222222
f|pearson_abs|quotient|max,synthetic_clf,val_threshold,0.8127777777777778
f|pearson_abs|quotient|mean,breast_cancer,fixed_k,0.9253078757788162
f|pearson_abs|quotient|mean,breast_cancer,threshold,0.956363171728972
f|pearson_abs|quotient|mean,breast_cancer,val_fixed_k,0.9436404789719626
f|pearson_abs|quotient|mean,breast_cancer,val_threshold,0.9562865070093458
f|pearson_abs|quotient|mean,diabetes,fixed_k,0.2979204695880259
f|pearson_abs|quotient|mean,diabetes,threshold,0.3933539082306693
f|pearson_abs|quotient|mean,diabetes,val_fixed_k,0.3734214201374201
f|pearson_abs|quotient|mean,diabetes,val_threshold,0.3937052750196789
f|pearson_abs|quotient|mean,friedman1,fixed_k,0.6005295650665802
f|pearson_abs|quotient|mean,friedman1,threshold,0.8249826215620519
f|pearson_abs|quotient|mean,friedman1,val_fixed_k,0.8238600379471768
f|pearson_abs|quotient|mean,friedman1,val_threshold,0.8245912890855271
f|pearson_abs|quotient|mean,synthetic_clf,fixed_k,0.6605555555555556
f|pearson_abs|quotient|mean,synthetic_clf,threshold,0.8186111111111112
f|pearson_abs|quotient|mean,synthetic_clf,val_fixed_k,0.7533333333333333
f|pearson_abs|quotient|mean,synthetic_clf,val_threshold,0.8255555555555556
f|pearson_abs|quotient|sum,breast_cancer,fixed_k,0.9253078757788162
f|pearson_abs|quotient|sum,breast_cancer,threshold,0.9516391647196262
f|pearson_abs|quotient|sum,breast_cancer,val_fixed_k,0.9436404789719626
f|pearson_abs|quotient|sum,breast_cancer,val_threshold,0.9483206775700935
f|pearson_abs|quotient|sum,diabetes,fixed_k,0.2979204695880259
f|pearson_abs|quotient|sum,diabetes,threshold,0.39056068406581396
f|pearson_abs|quotient|sum,diabetes,val_fixed_k,0.3734214201374201
f|pearson_abs|quotient|sum,diabetes,val_threshold,0.38990430344092397
f|pearson_abs|quotient|sum,friedman1,fixed_k,0.6005295650665802
f|pearson_abs|quotient|sum,friedman1,threshold,0.8229139020566375
f|pearson_abs|quotient|sum,friedman1,val_fixed_k,0.8238600379471768
f|pearson_abs|quotient|sum,friedman1,val_threshold,0.8215973016334616
f|pearson_abs|quotient|sum,synthetic_clf,fixed_k,0.6605555555555556
f|pearson_abs|quotient|sum,synthetic_clf,threshold,0.8156944444444445
f|pearson_abs|quotient|sum,synthetic_clf,val_fixed_k,0.7533333333333333
f|pearson_abs|quotient|sum,synthetic_clf,val_threshold,0.825
f|spearman_abs|difference|max,breast_cancer,fixed_k,0.9239802375389409
f|spearman_abs|difference|max,breast_cancer,threshold,0.954643691588785
f|spearman_abs|difference|max,breast_cancer,val_fixed_k,0.9426985981308411
f|spearman_abs|difference|max,breast_cancer,val_threshold,0.955191296728972
f|spearman_abs|difference|max,diabetes,fixed_k,0.2981147666875778
f|spearman_abs|difference|max,diabetes,threshold,0.38906093774577266
f|spearman_abs|difference|max,diabetes,val_fixed_k,0.3821792899085732
f|spearman_abs|difference|max,diabetes,val_threshold,0.38863393544099006
f|spearman_abs|difference|max,friedman1,fixed_k,0.61654911368793
f|spearman_abs|difference|max,friedman1,threshold,0.8181676797877264
f|spearman_abs|difference|max,friedman1,val_fixed_k,0.8255714655742808
f|spearman_abs|difference|max,friedman1,val_threshold,0.8151330270582886
f|spearman_abs|difference|max,synthetic_clf,fixed_k,0.6864814814814815
f|spearman_abs|difference|max,synthetic_clf,threshold,0.8147222222222222
f|spearman_abs|difference|max,synthetic_clf,val_fixed_k,0.8027777777777778
f|spearman_abs|difference|max,synthetic_clf,val_threshold,0.8094444444444445
f|spearman_abs|difference|mean,breast_cancer,fixed_k,0.9239802375389409
f|spearman_abs|difference|mean,breast_cancer,threshold,0.9530811915887851
f|spearman_abs|difference|mean,breast_cancer,val_fixed_k,0.9426985981308411
f|spearman_abs|difference|mean,breast_cancer,val_threshold,0.9545633761682243
f|spearman_abs|difference|mean,diabetes,fixed_k,0.2981147666875778
f|spearman_abs|difference|mean,diabetes,threshold,0.3898004945185406
f|spearman_abs|difference|mean,diabetes,val_fixed_k,0.3821792899085732
f|spearman_abs|difference|mean,diabetes,val_threshold,0.3898004945185406
f|spearman_abs|difference|mean,friedman1,fixed_k,0.6164338452135925
f|spearman_abs|difference|mean,friedman1,threshold,0.819304568490366
f|spearman_abs|difference|mean,friedman1,val_fixed_k,0.8247453724554553
f|spearman_abs|difference|mean,friedman1,val_threshold,0.8195830929899793
f|spearman_abs|difference|mean,synthetic_clf,fixed_k,0.6864814814814815
f|spearman_abs|difference|mean,synthetic_clf,threshold,0.8186111111111112
f|spearman_abs|difference|mean,synthetic_clf,val_fixed_k,0.8055555555555556
f|spearman_abs|difference|mean,synthetic_clf,val_threshold,0.8161111111111111
f|spearman_abs|difference|sum,breast_cancer,fixed_k,0.9239802375389409
f|spearman_abs|difference|sum,breast_cancer,threshold,0.9548773364485982
f|spearman_abs|difference|sum,breast_cancer,val_fixed_k,0.9426985981308411
f|spearman_abs|difference|sum,breast_cancer,val_threshold,0.9548773364485982
f|spearman_abs|difference|sum,diabetes,fixed_k,0.2981438624370607
f|spearman_abs|difference|sum,diabetes,threshold,0.387281734819663
f|spearman_abs|difference|sum,diabetes,val_fixed_k,0.3814659876400808
f|spearman_abs|difference|sum,diabetes,val_threshold,0.387281734819663
f|spearman_abs|difference|sum,friedman1,fixed_k,0.6157146239424982
f|spearman_abs|difference|sum,friedman1,threshold,0.8061000980149501
f|spearman_abs|difference|sum,friedman1,val_fixed_k,0.8198210653695821
f|spearman_abs|difference|sum,friedman1,val_threshold,0.8021530070879234
f|spearman_abs|difference|sum,synthetic_clf,fixed_k,0.6872222222222223
f|spearman_abs|difference|sum,synthetic_clf,threshold,0.8065277777777778
f|spearman_abs|difference|sum,synthetic_clf,val_fixed_k,0.8027777777777778
f|spearman_abs|difference|sum,synthetic_clf,val_threshold,0.8072222222222223
f|spearman_abs|multiplicative|max,breast_cancer,fixed_k,0.9336545950155763
f|spearman_abs|multiplicative|max,breast_cancer,threshold,0.9542165595794392
f|spearman_abs|multiplicative|max,breast_cancer,val_fixed_k,0.9525335864485982
f|spearman_abs|multiplicative|max,breast_cancer,val_threshold,0.9573817172897197
f|spearman_abs|multiplicative|max,diabetes,fixed_k,0.29965951540871577
f|spearman_abs|multiplicative|max,diabetes,threshold,0.3910559426947314
f|spearman_abs|multiplicative|max,diabetes,val_fixed_k,0.37292431404591275
f|spearman_abs|multiplicative|max,diabetes,val_threshold,0.39018495109965845
f|spearman_abs|multiplicative|max,friedman1,fixed_k,0.6163925239644988
f|spearman_abs|multiplicative|max,friedman1,threshold,0.8224252083094044
f|spearman_abs|multiplicative|max,friedman1,val_fixed_k,0.8233155383680719
f|spearman_abs|multiplicative|max,friedman1,val_threshold,0.8191234416892856
f|spearman_abs|multiplicative|max,synthetic_clf,fixed_k,0.6910185185185185
f|spearman_abs|multiplicative|max,synthetic_clf,threshold,0.8155555555555555
f|spearman_abs|multiplicative|max,synthetic_clf,val_fixed_k,0.7794444444444444
f|spearman_abs|multiplicative|max,synthetic_clf,val_threshold,0.821111111111111
f|spearman_abs|multiplicative|mean,breast_cancer,fixed_k,0.9259284949376947
f|spearman_abs|multiplicative|mean,breast_cancer,threshold,0.9552697867990654
f|spearman_abs|multiplicative|mean,breast_cancer,val_fixed_k,0.9377044392523365
f|spearman_abs|multiplicative|mean,breast_cancer,val_threshold,0.955191296728972
f|spearman_abs|multiplicative|mean,diabetes,fixed_k,0.29984355033914056
f|spearman_abs|multiplicative|mean,diabetes,threshold,0.3914990991661839
f|spearman_abs|multiplicative|mean,diabetes,val_fixed_k,0.3731722535963134
f|spearman_abs|multiplicative|mean,diabetes,val_threshold,0.38987528317886516
f|spearman_abs|multiplicative|mean,friedman1,fixed_k,0.6163925239644988
f|spearman_abs|multiplicative|mean,friedman1,threshold,0.8220004867181794
f|spearman_abs|multiplicative|mean,friedman1,val_fixed_k,0.8233155383680719
f|spearman_abs|multiplicative|mean,friedman1,val_threshold,0.8187386361162392
f|spearman_abs|multiplicative|mean,synthetic_clf,fixed_k,0.6924074074074074
f|spearman_abs|multiplicative|mean,synthetic_clf,threshold,0.82125
f|spearman_abs|multiplicative|mean,synthetic_clf,val_fixed_k,0.7883333333333333
f|spearman_abs|multiplicative|mean,synthetic_clf,val_threshold,0.8216666666666667
f|spearman_abs|multiplicative|sum,breast_cancer,fixed_k,0.9368878991433022
f|spearman_abs|multiplicative|sum,breast_cancer,threshold,0.9532838054906542
f|spearman_abs|multiplicative|sum,breast_cancer,val_fixed_k,0.9545706775700934
f|spearman_abs|multiplicative|sum,breast_cancer,val_threshold,0.9523875584112149
f|spearman_abs|multiplicative|sum,diabetes,fixed_k,0.29685306872985523
f|spearman_abs|multiplicative|sum,diabetes,threshold,0.35816600314878183
f|spearman_abs|multiplicative|sum,diabetes,val_fixed_k,0.3740533422199924
f|spearman_abs|multiplicative|sum,diabetes,val_threshold,0.3860229251479443
f|spearman_abs|multiplicative|sum,friedman1,fixed_k,0.6163925239644988
f|spearman_abs|multiplicative|sum,friedman1,threshold,0.8209187079336953
f|spearman_abs|multiplicative|sum,friedman1,val_fixed_k,0.8233155383680719
f|spearman_abs|multiplicative|sum,friedman1,val_threshold,0.814854893440334
f|spearman_abs|multiplicative|sum,synthetic_clf,fixed_k,0.6683333333333333
f|spearman_abs|multiplicative|sum,synthetic_clf,threshold,0.7474999999999999
f|spearman_abs|multiplicative|sum,synthetic_clf,val_fixed_k,0.7272222222222222
f|spearman_abs|multiplicative|sum,synthetic_clf,val_threshold,0.8077777777777777
f|spearman_abs|quotient|max,breast_cancer,fixed_k,0.9253589855919003
f|spearman_abs|quotient|max,breast_cancer,threshold,0.9554267669392523
f|spearman_abs|quotient|max,breast_cancer,val_fixed_k,0.9381790303738319
f|spearman_abs|quotient|max,breast_cancer,val_threshold,0.9539427570093458
f|spearman_abs|quotient|max,diabetes,fixed_k,0.2997110193988822
f|spearman_abs|quotient|max,diabetes,threshold,0.3937002589026174
f|spearman_abs|quotient|max,diabetes,val_fixed_k,0.37323192787671566
f|spearman_abs|quotient|max,diabetes,val_threshold,0.39288172883844125
f|spearman_abs|quotient|max,friedman1,fixed_k,0.5966889421782604
f|spearman_abs|quotient|max,friedman1,threshold,0.8239776909138768
f|spearman_abs|quotient|max,friedman1,val_fixed_k,0.8236788354823638
f|spearman_abs|quotient|max,friedman1,val_threshold,0.8199859160641738
f|spearman_abs|quotient|max,synthetic_clf,fixed_k,0.6494444444444445
f|spearman_abs|quotient|max,synthetic_clf,threshold,0.8158333333333333
f|spearman_abs|quotient|max,synthetic_clf,val_fixed_k,0.7527777777777778
f|spearman_abs|quotient|max,synthetic_clf,val_threshold,0.8161111111111111
f|spearman_abs|quotient|mean,breast_cancer,fixed_k,0.9249695774922118
f|spearman_abs|quotient|mean,breast_cancer,threshold,0.951675671728972
f|spearman_abs|quotient|mean,breast_cancer,val_fixed_k,0.9408367406542055
f|spearman_abs|quotient|mean,breast_cancer,val_threshold,0.9515990070093459
f|spearman_abs|quotient|mean,diabetes,fixed_k,0.29837967846132496
f|spearman_abs|quotient|mean,diabetes,threshold,0.3936474115028166
f|spearman_abs|quotient|mean,diabetes,val_fixed_k,0.3726182034596614
f|spearman_abs|quotient|mean,diabetes,val_threshold,0.3939987782918263
f|spearman_abs|quotient|mean,friedman1,fixed_k,0.596683402685549
f|spearman_abs|quotient|mean,friedman1,threshold,0.8249767640980481
f|spearman_abs|quotient|mean,friedman1,val_fixed_k,0.8239076457511126
f|spearman_abs|quotient|mean,friedman1,val_threshold,0.8245224547073077
f|spearman_abs|quotient|mean,synthetic_clf,fixed_k,0.6570370370370371
f|spearman_abs|quotient|mean,synthetic_clf,threshold,0.8233333333333333
f|spearman_abs|quotient|mean,synthetic_clf,val_fixed_k,0.7588888888888888
f|spearman_abs|quotient|mean,synthetic_clf,val_threshold,0.8222222222222222
f|spearman_abs|quotient|sum,breast_cancer,fixed_k,0.9249695774922118
f|spearman_abs|quotient|sum,breast_cancer,threshold,0.9516774970794393
f|spearman_abs|quotient|sum,breast_cancer,val_fixed_k,0.9408367406542055
f|spearman_abs|quotient|sum,breast_cancer,val_threshold,0.9526942172897197
f|spearman_abs|quotient|sum,diabetes,fixed_k,0.29837967846132496
f|spearman_abs|quotient|sum,diabetes,threshold,0.39102186887290036
f|spearman_abs|quotient|sum,diabetes,val_fixed_k,0.3726182034596614
f|spearman_abs|quotient|sum,diabetes,val_threshold,0.3905331697829494
f|spearman_abs|quotient|sum,friedman1,fixed_k,0.596683402685549
f|spearman_abs|quotient|sum,friedman1,threshold,0.8229149778625027
f|spearman_abs|quotient|sum,friedman1,val_fixed_k,0.8239076457511126
f|spearman_abs|quotient|sum,friedman1,val_threshold,0.8215284672552421
f|spearman_abs|quotient|sum,synthetic_clf,fixed_k,0.6570370370370371
f|spearman_abs|quotient|sum,synthetic_clf,threshold,0.8105555555555556
f|spearman_abs|quotient|sum,synthetic_clf,val_fixed_k,0.7588888888888888
f|spearman_abs|quotient|sum,synthetic_clf,val_threshold,0.8016666666666667
mi|distance_corr|difference|max,breast_cancer,fixed_k,0.9223155179127727
mi|distance_corr|difference|max,breast_cancer,threshold,0.8728095794392523
mi|distance_corr|difference|max,breast_cancer,val_fixed_k,0.9412967289719626
mi|distance_corr|difference|max,breast_cancer,val_threshold,0.8728095794392523
mi|distance_corr|difference|max,diabetes,fixed_k,0.21017810619208488
mi|distance_corr|difference|max,diabetes,threshold,0.027887591352105688
mi|distance_corr|difference|max,diabetes,val_fixed_k,0.3805934198090449
mi|distance_corr|difference|max,diabetes,val_threshold,0.027887591352105688
mi|distance_corr|difference|max,friedman1,fixed_k,0.6203032733774105
mi|distance_corr|difference|max,friedman1,threshold,0.31231713397641137
mi|distance_corr|difference|max,friedman1,val_fixed_k,0.8387986976547058
mi|distance_corr|difference|max,friedman1,val_threshold,0.5162811413270857
mi|distance_corr|difference|max,synthetic_clf,fixed_k,0.5603703703703703
mi|distance_corr|difference|max,synthetic_clf,threshold,0.5288888888888889
mi|distance_corr|difference|max,synthetic_clf,val_fixed_k,0.5711111111111111
mi|distance_corr|difference|max,synthetic_clf,val_threshold,0.5288888888888889
mi|distance_corr|difference|mean,breast_cancer,fixed_k,0.9198975369937694
mi|distance_corr|difference|mean,breast_cancer,threshold,0.8728095794392523
mi|distance_corr|difference|mean,breast_cancer,val_fixed_k,0.9492625584112149
mi|distance_corr|difference|mean,breast_cancer,val_threshold,0.8728095794392523
mi|distance_corr|difference|mean,diabetes,fixed_k,0.2246571262683425
mi|distance_corr|difference|mean,diabetes,threshold,0.027887591352105688
mi|distance_corr|difference|mean,diabetes,val_fixed_k,0.38470579190150045
mi|distance_corr|difference|mean,diabetes,val_threshold,0.027887591352105688
mi|distance_corr|difference|mean,friedman1,fixed_k,0.6196559007472544
mi|distance_corr|difference|mean,friedman1,threshold,0.3260165917594785
mi|distance_corr|difference|mean,friedman1,val_fixed_k,0.8420990140449748
mi|distance_corr|difference|mean,friedman1,val_threshold,0.5945544351757084
mi|distance_corr|difference|mean,synthetic_clf,fixed_k,0.5743518518518518
mi|distance_corr|difference|mean,synthetic_clf,threshold,0.5288888888888889
mi|distance_corr|difference|mean,synthetic_clf,val_fixed_k,0.6127777777777779
mi|distance_corr|difference|mean,synthetic_clf,val_threshold,0.5288888888888889
mi|distance_corr|difference|sum,breast_cancer,fixed_k,0.9240070093457944
mi|distance_corr|difference|sum,breast_cancer,threshold,0.8728095794392523
mi|distance_corr|difference|sum,breast_cancer,val_fixed_k,0.9480140186915887
mi|distance_corr|difference|sum,breast_cancer,val_threshold,0.8728095794392523
mi|distance_corr|difference|sum,diabetes,fixed_k,0.20359130835708303
mi|distance_corr|difference|sum,diabetes,threshold,0.027887591352105688
mi|distance_corr|difference|sum,diabetes,val_fixed_k,0.38174308345063745
mi|distance_corr|difference|sum,diabetes,val_threshold,0.027887591352105688
mi|distance_corr|difference|sum,friedman1,fixed_k,0.6113398020285994
mi|distance_corr|difference|sum,friedman1,threshold,0.2466172616870294
mi|distance_corr|difference|sum,friedman1,val_fixed_k,0.8404767208656054
mi|distance_corr|difference|sum,friedman1,val_threshold,0.3195106540236467
mi|distance_corr|difference|sum,synthetic_clf,fixed_k,0.559537037037037
mi|distance_corr|difference|sum,synthetic_clf,threshold,0.5288888888888889
mi|distance_corr|difference|sum,synthetic_clf,val_fixed_k,0.5583333333333333
mi|distance_corr|difference|sum,synthetic_clf,val_threshold,0.5288888888888889
mi|distance_corr|multiplicative|max,breast_cancer,fixed_k,0.928143253504673
mi|distance_corr|multiplicative|max,breast_cancer,threshold,0.9207086010514018
mi|distance_corr|multiplicative|max,breast_cancer,val_fixed_k,0.9473860981308411
mi|distance_corr|multiplicative|max,breast_cancer,val_threshold,0.9472327686915888
mi|distance_corr|multiplicative|max,diabetes,fixed_k,0.29311303198022265
mi|distance_corr|multiplicative|max,diabetes,threshold,0.21015922977067314
mi|distance_corr|multiplicative|max,diabetes,val_fixed_k,0.38996374370263737
mi|distance_corr|multiplicative|max,diabetes,val_threshold,0.3947637240220142
mi|distance_corr|multiplicative|max,friedman1,fixed_k,0.6188525014830563
mi|distance_corr|multiplicative|max,friedman1,threshold,0.5755806465620985
mi|distance_corr|multiplicative|max,friedman1,val_fixed_k,0.8420688179848487
mi|distance_corr|multiplicative|max,friedman1,val_threshold,0.8350948499404003
mi|distance_corr|multiplicative|max,synthetic_clf,fixed_k,0.6223148148148148
mi|distance_corr|multiplicative|max,synthetic_clf,threshold,0.6015277777777778
mi|distance_corr|multiplicative|max,synthetic_clf,val_fixed_k,0.69
mi|distance_corr|multiplicative|max,synthetic_clf,val_threshold,0.8116666666666668
mi|distance_corr|multiplicative|mean,breast_cancer,fixed_k,0.9236528913551402
mi|distance_corr|multiplicative|mean,breast_cancer,threshold,0.9242224007009346
mi|distance_corr|multiplicative|mean,breast_cancer,val_fixed_k,0.9306950934579439
mi|distance_corr|multiplicative|mean,breast_cancer,val_threshold,0.9402161214953271
mi|distance_corr|multiplicative|mean,diabetes,fixed_k,0.2946710730303313
mi|distance_corr|multiplicative|mean,diabetes,threshold,0.21443947993716256
mi|distance_corr|multiplicative|mean,diabetes,val_fixed_k,0.39345341900695735
mi|distance_corr|multiplicative|mean,diabetes,val_threshold,0.37662620052110646
mi|distance_corr|multiplicative|mean,friedman1,fixed_k,0.6188525014830563
mi|distance_corr|multiplicative|mean,friedman1,threshold,0.5762536432492273
mi|distance_corr|multiplicative|mean,friedman1,val_fixed_k,0.8420688179848487
mi|distance_corr|multiplicative|mean,friedman1,val_threshold,0.8325128314095233
mi|distance_corr|multiplicative|mean,synthetic_clf,fixed_k,0.6481481481481481
mi|distance_corr|multiplicative|mean,synthetic_clf,threshold,0.6031944444444444
mi|distance_corr|multiplicative|mean,synthetic_clf,val_fixed_k,0.7466666666666667
mi|distance_corr|multiplicative|mean,synthetic_clf,val_threshold,0.8144444444444444
mi|distance_corr|multiplicative|sum,breast_cancer,fixed_k,0.9283878504672898
mi|distance_corr|multiplicative|sum,breast_cancer,threshold,0.9141555928738316
mi|distance_corr|multiplicative|sum,breast_cancer,val_fixed_k,0.9470867406542055
mi|distance_corr|multiplicative|sum,breast_cancer,val_threshold,0.9475467289719626
mi|distance_corr|multiplicative|sum,diabetes,fixed_k,0.2768474783752652
mi|distance_corr|multiplicative|sum,diabetes,threshold,0.17359860004144448
mi|distance_corr|multiplicative|sum,diabetes,val_fixed_k,0.37086172350852825
mi|distance_corr|multiplicative|sum,diabetes,val_threshold,0.3694114448913949
mi|distance_corr|multiplicative|sum,friedman1,fixed_k,0.6188525014830563
mi|distance_corr|multiplicative|sum,friedman1,threshold,0.5653015171009199
mi|distance_corr|multiplicative|sum,friedman1,val_fixed_k,0.8420688179848487
mi|distance_corr|multiplicative|sum,friedman1,val_threshold,0.8226821776903039
mi|distance_corr|multiplicative|sum,synthetic_clf,fixed_k,0.5916666666666667
mi|distance_corr|multiplicative|sum,synthetic_clf,threshold,0.6019444444444445
mi|distance_corr|multiplicative|sum,synthetic_clf,val_fixed_k,0.5866666666666667
mi|distance_corr|multiplicative|sum,synthetic_clf,val_threshold,0.8133333333333332
mi|distance_corr|quotient|max,breast_cancer,fixed_k,0.925228777258567
mi|distance_corr|quotient|max,breast_cancer,threshold,0.9510550525700936
mi|distance_corr|quotient|max,breast_cancer,val_fixed_k,0.9348933995327103
mi|distance_corr|quotient|max,breast_cancer,val_threshold,0.9523802570093458
mi|distance_corr|quotient|max,diabetes,fixed_k,0.2837990113935842
mi|distance_corr|quotient|max,diabetes,threshold,0.3876868166321005
mi|distance_corr|quotient|max,diabetes,val_fixed_k,0.388332174999999
mi|distance_corr|quotient|max,diabetes,val_threshold,0.3903900435523108
mi|distance_corr|quotient|max,friedman1,fixed_k,0.6188142147610551
mi|distance_corr|quotient|max,friedman1,threshold,0.8402270634503974
mi|distance_corr|quotient|max,friedman1,val_fixed_k,0.8420780271240396
mi|distance_corr|quotient|max,friedman1,val_threshold,0.8453458273013317
mi|distance_corr|quotient|max,synthetic_clf,fixed_k,0.5845370370370371
mi|distance_corr|quotient|max,synthetic_clf,threshold,0.7259722222222222
mi|distance_corr|quotient|max,synthetic_clf,val_fixed_k,0.6199999999999999
mi|distance_corr|quotient|max,synthetic_clf,val_threshold,0.8261111111111111
mi|distance_corr|quotient|mean,breast_cancer,fixed_k,0.9241615556853583
mi|distance_corr|quotient|mean,breast_cancer,threshold,0.954214734228972
mi|distance_corr|quotient|mean,breast_cancer,val_fixed_k,0.9358279789719626
mi|distance_corr|quotient|mean,breast_cancer,val_threshold,0.9522269275700934
mi|distance_corr|quotient|mean,diabetes,fixed_k,0.2856880871944227
mi|distance_corr|quotient|mean,diabetes,threshold,0.3892203459890039
mi|distance_corr|quotient|mean,diabetes,val_fixed_k,0.3893499712275432
mi|distance_corr|quotient|mean,diabetes,val_threshold,0.38843222719535425
mi|distance_corr|quotient|mean,friedman1,fixed_k,0.6108058515863172
mi|distance_corr|quotient|mean,friedman1,threshold,0.8388318623339591
mi|distance_corr|quotient|mean,friedman1,val_fixed_k,0.8420653242598641
mi|distance_corr|quotient|mean,friedman1,val_threshold,0.8415308836368263
mi|distance_corr|quotient|mean,synthetic_clf,fixed_k,0.6016666666666667
mi|distance_corr|quotient|mean,synthetic_clf,threshold,0.7919444444444445
mi|distance_corr|quotient|mean,synthetic_clf,val_fixed_k,0.6849999999999999
mi|distance_corr|quotient|mean,synthetic_clf,val_threshold,0.8172222222222223
mi|distance_corr|quotient|sum,breast_cancer,fixed_k,0.9241615556853583
mi|distance_corr|quotient|sum,breast_cancer,threshold,0.9410265771028037
mi|distance_corr|quotient|sum,breast_cancer,val_fixed_k,0.9358279789719626
mi|distance_corr|quotient|sum,breast_cancer,val_threshold,0.9500365070093458
mi|distance_corr|quotient|sum,diabetes,fixed_k,0.2856880871944227
mi|distance_corr|quotient|sum,diabetes,threshold,0.34633826883598795
mi|distance_corr|quotient|sum,diabetes,val_fixed_k,0.3893499712275432
mi|distance_corr|quotient|sum,diabetes,val_threshold,0.3659657584488279
mi|distance_corr|quotient|sum,friedman1,fixed_k,0.6108058515863172
mi|distance_corr|quotient|sum,friedman1,threshold,0.840127196570244
mi|distance_corr|quotient|sum,friedman1,val_fixed_k,0.8420653242598641
mi|distance_corr|quotient|sum,friedman1,val_threshold,0.8460371715394249
mi|distance_corr|quotient|sum,synthetic_clf,fixed_k,0.6016666666666667
mi|distance_corr|quotient|sum,synthetic_clf,threshold,0.6519444444444444
mi|distance_corr|quotient|sum,synthetic_clf,val_fixed_k,0.6849999999999999
mi|distance_corr|quotient|sum,synthetic_clf,val_threshold,0.8177777777777777
mi|mutual_info_sklearn|difference|max,breast_cancer,fixed_k,0.9259309287383177
mi|mutual_info_sklearn|difference|max,breast_cancer,threshold,0.9036251460280373
mi|mutual_info_sklearn|difference|max,breast_cancer,val_fixed_k,0.9434871495327103
mi|mutual_info_sklearn|difference|max,breast_cancer,val_threshold,0.9272634345794393
mi|mutual_info_sklearn|difference|max,diabetes,fixed_k,0.2590636348629399
mi|mutual_info_sklearn|difference|max,diabetes,threshold,0.09963236584166282
mi|mutual_info_sklearn|difference|max,diabetes,val_fixed_k,0.37918493977626777
mi|mutual_info_sklearn|difference|max,diabetes,val_threshold,0.16703053910108165
mi|mutual_info_sklearn|difference|max,friedman1,fixed_k,0.6023047107762395
mi|mutual_info_sklearn|difference|max,friedman1,threshold,0.5252979882791001
mi|mutual_info_sklearn|difference|max,friedman1,val_fixed_k,0.8232532728780407
mi|mutual_info_sklearn|difference|max,friedman1,val_threshold,0.8241278684561907
mi|mutual_info_sklearn|difference|max,synthetic_clf,fixed_k,0.5874074074074075
mi|mutual_info_sklearn|difference|max,synthetic_clf,threshold,0.5515277777777777
mi|mutual_info_sklearn|difference|max,synthetic_clf,val_fixed_k,0.6233333333333333
mi|mutual_info_sklearn|difference|max,synthetic_clf,val_threshold,0.5994444444444444
mi|mutual_info_sklearn|difference|mean,breast_cancer,fixed_k,0.9282746787383177
mi|mutual_info_sklearn|difference|mean,breast_cancer,threshold,0.9065895151869159
mi|mutual_info_sklearn|difference|mean,breast_cancer,val_fixed_k,0.944896320093458
mi|mutual_info_sklearn|difference|mean,breast_cancer,val_threshold,0.9350613317757009
mi|mutual_info_sklearn|difference|mean,diabetes,fixed_k,0.2662685545681175
mi|mutual_info_sklearn|difference|mean,diabetes,threshold,0.1193992439640574
mi|mutual_info_sklearn|difference|mean,diabetes,val_fixed_k,0.4009471844278987
mi|mutual_info_sklearn|difference|mean,diabetes,val_threshold,0.2552298814418056
mi|mutual_info_sklearn|difference|mean,friedman1,fixed_k,0.6169660571199207
mi|mutual_info_sklearn|difference|mean,friedman1,threshold,0.5533664441736683
mi|mutual_info_sklearn|difference|mean,friedman1,val_fixed_k,0.8401179033659734
mi|mutual_info_sklearn|difference|mean,friedman1,val_threshold,0.8473315318828792
mi|mutual_info_sklearn|difference|mean,synthetic_clf,fixed_k,0.6090740740740741
mi|mutual_info_sklearn|difference|mean,synthetic_clf,threshold,0.57875
mi|mutual_info_sklearn|difference|mean,synthetic_clf,val_fixed_k,0.6694444444444445
mi|mutual_info_sklearn|difference|mean,synthetic_clf,val_threshold,0.7205555555555556
mi|mutual_info_sklearn|difference|sum,breast_cancer,fixed_k,0.9251241238317757
mi|mutual_info_sklearn|difference|sum,breast_cancer,threshold,0.8983170268691589
mi|mutual_info_sklearn|difference|sum,breast_cancer,val_fixed_k,0.9411433995327103
mi|mutual_info_sklearn|difference|sum,breast_cancer,val_threshold,0.9096232476635514
mi|mutual_info_sklearn|difference|sum,diabetes,fixed_k,0.24287262818567573
mi|mutual_info_sklearn|difference|sum,diabetes,threshold,0.08080238468170317
mi|mutual_info_sklearn|difference|sum,diabetes,val_fixed_k,0.3551367940504822
mi|mutual_info_sklearn|difference|sum,diabetes,val_threshold,0.1205884312410918
mi|mutual_info_sklearn|difference|sum,friedman1,fixed_k,0.6096117821744111
mi|mutual_info_sklearn|difference|sum,friedman1,threshold,0.5104048012367092
mi|mutual_info_sklearn|difference|sum,friedman1,val_fixed_k,0.8385793887001112
mi|mutual_info_sklearn|difference|sum,friedman1,val_threshold,0.793313559859828
mi|mutual_info_sklearn|difference|sum,synthetic_clf,fixed_k,0.5908333333333334
mi|mutual_info_sklearn|difference|sum,synthetic_clf,threshold,0.5498611111111111
mi|mutual_info_sklearn|difference|sum,synthetic_clf,val_fixed_k,0.625
mi|mutual_info_sklearn|difference|sum,synthetic_clf,val_threshold,0.6077777777777778
mi|mutual_info_sklearn|multiplicative|max,breast_cancer,fixed_k,0.9277270735981309
mi|mutual_info_sklearn|multiplicative|max,breast_cancer,threshold,0.937279132593458
mi|mutual_info_sklearn|multiplicative|max,breast_cancer,val_fixed_k,0.9434871495327103
mi|mutual_info_sklearn|multiplicative|max,breast_cancer,val_threshold,0.9480140186915887
mi|mutual_info_sklearn|multiplicative|max,diabetes,fixed_k,0.29413478588918
mi|mutual_info_sklearn|multiplicative|max,diabetes,threshold,0.28834203217858323
mi|mutual_info_sklearn|multiplicative|max,diabetes,val_fixed_k,0.3867910813036636
mi|mutual_info_sklearn|multiplicative|max,diabetes,val_threshold,0.37327579572520897
mi|mutual_info_sklearn|multiplicative|max,friedman1,fixed_k,0.6195479463792036
mi|mutual_info_sklearn|multiplicative|max,friedman1,threshold,0.5819107129018409
mi|mutual_info_sklearn|multiplicative|max,friedman1,val_fixed_k,0.8422415986431055
mi|mutual_info_sklearn|multiplicative|max,friedman1,val_threshold,0.8368819076785046
mi|mutual_info_sklearn|multiplicative|max,synthetic_clf,fixed_k,0.651574074074074
mi|mutual_info_sklearn|multiplicative|max,synthetic_clf,threshold,0.6118055555555555
mi|mutual_info_sklearn|multiplicative|max,synthetic_clf,val_fixed_k,0.7333333333333333
mi|mutual_info_sklearn|multiplicative|max,synthetic_clf,val_threshold,0.775
mi|mutual_info_sklearn|multiplicative|mean,breast_cancer,fixed_k,0.9226574669003115
mi|mutual_info_sklearn|multiplicative|mean,breast_cancer,threshold,0.9442702248831776
mi|mutual_info_sklearn|multiplicative|mean,breast_cancer,val_fixed_k,0.9350613317757009
mi|mutual_info_sklearn|multiplicative|mean,breast_cancer,val_threshold,0.9533221378504673
mi|mutual_info_sklearn|multiplicative|mean,diabetes,fixed_k,0.29357346378170196
mi|mutual_info_sklearn|multiplicative|mean,diabetes,threshold,0.2925427138736399
mi|mutual_info_sklearn|multiplicative|mean,diabetes,val_fixed_k,0.38827226165874057
mi|mutual_info_sklearn|multiplicative|mean,diabetes,val_threshold,0.3751337984732538
mi|mutual_info_sklearn|multiplicative|mean,friedman1,fixed_k,0.6195479463792036
mi|mutual_info_sklearn|multiplicative|mean,friedman1,threshold,0.5840849907122265
mi|mutual_info_sklearn|multiplicative|mean,friedman1,val_fixed_k,0.8422415986431055
mi|mutual_info_sklearn|multiplicative|mean,friedman1,val_threshold,0.8368819076785046
mi|mutual_info_sklearn|multiplicative|mean,synthetic_clf,fixed_k,0.6528703703703704
mi|mutual_info_sklearn|multiplicative|mean,synthetic_clf,threshold,0.611111111111111
mi|mutual_info_sklearn|multiplicative|mean,synthetic_clf,val_fixed_k,0.7527777777777778
mi|mutual_info_sklearn|multiplicative|mean,synthetic_clf,val_threshold,0.7538888888888888
mi|mutual_info_sklearn|multiplicative|sum,breast_cancer,fixed_k,0.930905617211838
mi|mutual_info_sklearn|multiplicative|sum,breast_cancer,threshold,0.9360397196261682
mi|mutual_info_sklearn|multiplicative|sum,breast_cancer,val_fixed_k,0.9494158878504673
mi|mutual_info_sklearn|multiplicative|sum,breast_cancer,val_threshold,0.9392815420560747
mi|mutual_info_sklearn|multiplicative|sum,diabetes,fixed_k,0.2885106055517562
mi|mutual_info_sklearn|multiplicative|sum,diabetes,threshold,0.26743669535123943
mi|mutual_info_sklearn|multiplicative|sum,diabetes,val_fixed_k,0.3819720891279753
mi|mutual_info_sklearn|multiplicative|sum,diabetes,val_threshold,0.37942866367305994
mi|mutual_info_sklearn|multiplicative|sum,friedman1,fixed_k,0.6195479463792036
mi|mutual_info_sklearn|multiplicative|sum,friedman1,threshold,0.5819107129018409
mi|mutual_info_sklearn|multiplicative|sum,friedman1,val_fixed_k,0.8422415986431055
mi|mutual_info_sklearn|multiplicative|sum,friedman1,val_threshold,0.8368819076785046
mi|mutual_info_sklearn|multiplicative|sum,synthetic_clf,fixed_k,0.6421296296296296
mi|mutual_info_sklearn|multiplicative|sum,synthetic_clf,threshold,0.6090277777777777
mi|mutual_info_sklearn|multiplicative|sum,synthetic_clf,val_fixed_k,0.7272222222222222
mi|mutual_info_sklearn|multiplicative|sum,synthetic_clf,val_threshold,0.8144444444444444
mi|mutual_info_sklearn|quotient|max,breast_cancer,fixed_k,0.9272597838785047
mi|mutual_info_sklearn|quotient|max,breast_cancer,threshold,0.9514438522196261
mi|mutual_info_sklearn|quotient|max,breast_cancer,val_fixed_k,0.945677570093458
mi|mutual_info_sklearn|quotient|max,breast_cancer,val_threshold,0.9509710864485982
mi|mutual_info_sklearn|quotient|max,diabetes,fixed_k,0.25471998002912627
mi|mutual_info_sklearn|quotient|max,diabetes,threshold,0.3898019235789411
mi|mutual_info_sklearn|quotient|max,diabetes,val_fixed_k,0.3799523319787278
mi|mutual_info_sklearn|quotient|max,diabetes,val_threshold,0.387938387494001
mi|mutual_info_sklearn|quotient|max,friedman1,fixed_k,0.5789468897628808
mi|mutual_info_sklearn|quotient|max,friedman1,threshold,0.836636892852124
mi|mutual_info_sklearn|quotient|max,friedman1,val_fixed_k,0.837247983346564
mi|mutual_info_sklearn|quotient|max,friedman1,val_threshold,0.8399383201041932
mi|mutual_info_sklearn|quotient|max,synthetic_clf,fixed_k,0.5825925925925926
mi|mutual_info_sklearn|quotient|max,synthetic_clf,threshold,0.7895833333333333
mi|mutual_info_sklearn|quotient|max,synthetic_clf,val_fixed_k,0.6272222222222222
mi|mutual_info_sklearn|quotient|max,synthetic_clf,val_threshold,0.8127777777777778
mi|mutual_info_sklearn|quotient|mean,breast_cancer,fixed_k,0.9282722449376947
mi|mutual_info_sklearn|quotient|mean,breast_cancer,threshold,0.9532765040887851
mi|mutual_info_sklearn|quotient|mean,breast_cancer,val_fixed_k,0.9416106892523365
mi|mutual_info_sklearn|quotient|mean,breast_cancer,val_threshold,0.9519129672897197
mi|mutual_info_sklearn|quotient|mean,diabetes,fixed_k,0.25088820082647156
mi|mutual_info_sklearn|quotient|mean,diabetes,threshold,0.39161351152037055
mi|mutual_info_sklearn|quotient|mean,diabetes,val_fixed_k,0.3863386277208426
mi|mutual_info_sklearn|quotient|mean,diabetes,val_threshold,0.3943039822824608
mi|mutual_info_sklearn|quotient|mean,friedman1,fixed_k,0.5864425589808472
mi|mutual_info_sklearn|quotient|mean,friedman1,threshold,0.8368145283396465
mi|mutual_info_sklearn|quotient|mean,friedman1,val_fixed_k,0.8396948522596421
mi|mutual_info_sklearn|quotient|mean,friedman1,val_threshold,0.8411867928984906
mi|mutual_info_sklearn|quotient|mean,synthetic_clf,fixed_k,0.5875
mi|mutual_info_sklearn|quotient|mean,synthetic_clf,threshold,0.8136111111111111
mi|mutual_info_sklearn|quotient|mean,synthetic_clf,val_fixed_k,0.6433333333333333
mi|mutual_info_sklearn|quotient|mean,synthetic_clf,val_threshold,0.8099999999999999
mi|mutual_info_sklearn|quotient|sum,breast_cancer,fixed_k,0.9282722449376947
mi|mutual_info_sklearn|quotient|sum,breast_cancer,threshold,0.9496477073598131
mi|mutual_info_sklearn|quotient|sum,breast_cancer,val_fixed_k,0.9416106892523365
mi|mutual_info_sklearn|quotient|sum,breast_cancer,val_threshold,0.9469115070093459
mi|mutual_info_sklearn|quotient|sum,diabetes,fixed_k,0.25088820082647156
mi|mutual_info_sklearn|quotient|sum,diabetes,threshold,0.38374797639470154
mi|mutual_info_sklearn|quotient|sum,diabetes,val_fixed_k,0.3863386277208426
mi|mutual_info_sklearn|quotient|sum,diabetes,val_threshold,0.3859993714764329
mi|mutual_info_sklearn|quotient|sum,friedman1,fixed_k,0.58372123842541
mi|mutual_info_sklearn|quotient|sum,friedman1,threshold,0.83714563914438
mi|mutual_info_sklearn|quotient|sum,friedman1,val_fixed_k,0.8395042397995167
mi|mutual_info_sklearn|quotient|sum,friedman1,val_threshold,0.84108118306032
mi|mutual_info_sklearn|quotient|sum,synthetic_clf,fixed_k,0.5860185185185185
mi|mutual_info_sklearn|quotient|sum,synthetic_clf,threshold,0.7302777777777778
mi|mutual_info_sklearn|quotient|sum,synthetic_clf,val_fixed_k,0.6422222222222222
mi|mutual_info_sklearn|quotient|sum,synthetic_clf,val_threshold,0.8177777777777777
mi|pearson_abs|difference|max,breast_cancer,fixed_k,0.9237733644859814
mi|pearson_abs|difference|max,breast_cancer,threshold,0.8758816442757009
mi|pearson_abs|difference|max,breast_cancer,val_fixed_k,0.9547313084112149
mi|pearson_abs|difference|max,breast_cancer,val_threshold,0.8768472546728973
mi|pearson_abs|difference|max,diabetes,fixed_k,0.20914611896922494
mi|pearson_abs|difference|max,diabetes,threshold,0.027887591352105688
mi|pearson_abs|difference|max,diabetes,val_fixed_k,0.37477255150070965
mi|pearson_abs|difference|max,diabetes,val_threshold,0.027887591352105688
mi|pearson_abs|difference|max,friedman1,fixed_k,0.6224828596387966
mi|pearson_abs|difference|max,friedman1,threshold,0.4808925946867662
mi|pearson_abs|difference|max,friedman1,val_fixed_k,0.8390004752953144
mi|pearson_abs|difference|max,friedman1,val_threshold,0.752287363360345
mi|pearson_abs|difference|max,synthetic_clf,fixed_k,0.5560185185185185
mi|pearson_abs|difference|max,synthetic_clf,threshold,0.5330555555555556
mi|pearson_abs|difference|max,synthetic_clf,val_fixed_k,0.5700000000000001
mi|pearson_abs|difference|max,synthetic_clf,val_threshold,0.5527777777777778
mi|pearson_abs|difference|mean,breast_cancer,fixed_k,0.9167238609813084
mi|pearson_abs|difference|mean,breast_cancer,threshold,0.8758816442757009
mi|pearson_abs|difference|mean,breast_cancer,val_fixed_k,0.9484813084112149
mi|pearson_abs|difference|mean,breast_cancer,val_threshold,0.8768472546728973
mi|pearson_abs|difference|mean,diabetes,fixed_k,0.22434401871934304
mi|pearson_abs|difference|mean,diabetes,threshold,0.027887591352105688
mi|pearson_abs|difference|mean,diabetes,val_fixed_k,0.37043229790542737
mi|pearson_abs|difference|mean,diabetes,val_threshold,0.027887591352105688
mi|pearson_abs|difference|mean,friedman1,fixed_k,0.6204880930958453
mi|pearson_abs|difference|mean,friedman1,threshold,0.4931151152961628
mi|pearson_abs|difference|mean,friedman1,val_fixed_k,0.8419588780533921
mi|pearson_abs|difference|mean,friedman1,val_threshold,0.8091906424670346
mi|pearson_abs|difference|mean,synthetic_clf,fixed_k,0.5689814814814814
mi|pearson_abs|difference|mean,synthetic_clf,threshold,0.5366666666666666
mi|pearson_abs|difference|mean,synthetic_clf,val_fixed_k,0.6038888888888889
mi|pearson_abs|difference|mean,synthetic_clf,val_threshold,0.5544444444444444
mi|pearson_abs|difference|sum,breast_cancer,fixed_k,0.918724445093458
mi|pearson_abs|difference|sum,breast_cancer,threshold,0.8758816442757009
mi|pearson_abs|difference|sum,breast_cancer,val_fixed_k,0.9461302570093458
mi|pearson_abs|difference|sum,breast_cancer,val_threshold,0.8768472546728973
mi|pearson_abs|difference|sum,diabetes,fixed_k,0.21166815990677415
mi|pearson_abs|difference|sum,diabetes,threshold,0.027887591352105688
mi|pearson_abs|difference|sum,diabetes,val_fixed_k,0.3810753023310869
mi|pearson_abs|difference|sum,diabetes,val_threshold,0.027887591352105688
mi|pearson_abs|difference|sum,friedman1,fixed_k,0.6093408471188755
mi|pearson_abs|difference|sum,friedman1,threshold,0.4206841587471799
mi|pearson_abs|difference|sum,friedman1,val_fixed_k,0.8248896721943122
mi|pearson_abs|difference|sum,friedman1,val_threshold,0.5969492246550308
mi|pearson_abs|difference|sum,synthetic_clf,fixed_k,0.5560185185185186
mi|pearson_abs|difference|sum,synthetic_clf,threshold,0.5334722222222222
mi|pearson_abs|difference|sum,synthetic_clf,val_fixed_k,0.5516666666666666
mi|pearson_abs|difference|sum,synthetic_clf,val_threshold,0.5527777777777778
mi|pearson_abs|multiplicative|max,breast_cancer,fixed_k,0.9315335377725856
mi|pearson_abs|multiplicative|max,breast_cancer,threshold,0.9242224007009346
mi|pearson_abs|multiplicative|max,breast_cancer,val_fixed_k,0.9453709112149532
mi|pearson_abs|multiplicative|max,breast_cancer,val_threshold,0.9487952686915888
mi|pearson_abs|multiplicative|max,diabetes,fixed_k,0.29339485259016046
mi|pearson_abs|multiplicative|max,diabetes,threshold,0.2090099981547279
mi|pearson_abs|multiplicative|max,diabetes,val_fixed_k,0.38678015792440473
mi|pearson_abs|multiplicative|max,diabetes,val_threshold,0.39446919202623054
mi|pearson_abs|multiplicative|max,friedman1,fixed_k,0.6188525014830563
mi|pearson_abs|multiplicative|max,friedman1,threshold,0.5762536432492273
mi|pearson_abs|multiplicative|max,friedman1,val_fixed_k,0.8420688179848487
mi|pearson_abs|multiplicative|max,friedman1,val_threshold,0.8350948499404003
mi|pearson_abs|multiplicative|max,synthetic_clf,fixed_k,0.6181481481481481
mi|pearson_abs|multiplicative|max,synthetic_clf,threshold,0.6031944444444444
mi|pearson_abs|multiplicative|max,synthetic_clf,val_fixed_k,0.7033333333333334
mi|pearson_abs|multiplicative|max,synthetic_clf,val_threshold,0.8138888888888889
mi|pearson_abs|multiplicative|mean,breast_cancer,fixed_k,0.9228473033489096
mi|pearson_abs|multiplicative|mean,breast_cancer,threshold,0.9310492114485982
mi|pearson_abs|multiplicative|mean,breast_cancer,val_fixed_k,0.926014894859813
mi|pearson_abs|multiplicative|mean,breast_cancer,val_threshold,0.9489558995327103
mi|pearson_abs|multiplicative|mean,diabetes,fixed_k,0.2952915738923554
mi|pearson_abs|multiplicative|mean,diabetes,threshold,0.21408693612615756
mi|pearson_abs|multiplicative|mean,diabetes,val_fixed_k,0.3911414435193468
mi|pearson_abs|multiplicative|mean,diabetes,val_threshold,0.3757653771456393
mi|pearson_abs|multiplicative|mean,friedman1,fixed_k,0.6188525014830563
mi|pearson_abs|multiplicative|mean,friedman1,threshold,0.5762536432492273
mi|pearson_abs|multiplicative|mean,friedman1,val_fixed_k,0.8420688179848487
mi|pearson_abs|multiplicative|mean,friedman1,val_threshold,0.8367623291205145
mi|pearson_abs|multiplicative|mean,synthetic_clf,fixed_k,0.6446296296296297
mi|pearson_abs|multiplicative|mean,synthetic_clf,threshold,0.6040277777777778
mi|pearson_abs|multiplicative|mean,synthetic_clf,val_fixed_k,0.7455555555555555
mi|pearson_abs|multiplicative|mean,synthetic_clf,val_threshold,0.7888888888888889
mi|pearson_abs|multiplicative|sum,breast_cancer,fixed_k,0.9289123345015576
mi|pearson_abs|multiplicative|sum,breast_cancer,threshold,0.917357257593458
mi|pearson_abs|multiplicative|sum,breast_cancer,val_fixed_k,0.9491238317757009
mi|pearson_abs|multiplicative|sum,breast_cancer,val_threshold,0.9467727803738317
mi|pearson_abs|multiplicative|sum,diabetes,fixed_k,0.27543313076846376
mi|pearson_abs|multiplicative|sum,diabetes,threshold,0.17391462163705423
mi|pearson_abs|multiplicative|sum,diabetes,val_fixed_k,0.3642546347309585
mi|pearson_abs|multiplicative|sum,diabetes,val_threshold,0.36953352092898223
mi|pearson_abs|multiplicative|sum,friedman1,fixed_k,0.617807041925221
mi|pearson_abs|multiplicative|sum,friedman1,threshold,0.5752076697398733
mi|pearson_abs|multiplicative|sum,friedman1,val_fixed_k,0.8419516153270606
mi|pearson_abs|multiplicative|sum,friedman1,val_threshold,0.8349591477951733
mi|pearson_abs|multiplicative|sum,synthetic_clf,fixed_k,0.5992592592592593
mi|pearson_abs|multiplicative|sum,synthetic_clf,threshold,0.6072222222222222
mi|pearson_abs|multiplicative|sum,synthetic_clf,val_fixed_k,0.6522222222222223
mi|pearson_abs|multiplicative|sum,synthetic_clf,val_threshold,0.8300000000000001
mi|pearson_abs|quotient|max,breast_cancer,fixed_k,0.916357573987539
mi|pearson_abs|quotient|max,breast_cancer,threshold,0.9531213492990653
mi|pearson_abs|quotient|max,breast_cancer,val_fixed_k,0.9305344626168225
mi|pearson_abs|quotient|max,breast_cancer,val_threshold,0.9547240070093459
mi|pearson_abs|quotient|max,diabetes,fixed_k,0.27755634967151566
mi|pearson_abs|quotient|max,diabetes,threshold,0.38764592889224436
mi|pearson_abs|quotient|max,diabetes,val_fixed_k,0.38859274404192634
mi|pearson_abs|quotient|max,diabetes,val_threshold,0.3877899144487132
mi|pearson_abs|quotient|max,friedman1,fixed_k,0.6038265866296776
mi|pearson_abs|quotient|max,friedman1,threshold,0.8397134940814917
mi|pearson_abs|quotient|max,friedman1,val_fixed_k,0.8472557872821197
mi|pearson_abs|quotient|max,friedman1,val_threshold,0.8440649559860074
mi|pearson_abs|quotient|max,synthetic_clf,fixed_k,0.5788888888888889
mi|pearson_abs|quotient|max,synthetic_clf,threshold,0.7234722222222223
mi|pearson_abs|quotient|max,synthetic_clf,val_fixed_k,0.6183333333333334
mi|pearson_abs|quotient|max,synthetic_clf,val_threshold,0.8077777777777777
mi|pearson_abs|quotient|mean,breast_cancer,fixed_k,0.9122967776479751
mi|pearson_abs|quotient|mean,breast_cancer,threshold,0.9537876022196261
mi|pearson_abs|quotient|mean,breast_cancer,val_fixed_k,0.9319363317757009
mi|pearson_abs|quotient|mean,breast_cancer,val_threshold,0.9517596378504672
mi|pearson_abs|quotient|mean,diabetes,fixed_k,0.28278876437280115
mi|pearson_abs|quotient|mean,diabetes,threshold,0.39076679545127124
mi|pearson_abs|quotient|mean,diabetes,val_fixed_k,0.3886709412159515
mi|pearson_abs|quotient|mean,diabetes,val_threshold,0.3890846709340906
mi|pearson_abs|quotient|mean,friedman1,fixed_k,0.6065368929970492
mi|pearson_abs|quotient|mean,friedman1,threshold,0.83809447233177
mi|pearson_abs|quotient|mean,friedman1,val_fixed_k,0.8420126521884038
mi|pearson_abs|quotient|mean,friedman1,val_threshold,0.8425254796880781
mi|pearson_abs|quotient|mean,synthetic_clf,fixed_k,0.5818518518518518
mi|pearson_abs|quotient|mean,synthetic_clf,threshold,0.8041666666666666
mi|pearson_abs|quotient|mean,synthetic_clf,val_fixed_k,0.6494444444444445
mi|pearson_abs|quotient|mean,synthetic_clf,val_threshold,0.8066666666666666
mi|pearson_abs|quotient|sum,breast_cancer,fixed_k,0.9122967776479751
mi|pearson_abs|quotient|sum,breast_cancer,threshold,0.9393490800233645
mi|pearson_abs|quotient|sum,breast_cancer,val_fixed_k,0.9319363317757009
mi|pearson_abs|quotient|sum,breast_cancer,val_threshold,0.9459842289719627
mi|pearson_abs|quotient|sum,diabetes,fixed_k,0.28278876437280115
mi|pearson_abs|quotient|sum,diabetes,threshold,0.35819671449853735
mi|pearson_abs|quotient|sum,diabetes,val_fixed_k,0.3886709412159515
mi|pearson_abs|quotient|sum,diabetes,val_threshold,0.3732731587342335
mi|pearson_abs|quotient|sum,friedman1,fixed_k,0.6065368929970492
mi|pearson_abs|quotient|sum,friedman1,threshold,0.8413405054564889
mi|pearson_abs|quotient|sum,friedman1,val_fixed_k,0.8420126521884038
mi|pearson_abs|quotient|sum,friedman1,val_threshold,0.8417367619968305
mi|pearson_abs|quotient|sum,synthetic_clf,fixed_k,0.5818518518518518
mi|pearson_abs|quotient|sum,synthetic_clf,threshold,0.65625
mi|pearson_abs|quotient|sum,synthetic_clf,val_fixed_k,0.6494444444444445
mi|pearson_abs|quotient|sum,synthetic_clf,val_threshold,0.8144444444444444
mi|spearman_abs|difference|max,breast_cancer,fixed_k,0.9193243769470405
mi|spearman_abs|difference|max,breast_cancer,threshold,0.8771721670560748
mi|spearman_abs|difference|max,breast_cancer,val_fixed_k,0.9500438084112149
mi|spearman_abs|difference|max,breast_cancer,val_threshold,0.8728095794392523
mi|spearman_abs|difference|max,diabetes,fixed_k,0.20547833303773547
mi|spearman_abs|difference|max,diabetes,threshold,0.027887591352105688
mi|spearman_abs|difference|max,diabetes,val_fixed_k,0.37107093576828987
mi|spearman_abs|difference|max,diabetes,val_threshold,0.027887591352105688
mi|spearman_abs|difference|max,friedman1,fixed_k,0.6224838174688803
mi|spearman_abs|difference|max,friedman1,threshold,0.48220889427421676
mi|spearman_abs|difference|max,friedman1,val_fixed_k,0.8389963835317229
mi|spearman_abs|difference|max,friedman1,val_threshold,0.7575525617101475
mi|spearman_abs|difference|max,synthetic_clf,fixed_k,0.5586111111111111
mi|spearman_abs|difference|max,synthetic_clf,threshold,0.5348611111111111
mi|spearman_abs|difference|max,synthetic_clf,val_fixed_k,0.5505555555555556
mi|spearman_abs|difference|max,synthetic_clf,val_threshold,0.5544444444444444
mi|spearman_abs|difference|mean,breast_cancer,fixed_k,0.9127944898753895
mi|spearman_abs|difference|mean,breast_cancer,threshold,0.8771721670560748
mi|spearman_abs|difference|mean,breast_cancer,val_fixed_k,0.9372371495327103
mi|spearman_abs|difference|mean,breast_cancer,val_threshold,0.8728095794392523
mi|spearman_abs|difference|mean,diabetes,fixed_k,0.22595126415798272
mi|spearman_abs|difference|mean,diabetes,threshold,0.027887591352105688
mi|spearman_abs|difference|mean,diabetes,val_fixed_k,0.38445915630766936
mi|spearman_abs|difference|mean,diabetes,val_threshold,0.027887591352105688
mi|spearman_abs|difference|mean,friedman1,fixed_k,0.6204864133638118
mi|spearman_abs|difference|mean,friedman1,threshold,0.50123623088999
mi|spearman_abs|difference|mean,friedman1,val_fixed_k,0.8414472050621911
mi|spearman_abs|difference|mean,friedman1,val_threshold,0.8392459078032587
mi|spearman_abs|difference|mean,synthetic_clf,fixed_k,0.5740740740740741
mi|spearman_abs|difference|mean,synthetic_clf,threshold,0.5383333333333333
mi|spearman_abs|difference|mean,synthetic_clf,val_fixed_k,0.6022222222222222
mi|spearman_abs|difference|mean,synthetic_clf,val_threshold,0.5683333333333334
mi|spearman_abs|difference|sum,breast_cancer,fixed_k,0.9214320482866043
mi|spearman_abs|difference|sum,breast_cancer,threshold,0.8771721670560748
mi|spearman_abs|difference|sum,breast_cancer,val_fixed_k,0.9509783878504672
mi|spearman_abs|difference|sum,breast_cancer,val_threshold,0.8728095794392523
mi|spearman_abs|difference|sum,diabetes,fixed_k,0.20536542470466987
mi|spearman_abs|difference|sum,diabetes,threshold,0.027887591352105688
mi|spearman_abs|difference|sum,diabetes,val_fixed_k,0.38596989064283405
mi|spearman_abs|difference|sum,diabetes,val_threshold,0.027887591352105688
mi|spearman_abs|difference|sum,friedman1,fixed_k,0.6153687150548707
mi|spearman_abs|difference|sum,friedman1,threshold,0.41895633541437577
mi|spearman_abs|difference|sum,friedman1,val_fixed_k,0.8253800082158731
mi|spearman_abs|difference|sum,friedman1,val_threshold,0.5969492246550308
mi|spearman_abs|difference|sum,synthetic_clf,fixed_k,0.5639814814814815
mi|spearman_abs|difference|sum,synthetic_clf,threshold,0.5338888888888889
mi|spearman_abs|difference|sum,synthetic_clf,val_fixed_k,0.5855555555555556
mi|spearman_abs|difference|sum,synthetic_clf,val_threshold,0.5572222222222222
mi|spearman_abs|multiplicative|max,breast_cancer,fixed_k,0.9279083917445483
mi|spearman_abs|multiplicative|max,breast_cancer,threshold,0.92421875
mi|spearman_abs|multiplicative|max,breast_cancer,val_fixed_k,0.953636098130841
mi|spearman_abs|multiplicative|max,breast_cancer,val_threshold,0.9500438084112149
mi|spearman_abs|multiplicative|max,diabetes,fixed_k,0.2954902645062044
mi|spearman_abs|multiplicative|max,diabetes,threshold,0.20880318479004972
mi|spearman_abs|multiplicative|max,diabetes,val_fixed_k,0.38534548708850347
mi|spearman_abs|multiplicative|max,diabetes,val_threshold,0.38917307046588556
mi|spearman_abs|multiplicative|max,friedman1,fixed_k,0.6188525014830563
mi|spearman_abs|multiplicative|max,friedman1,threshold,0.5762536432492273
mi|spearman_abs|multiplicative|max,friedman1,val_fixed_k,0.8420688179848487
mi|spearman_abs|multiplicative|max,friedman1,val_threshold,0.8325128314095233
mi|spearman_abs|multiplicative|max,synthetic_clf,fixed_k,0.6211111111111111
mi|spearman_abs|multiplicative|max,synthetic_clf,threshold,0.6048611111111111
mi|spearman_abs|multiplicative|max,synthetic_clf,val_fixed_k,0.6911111111111111
mi|spearman_abs|multiplicative|max,synthetic_clf,val_threshold,0.8205555555555556
mi|spearman_abs|multiplicative|mean,breast_cancer,fixed_k,0.9220356308411215
mi|spearman_abs|multiplicative|mean,breast_cancer,threshold,0.9277690566588784
mi|spearman_abs|multiplicative|mean,breast_cancer,val_fixed_k,0.9372517523364486
mi|spearman_abs|multiplicative|mean,breast_cancer,val_threshold,0.9445750584112149
mi|spearman_abs|multiplicative|mean,diabetes,fixed_k,0.2978344432482893
mi|spearman_abs|multiplicative|mean,diabetes,threshold,0.2141661102908059
mi|spearman_abs|multiplicative|mean,diabetes,val_fixed_k,0.39376183755190003
mi|spearman_abs|multiplicative|mean,diabetes,val_threshold,0.3760399359234719
mi|spearman_abs|multiplicative|mean,friedman1,fixed_k,0.6188525014830563
mi|spearman_abs|multiplicative|mean,friedman1,threshold,0.5762536432492273
mi|spearman_abs|multiplicative|mean,friedman1,val_fixed_k,0.8420688179848487
mi|spearman_abs|multiplicative|mean,friedman1,val_threshold,0.8367623291205145
mi|spearman_abs|multiplicative|mean,synthetic_clf,fixed_k,0.6487962962962963
mi|spearman_abs|multiplicative|mean,synthetic_clf,threshold,0.6051388888888889
mi|spearman_abs|multiplicative|mean,synthetic_clf,val_fixed_k,0.7511111111111111
mi|spearman_abs|multiplicative|mean,synthetic_clf,val_threshold,0.7877777777777777
mi|spearman_abs|multiplicative|sum,breast_cancer,fixed_k,0.9277295073987538
mi|spearman_abs|multiplicative|sum,breast_cancer,threshold,0.9178957359813085
mi|spearman_abs|multiplicative|sum,breast_cancer,val_fixed_k,0.9397415303738317
mi|spearman_abs|multiplicative|sum,breast_cancer,val_threshold,0.9511317172897197
mi|spearman_abs|multiplicative|sum,diabetes,fixed_k,0.2808509677188269
mi|spearman_abs|multiplicative|sum,diabetes,threshold,0.1786768825988434
mi|spearman_abs|multiplicative|sum,diabetes,val_fixed_k,0.37058475350774606
mi|spearman_abs|multiplicative|sum,diabetes,val_threshold,0.3699538724456743
mi|spearman_abs|multiplicative|sum,friedman1,fixed_k,0.617807041925221
mi|spearman_abs|multiplicative|sum,friedman1,threshold,0.5752076697398733
mi|spearman_abs|multiplicative|sum,friedman1,val_fixed_k,0.8419516153270606
mi|spearman_abs|multiplicative|sum,friedman1,val_threshold,0.8349591477951733
mi|spearman_abs|multiplicative|sum,synthetic_clf,fixed_k,0.5973148148148149
mi|spearman_abs|multiplicative|sum,synthetic_clf,threshold,0.6018055555555556
mi|spearman_abs|multiplicative|sum,synthetic_clf,val_fixed_k,0.6322222222222222
mi|spearman_abs|multiplicative|sum,synthetic_clf,val_threshold,0.8083333333333333
mi|spearman_abs|quotient|max,breast_cancer,fixed_k,0.9190347546728972
mi|spearman_abs|quotient|max,breast_cancer,threshold,0.9514438522196261
mi|spearman_abs|quotient|max,breast_cancer,val_fixed_k,0.9361492406542056
mi|spearman_abs|quotient|max,breast_cancer,val_threshold,0.952073598130841
mi|spearman_abs|quotient|max,diabetes,fixed_k,0.27665054627388247
mi|spearman_abs|quotient|max,diabetes,threshold,0.38783212846318577
mi|spearman_abs|quotient|max,diabetes,val_fixed_k,0.38720872358351865
mi|spearman_abs|quotient|max,diabetes,val_threshold,0.382337568819624
mi|spearman_abs|quotient|max,friedman1,fixed_k,0.6064409848150351
mi|spearman_abs|quotient|max,friedman1,threshold,0.8397680297076249
mi|spearman_abs|quotient|max,friedman1,val_fixed_k,0.8451452697353659
mi|spearman_abs|quotient|max,friedman1,val_threshold,0.8440396862182112
mi|spearman_abs|quotient|max,synthetic_clf,fixed_k,0.5748148148148148
mi|spearman_abs|quotient|max,synthetic_clf,threshold,0.7331944444444445
mi|spearman_abs|quotient|max,synthetic_clf,val_fixed_k,0.5972222222222222
mi|spearman_abs|quotient|max,synthetic_clf,val_threshold,0.8111111111111111
mi|spearman_abs|quotient|mean,breast_cancer,fixed_k,0.911073792834891
mi|spearman_abs|quotient|mean,breast_cancer,threshold,0.9533184871495328
mi|spearman_abs|quotient|mean,breast_cancer,val_fixed_k,0.9345867406542055
mi|spearman_abs|quotient|mean,breast_cancer,val_threshold,0.9564398364485982
mi|spearman_abs|quotient|mean,diabetes,fixed_k,0.2779524496799878
mi|spearman_abs|quotient|mean,diabetes,threshold,0.3915864217372749
mi|spearman_abs|quotient|mean,diabetes,val_fixed_k,0.38871537324176486
mi|spearman_abs|quotient|mean,diabetes,val_threshold,0.3878593948330566
mi|spearman_abs|quotient|mean,friedman1,fixed_k,0.6091412040075544
mi|spearman_abs|quotient|mean,friedman1,threshold,0.8381118106494174
mi|spearman_abs|quotient|mean,friedman1,val_fixed_k,0.8420242289338333
mi|spearman_abs|quotient|mean,friedman1,val_threshold,0.8424299567513671
mi|spearman_abs|quotient|mean,synthetic_clf,fixed_k,0.5816666666666667
mi|spearman_abs|quotient|mean,synthetic_clf,threshold,0.7994444444444444
mi|spearman_abs|quotient|mean,synthetic_clf,val_fixed_k,0.6527777777777778
mi|spearman_abs|quotient|mean,synthetic_clf,val_threshold,0.8266666666666665
mi|spearman_abs|quotient|sum,breast_cancer,fixed_k,0.911073792834891
mi|spearman_abs|quotient|sum,breast_cancer,threshold,0.9359904351635514
mi|spearman_abs|quotient|sum,breast_cancer,val_fixed_k,0.9345867406542055
mi|spearman_abs|quotient|sum,breast_cancer,val_threshold,0.9431731892523365
mi|spearman_abs|quotient|sum,diabetes,fixed_k,0.2779524496799878
mi|spearman_abs|quotient|sum,diabetes,threshold,0.34853085030500636
mi|spearman_abs|quotient|sum,diabetes,val_fixed_k,0.38871537324176486
mi|spearman_abs|quotient|sum,diabetes,val_threshold,0.3729296034625278
mi|spearman_abs|quotient|sum,friedman1,fixed_k,0.6091412040075544
mi|spearman_abs|quotient|sum,friedman1,threshold,0.8417179369217143
mi|spearman_abs|quotient|sum,friedman1,val_fixed_k,0.8420242289338333
mi|spearman_abs|quotient|sum,friedman1,val_threshold,0.8416817690867946
mi|spearman_abs|quotient|sum,synthetic_clf,fixed_k,0.5816666666666667
mi|spearman_abs|quotient|sum,synthetic_clf,threshold,0.6608333333333334
mi|spearman_abs|quotient|sum,synthetic_clf,val_fixed_k,0.6527777777777778
mi|spearman_abs|quotient|sum,synthetic_clf,val_threshold,0.8216666666666667
pearson|distance_corr|difference|max,breast_cancer,fixed_k,0.928143253504673
pearson|distance_corr|difference|max,breast_cancer,threshold,0.9036178446261681
pearson|distance_corr|difference|max,breast_cancer,val_fixed_k,0.946466121495327
pearson|distance_corr|difference|max,breast_cancer,val_threshold,0.9359959112149532
pearson|distance_corr|difference|max,diabetes,fixed_k,0.29812149937858035
pearson|distance_corr|difference|max,diabetes,threshold,0.19988431644501245
pearson|distance_corr|difference|max,diabetes,val_fixed_k,0.369193431029178
pearson|distance_corr|difference|max,diabetes,val_threshold,0.29281331383279197
pearson|distance_corr|difference|max,friedman1,fixed_k,0.6188390534392052
pearson|distance_corr|difference|max,friedman1,threshold,0.8139777604243097
pearson|distance_corr|difference|max,friedman1,val_fixed_k,0.8205416115661579
pearson|distance_corr|difference|max,friedman1,val_threshold,0.8182158914870433
pearson|distance_corr|difference|max,synthetic_clf,fixed_k,0.6449074074074074
pearson|distance_corr|difference|max,synthetic_clf,threshold,0.6245833333333334
pearson|distance_corr|difference|max,synthetic_clf,val_fixed_k,0.6744444444444444
pearson|distance_corr|difference|max,synthetic_clf,val_threshold,0.6544444444444444
pearson|distance_corr|difference|mean,breast_cancer,fixed_k,0.9297580802180685
pearson|distance_corr|difference|mean,breast_cancer,threshold,0.920589953271028
pearson|distance_corr|difference|mean,breast_cancer,val_fixed_k,0.9427132009345793
pearson|distance_corr|difference|mean,breast_cancer,val_threshold,0.9400554906542056
pearson|distance_corr|difference|mean,diabetes,fixed_k,0.29682241662301617
pearson|distance_corr|difference|mean,diabetes,threshold,0.21743746041201115
pearson|distance_corr|difference|mean,diabetes,val_fixed_k,0.3692178036137933
pearson|distance_corr|difference|mean,diabetes,val_threshold,0.3496283113770535
pearson|distance_corr|difference|mean,friedman1,fixed_k,0.6181289628623265
pearson|distance_corr|difference|mean,friedman1,threshold,0.8147493987646515
pearson|distance_corr|difference|mean,friedman1,val_fixed_k,0.819986821668109
pearson|distance_corr|difference|mean,friedman1,val_threshold,0.8182158914870433
pearson|distance_corr|difference|mean,synthetic_clf,fixed_k,0.6648148148148147
pearson|distance_corr|difference|mean,synthetic_clf,threshold,0.6554166666666666
pearson|distance_corr|difference|mean,synthetic_clf,val_fixed_k,0.7333333333333333
pearson|distance_corr|difference|mean,synthetic_clf,val_threshold,0.7544444444444445
pearson|distance_corr|difference|sum,breast_cancer,fixed_k,0.9221341997663551
pearson|distance_corr|difference|sum,breast_cancer,threshold,0.8953471816588785
pearson|distance_corr|difference|sum,breast_cancer,val_fixed_k,0.9414573598130842
pearson|distance_corr|difference|sum,breast_cancer,val_threshold,0.901978679906542
pearson|distance_corr|difference|sum,diabetes,fixed_k,0.29556930085010136
pearson|distance_corr|difference|sum,diabetes,threshold,0.1945493383547253
pearson|distance_corr|difference|sum,diabetes,val_fixed_k,0.3720854147322975
pearson|distance_corr|difference|sum,diabetes,val_threshold,0.261576451217948
pearson|distance_corr|difference|sum,friedman1,fixed_k,0.6220178656890821
pearson|distance_corr|difference|sum,friedman1,threshold,0.7673339540567008
pearson|distance_corr|difference|sum,friedman1,val_fixed_k,0.8293169241375976
pearson|distance_corr|difference|sum,friedman1,val_threshold,0.7934549437983709
pearson|distance_corr|difference|sum,synthetic_clf,fixed_k,0.6236111111111111
pearson|distance_corr|difference|sum,synthetic_clf,threshold,0.5801388888888889
pearson|distance_corr|difference|sum,synthetic_clf,val_fixed_k,0.655
pearson|distance_corr|difference|sum,synthetic_clf,val_threshold,0.5794444444444444
pearson|distance_corr|multiplicative|max,breast_cancer,fixed_k,0.9279083917445483
pearson|distance_corr|multiplicative|max,breast_cancer,threshold,0.9484009929906542
pearson|distance_corr|multiplicative|max,breast_cancer,val_fixed_k,0.9463054906542055
pearson|distance_corr|multiplicative|max,breast_cancer,val_threshold,0.9494231892523365
pearson|distance_corr|multiplicative|max,diabetes,fixed_k,0.2972030585167214
pearson|distance_corr|multiplicative|max,diabetes,threshold,0.38155223072294897
pearson|distance_corr|multiplicative|max,diabetes,val_fixed_k,0.3715712632734534
pearson|distance_corr|multiplicative|max,diabetes,val_threshold,0.3825884396598664
pearson|distance_corr|multiplicative|max,friedman1,fixed_k,0.6163925239644988
pearson|distance_corr|multiplicative|max,friedman1,threshold,0.8160684110271822
pearson|distance_corr|multiplicative|max,friedman1,val_fixed_k,0.8247377514507723
pearson|distance_corr|multiplicative|max,friedman1,val_threshold,0.8147534543995623
pearson|distance_corr|multiplicative|max,synthetic_clf,fixed_k,0.6853703703703703
pearson|distance_corr|multiplicative|max,synthetic_clf,threshold,0.7565277777777777
pearson|distance_corr|multiplicative|max,synthetic_clf,val_fixed_k,0.7783333333333333
pearson|distance_corr|multiplicative|max,synthetic_clf,val_threshold,0.8083333333333333
pearson|distance_corr|multiplicative|mean,breast_cancer,fixed_k,0.9302022488317757
pearson|distance_corr|multiplicative|mean,breast_cancer,threshold,0.9523035922897197
pearson|distance_corr|multiplicative|mean,breast_cancer,val_fixed_k,0.950365070093458
pearson|distance_corr|multiplicative|mean,breast_cancer,val_threshold,0.9517596378504674
pearson|distance_corr|multiplicative|mean,diabetes,fixed_k,0.296829498304343
pearson|distance_corr|multiplicative|mean,diabetes,threshold,0.3837168326905967
pearson|distance_corr|multiplicative|mean,diabetes,val_fixed_k,0.3731425568036114
pearson|distance_corr|multiplicative|mean,diabetes,val_threshold,0.3826302788791827
pearson|distance_corr|multiplicative|mean,friedman1,fixed_k,0.6163925239644988
pearson|distance_corr|multiplicative|mean,friedman1,threshold,0.8156301732957614
pearson|distance_corr|multiplicative|mean,friedman1,val_fixed_k,0.8247377514507723
pearson|distance_corr|multiplicative|mean,friedman1,val_threshold,0.8147534543995623
pearson|distance_corr|multiplicative|mean,synthetic_clf,fixed_k,0.6912962962962962
pearson|distance_corr|multiplicative|mean,synthetic_clf,threshold,0.7648611111111111
pearson|distance_corr|multiplicative|mean,synthetic_clf,val_fixed_k,0.7966666666666666
pearson|distance_corr|multiplicative|mean,synthetic_clf,val_threshold,0.8122222222222222
pearson|distance_corr|multiplicative|sum,breast_cancer,fixed_k,0.9207883080218069
pearson|distance_corr|multiplicative|sum,breast_cancer,threshold,0.9203526577102803
pearson|distance_corr|multiplicative|sum,breast_cancer,val_fixed_k,0.9336667640186915
pearson|distance_corr|multiplicative|sum,breast_cancer,val_threshold,0.9444290303738319
pearson|distance_corr|multiplicative|sum,diabetes,fixed_k,0.29286681041751683
pearson|distance_corr|multiplicative|sum,diabetes,threshold,0.33052110133764656
pearson|distance_corr|multiplicative|sum,diabetes,val_fixed_k,0.37192640166640845
pearson|distance_corr|multiplicative|sum,diabetes,val_threshold,0.37711621539513895
pearson|distance_corr|multiplicative|sum,friedman1,fixed_k,0.6164065466086693
pearson|distance_corr|multiplicative|sum,friedman1,threshold,0.8171559147041354
pearson|distance_corr|multiplicative|sum,friedman1,val_fixed_k,0.8233496326800316
pearson|distance_corr|multiplicative|sum,friedman1,val_threshold,0.8196641953016055
pearson|distance_corr|multiplicative|sum,synthetic_clf,fixed_k,0.6602777777777777
pearson|distance_corr|multiplicative|sum,synthetic_clf,threshold,0.7058333333333333
pearson|distance_corr|multiplicative|sum,synthetic_clf,val_fixed_k,0.6888888888888889
pearson|distance_corr|multiplicative|sum,synthetic_clf,val_threshold,0.8088888888888889
pearson|distance_corr|quotient|max,breast_cancer,fixed_k,0.9290036020249222
pearson|distance_corr|quotient|max,breast_cancer,threshold,0.9526157272196262
pearson|distance_corr|quotient|max,breast_cancer,val_fixed_k,0.9461448598130842
pearson|distance_corr|quotient|max,breast_cancer,val_threshold,0.9522269275700934
pearson|distance_corr|quotient|max,diabetes,fixed_k,0.29412393726880626
pearson|distance_corr|quotient|max,diabetes,threshold,0.3910949280324585
pearson|distance_corr|quotient|max,diabetes,val_fixed_k,0.3715925238827018
pearson|distance_corr|quotient|max,diabetes,val_threshold,0.3887348250496765
pearson|distance_corr|quotient|max,friedman1,fixed_k,0.6151656408171805
pearson|distance_corr|quotient|max,friedman1,threshold,0.8227181052705703
pearson|distance_corr|quotient|max,friedman1,val_fixed_k,0.8233764987266564
pearson|distance_corr|quotient|max,friedman1,val_threshold,0.8144745639714088
pearson|distance_corr|quotient|max,synthetic_clf,fixed_k,0.6419444444444444
pearson|distance_corr|quotient|max,synthetic_clf,threshold,0.8084722222222223
pearson|distance_corr|quotient|max,synthetic_clf,val_fixed_k,0.6900000000000001
pearson|distance_corr|quotient|max,synthetic_clf,val_threshold,0.8094444444444445
pearson|distance_corr|quotient|mean,breast_cancer,fixed_k,0.9291630159657321
pearson|distance_corr|quotient|mean,breast_cancer,threshold,0.952968019859813
pearson|distance_corr|quotient|mean,breast_cancer,val_fixed_k,0.948802570093458
pearson|distance_corr|quotient|mean,breast_cancer,val_threshold,0.9530081775700934
pearson|distance_corr|quotient|mean,diabetes,fixed_k,0.2925377972034518
pearson|distance_corr|quotient|mean,diabetes,threshold,0.39297386072558277
pearson|distance_corr|quotient|mean,diabetes,val_fixed_k,0.38240130100504055
pearson|distance_corr|quotient|mean,diabetes,val_threshold,0.39147404088111204
pearson|distance_corr|quotient|mean,friedman1,fixed_k,0.6091428468121344
pearson|distance_corr|quotient|mean,friedman1,threshold,0.8226616599927414
pearson|distance_corr|quotient|mean,friedman1,val_fixed_k,0.8228110388313457
pearson|distance_corr|quotient|mean,friedman1,val_threshold,0.8186714720321812
pearson|distance_corr|quotient|mean,synthetic_clf,fixed_k,0.6562037037037036
pearson|distance_corr|quotient|mean,synthetic_clf,threshold,0.8127777777777778
pearson|distance_corr|quotient|mean,synthetic_clf,val_fixed_k,0.74
pearson|distance_corr|quotient|mean,synthetic_clf,val_threshold,0.8127777777777778
pearson|distance_corr|quotient|sum,breast_cancer,fixed_k,0.9291630159657321
pearson|distance_corr|quotient|sum,breast_cancer,threshold,0.951953125
pearson|distance_corr|quotient|sum,breast_cancer,val_fixed_k,0.948802570093458
pearson|distance_corr|quotient|sum,breast_cancer,val_threshold,0.9519129672897197
pearson|distance_corr|quotient|sum,diabetes,fixed_k,0.2925377972034518
pearson|distance_corr|quotient|sum,diabetes,threshold,0.3805194691127249
pearson|distance_corr|quotient|sum,diabetes,val_fixed_k,0.38240130100504055
pearson|distance_corr|quotient|sum,diabetes,val_threshold,0.38085218274046806
pearson|distance_corr|quotient|sum,friedman1,fixed_k,0.6091428468121344
pearson|distance_corr|quotient|sum,friedman1,threshold,0.8142311002485852
pearson|distance_corr|quotient|sum,friedman1,val_fixed_k,0.8228110388313457
pearson|distance_corr|quotient|sum,friedman1,val_threshold,0.8174584564863159
pearson|distance_corr|quotient|sum,synthetic_clf,fixed_k,0.6562037037037036
pearson|distance_corr|quotient|sum,synthetic_clf,threshold,0.7731944444444444
pearson|distance_corr|quotient|sum,synthetic_clf,val_fixed_k,0.74
pearson|distance_corr|quotient|sum,synthetic_clf,val_threshold,0.7905555555555556
pearson|mutual_info_sklearn|difference|max,breast_cancer,fixed_k,0.9274654400311526
pearson|mutual_info_sklearn|difference|max,breast_cancer,threshold,0.9524952540887851
pearson|mutual_info_sklearn|difference|max,breast_cancer,val_fixed_k,0.9511317172897197
pearson|mutual_info_sklearn|difference|max,breast_cancer,val_threshold,0.9539354556074766
pearson|mutual_info_sklearn|difference|max,diabetes,fixed_k,0.29023240155971464
pearson|mutual_info_sklearn|difference|max,diabetes,threshold,0.37190844746267876
pearson|mutual_info_sklearn|difference|max,diabetes,val_fixed_k,0.3846512510445813
pearson|mutual_info_sklearn|difference|max,diabetes,val_threshold,0.36534697465553767
pearson|mutual_info_sklearn|difference|max,friedman1,fixed_k,0.6138141365684965
pearson|mutual_info_sklearn|difference|max,friedman1,threshold,0.8145775921884519
pearson|mutual_info_sklearn|difference|max,friedman1,val_fixed_k,0.8256905371156762
pearson|mutual_info_sklearn|difference|max,friedman1,val_threshold,0.8163055889462297
pearson|mutual_info_sklearn|difference|max,synthetic_clf,fixed_k,0.6725
pearson|mutual_info_sklearn|difference|max,synthetic_clf,threshold,0.7163888888888889
pearson|mutual_info_sklearn|difference|max,synthetic_clf,val_fixed_k,0.7405555555555555
pearson|mutual_info_sklearn|difference|max,synthetic_clf,val_threshold,0.736111111111111
pearson|mutual_info_sklearn|difference|mean,breast_cancer,fixed_k,0.9290255062305295
pearson|mutual_info_sklearn|difference|mean,breast_cancer,threshold,0.9542165595794392
pearson|mutual_info_sklearn|difference|mean,breast_cancer,val_fixed_k,0.9495692172897197
pearson|mutual_info_sklearn|difference|mean,breast_cancer,val_threshold,0.9534754672897197
pearson|mutual_info_sklearn|difference|mean,diabetes,fixed_k,0.2904735818596388
pearson|mutual_info_sklearn|difference|mean,diabetes,threshold,0.37928850560188115
pearson|mutual_info_sklearn|difference|mean,diabetes,val_fixed_k,0.38361077851836617
pearson|mutual_info_sklearn|difference|mean,diabetes,val_threshold,0.3774324486131897
pearson|mutual_info_sklearn|difference|mean,friedman1,fixed_k,0.6135817866774212
pearson|mutual_info_sklearn|difference|mean,friedman1,threshold,0.815190474956774
pearson|mutual_info_sklearn|difference|mean,friedman1,val_fixed_k,0.8238513747365486
pearson|mutual_info_sklearn|difference|mean,friedman1,val_threshold,0.8137446459935607
pearson|mutual_info_sklearn|difference|mean,synthetic_clf,fixed_k,0.69
pearson|mutual_info_sklearn|difference|mean,synthetic_clf,threshold,0.7647222222222222
pearson|mutual_info_sklearn|difference|mean,synthetic_clf,val_fixed_k,0.7866666666666667
pearson|mutual_info_sklearn|difference|mean,synthetic_clf,val_threshold,0.8
pearson|mutual_info_sklearn|difference|sum,breast_cancer,fixed_k,0.9193986078660435
pearson|mutual_info_sklearn|difference|sum,breast_cancer,threshold,0.930802789135514
pearson|mutual_info_sklearn|difference|sum,breast_cancer,val_fixed_k,0.933958820093458
pearson|mutual_info_sklearn|difference|sum,breast_cancer,val_threshold,0.9292932242990654
pearson|mutual_info_sklearn|difference|sum,diabetes,fixed_k,0.2827129958336118
pearson|mutual_info_sklearn|difference|sum,diabetes,threshold,0.3169332280014471
pearson|mutual_info_sklearn|difference|sum,diabetes,val_fixed_k,0.37027873246931364
pearson|mutual_info_sklearn|difference|sum,diabetes,val_threshold,0.3279706514522072
pearson|mutual_info_sklearn|difference|sum,friedman1,fixed_k,0.614123588857629
pearson|mutual_info_sklearn|difference|sum,friedman1,threshold,0.816230781814957
pearson|mutual_info_sklearn|difference|sum,friedman1,val_fixed_k,0.8303842297987252
pearson|mutual_info_sklearn|difference|sum,friedman1,val_threshold,0.816338668348704
pearson|mutual_info_sklearn|difference|sum,synthetic_clf,fixed_k,0.663888888888889
pearson|mutual_info_sklearn|difference|sum,synthetic_clf,threshold,0.704861111111111
pearson|mutual_info_sklearn|difference|sum,synthetic_clf,val_fixed_k,0.7222222222222222
pearson|mutual_info_sklearn|difference|sum,synthetic_clf,val_threshold,0.7322222222222222
pearson|mutual_info_sklearn|multiplicative|max,breast_cancer,fixed_k,0.928243039330218
pearson|mutual_info_sklearn|multiplicative|max,breast_cancer,threshold,0.9496860397196262
pearson|mutual_info_sklearn|multiplicative|max,breast_cancer,val_fixed_k,0.9494158878504673
pearson|mutual_info_sklearn|multiplicative|max,breast_cancer,val_threshold,0.945823598130841
pearson|mutual_info_sklearn|multiplicative|max,diabetes,fixed_k,0.2964221692824532
pearson|mutual_info_sklearn|multiplicative|max,diabetes,threshold,0.38283298653455156
pearson|mutual_info_sklearn|multiplicative|max,diabetes,val_fixed_k,0.370531312870545
pearson|mutual_info_sklearn|multiplicative|max,diabetes,val_threshold,0.38223690498266716
pearson|mutual_info_sklearn|multiplicative|max,friedman1,fixed_k,0.6144622518388264
pearson|mutual_info_sklearn|multiplicative|max,friedman1,threshold,0.8156071853025321
pearson|mutual_info_sklearn|multiplicative|max,friedman1,val_fixed_k,0.8231181732890986
pearson|mutual_info_sklearn|multiplicative|max,friedman1,val_threshold,0.8145484683159058
pearson|mutual_info_sklearn|multiplicative|max,synthetic_clf,fixed_k,0.6890740740740741
pearson|mutual_info_sklearn|multiplicative|max,synthetic_clf,threshold,0.7904166666666667
pearson|mutual_info_sklearn|multiplicative|max,synthetic_clf,val_fixed_k,0.7972222222222223
pearson|mutual_info_sklearn|multiplicative|max,synthetic_clf,val_threshold,0.8133333333333332
pearson|mutual_info_sklearn|multiplicative|mean,breast_cancer,fixed_k,0.9281140478971963
pearson|mutual_info_sklearn|multiplicative|mean,breast_cancer,threshold,0.9532016647196262
pearson|mutual_info_sklearn|multiplicative|mean,breast_cancer,val_fixed_k,0.9542567172897197
pearson|mutual_info_sklearn|multiplicative|mean,breast_cancer,val_threshold,0.9547240070093459
pearson|mutual_info_sklearn|multiplicative|mean,diabetes,fixed_k,0.29596508756282297
pearson|mutual_info_sklearn|multiplicative|mean,diabetes,threshold,0.38513348793914004
pearson|mutual_info_sklearn|multiplicative|mean,diabetes,val_fixed_k,0.372393346792805
pearson|mutual_info_sklearn|multiplicative|mean,diabetes,val_threshold,0.38274808608925576
pearson|mutual_info_sklearn|multiplicative|mean,friedman1,fixed_k,0.6144832695043869
pearson|mutual_info_sklearn|multiplicative|mean,friedman1,threshold,0.8156387118008729
pearson|mutual_info_sklearn|multiplicative|mean,friedman1,val_fixed_k,0.8231181732890986
pearson|mutual_info_sklearn|multiplicative|mean,friedman1,val_threshold,0.8145484683159058
pearson|mutual_info_sklearn|multiplicative|mean,synthetic_clf,fixed_k,0.692037037037037
pearson|mutual_info_sklearn|multiplicative|mean,synthetic_clf,threshold,0.8061111111111112
pearson|mutual_info_sklearn|multiplicative|mean,synthetic_clf,val_fixed_k,0.7938888888888889
pearson|mutual_info_sklearn|multiplicative|mean,synthetic_clf,val_threshold,0.8183333333333334
pearson|mutual_info_sklearn|multiplicative|sum,breast_cancer,fixed_k,0.9224128699376947
pearson|mutual_info_sklearn|multiplicative|sum,breast_cancer,threshold,0.9428574036214954
pearson|mutual_info_sklearn|multiplicative|sum,breast_cancer,val_fixed_k,0.9383250584112149
pearson|mutual_info_sklearn|multiplicative|sum,breast_cancer,val_threshold,0.943333820093458
pearson|mutual_info_sklearn|multiplicative|sum,diabetes,fixed_k,0.2972604048890435
pearson|mutual_info_sklearn|multiplicative|sum,diabetes,threshold,0.3782939012681556
pearson|mutual_info_sklearn|multiplicative|sum,diabetes,val_fixed_k,0.37258395510837417
pearson|mutual_info_sklearn|multiplicative|sum,diabetes,val_threshold,0.3751172812100102
pearson|mutual_info_sklearn|multiplicative|sum,friedman1,fixed_k,0.6144832695043869
pearson|mutual_info_sklearn|multiplicative|sum,friedman1,threshold,0.8156387118008729
pearson|mutual_info_sklearn|multiplicative|sum,friedman1,val_fixed_k,0.8233493008294847
pearson|mutual_info_sklearn|multiplicative|sum,friedman1,val_threshold,0.8145484683159058
pearson|mutual_info_sklearn|multiplicative|sum,synthetic_clf,fixed_k,0.6836111111111111
pearson|mutual_info_sklearn|multiplicative|sum,synthetic_clf,threshold,0.7641666666666667
pearson|mutual_info_sklearn|multiplicative|sum,synthetic_clf,val_fixed_k,0.7644444444444444
pearson|mutual_info_sklearn|multiplicative|sum,synthetic_clf,val_threshold,0.7838888888888889
pearson|mutual_info_sklearn|quotient|max,breast_cancer,fixed_k,0.9220526674454829
pearson|mutual_info_sklearn|quotient|max,breast_cancer,threshold,0.9524989047897197
pearson|mutual_info_sklearn|quotient|max,breast_cancer,val_fixed_k,0.9447429906542057
pearson|mutual_info_sklearn|quotient|max,breast_cancer,val_threshold,0.9522269275700935
pearson|mutual_info_sklearn|quotient|max,diabetes,fixed_k,0.23929919885384113
pearson|mutual_info_sklearn|quotient|max,diabetes,threshold,0.3951396423066766
pearson|mutual_info_sklearn|quotient|max,diabetes,val_fixed_k,0.3913839284534999
pearson|mutual_info_sklearn|quotient|max,diabetes,val_threshold,0.39461342977596653
pearson|mutual_info_sklearn|quotient|max,friedman1,fixed_k,0.5388200778875312
pearson|mutual_info_sklearn|quotient|max,friedman1,threshold,0.8251437591567559
pearson|mutual_info_sklearn|quotient|max,friedman1,val_fixed_k,0.8231482051549074
pearson|mutual_info_sklearn|quotient|max,friedman1,val_threshold,0.8230982463629426
pearson|mutual_info_sklearn|quotient|max,synthetic_clf,fixed_k,0.6338888888888888
pearson|mutual_info_sklearn|quotient|max,synthetic_clf,threshold,0.814861111111111
pearson|mutual_info_sklearn|quotient|max,synthetic_clf,val_fixed_k,0.7027777777777777
pearson|mutual_info_sklearn|quotient|max,synthetic_clf,val_threshold,0.8150000000000001
pearson|mutual_info_sklearn|quotient|mean,breast_cancer,fixed_k,0.9232488804517135
pearson|mutual_info_sklearn|quotient|mean,breast_cancer,threshold,0.9548426547897197
pearson|mutual_info_sklearn|quotient|mean,breast_cancer,val_fixed_k,0.9523802570093458
pearson|mutual_info_sklearn|quotient|mean,breast_cancer,val_threshold,0.9537894275700936
pearson|mutual_info_sklearn|quotient|mean,diabetes,fixed_k,0.2359009738169484
pearson|mutual_info_sklearn|quotient|mean,diabetes,threshold,0.3937371593728832
pearson|mutual_info_sklearn|quotient|mean,diabetes,val_fixed_k,0.36054093933512726
pearson|mutual_info_sklearn|quotient|mean,diabetes,val_threshold,0.3937371593728832
pearson|mutual_info_sklearn|quotient|mean,friedman1,fixed_k,0.5498943263906713
pearson|mutual_info_sklearn|quotient|mean,friedman1,threshold,0.8276270329749693
pearson|mutual_info_sklearn|quotient|mean,friedman1,val_fixed_k,0.8245790966379538
pearson|mutual_info_sklearn|quotient|mean,friedman1,val_threshold,0.8274883051568913
pearson|mutual_info_sklearn|quotient|mean,synthetic_clf,fixed_k,0.6295370370370371
pearson|mutual_info_sklearn|quotient|mean,synthetic_clf,threshold,0.8163888888888889
pearson|mutual_info_sklearn|quotient|mean,synthetic_clf,val_fixed_k,0.6744444444444444
pearson|mutual_info_sklearn|quotient|mean,synthetic_clf,val_threshold,0.8122222222222222
pearson|mutual_info_sklearn|quotient|sum,breast_cancer,fixed_k,0.9232488804517135
pearson|mutual_info_sklearn|quotient|sum,breast_cancer,threshold,0.9531231746495328
pearson|mutual_info_sklearn|quotient|sum,breast_cancer,val_fixed_k,0.9523802570093458
pearson|mutual_info_sklearn|quotient|sum,breast_cancer,val_threshold,0.9505110981308411
pearson|mutual_info_sklearn|quotient|sum,diabetes,fixed_k,0.2359009738169484
pearson|mutual_info_sklearn|quotient|sum,diabetes,threshold,0.389202606077096
pearson|mutual_info_sklearn|quotient|sum,diabetes,val_fixed_k,0.36054093933512726
pearson|mutual_info_sklearn|quotient|sum,diabetes,val_threshold,0.3869017307467856
pearson|mutual_info_sklearn|quotient|sum,friedman1,fixed_k,0.5381389996312066
pearson|mutual_info_sklearn|quotient|sum,friedman1,threshold,0.8265409178826479
pearson|mutual_info_sklearn|quotient|sum,friedman1,val_fixed_k,0.8226696371598473
pearson|mutual_info_sklearn|quotient|sum,friedman1,val_threshold,0.824956732645205
pearson|mutual_info_sklearn|quotient|sum,synthetic_clf,fixed_k,0.6256481481481482
pearson|mutual_info_sklearn|quotient|sum,synthetic_clf,threshold,0.7975
pearson|mutual_info_sklearn|quotient|sum,synthetic_clf,val_fixed_k,0.6711111111111111
pearson|mutual_info_sklearn|quotient|sum,synthetic_clf,val_threshold,0.8150000000000001
pearson|pearson_abs|difference|max,breast_cancer,fixed_k,0.9296011000778817
pearson|pearson_abs|difference|max,breast_cancer,threshold,0.9083436769859812
pearson|pearson_abs|difference|max,breast_cancer,val_fixed_k,0.9491019275700936
pearson|pearson_abs|difference|max,breast_cancer,val_threshold,0.934747371495327
pearson|pearson_abs|difference|max,diabetes,fixed_k,0.3008449280981515
pearson|pearson_abs|difference|max,diabetes,threshold,0.2351679615727349
pearson|pearson_abs|difference|max,diabetes,val_fixed_k,0.3727281996990212
pearson|pearson_abs|difference|max,diabetes,val_threshold,0.30620900462745476
pearson|pearson_abs|difference|max,friedman1,fixed_k,0.6151286617144716
pearson|pearson_abs|difference|max,friedman1,threshold,0.8150546841547495
pearson|pearson_abs|difference|max,friedman1,val_fixed_k,0.8232677594012442
pearson|pearson_abs|difference|max,friedman1,val_threshold,0.8178974608572609
pearson|pearson_abs|difference|max,synthetic_clf,fixed_k,0.6301851851851852
pearson|pearson_abs|difference|max,synthetic_clf,threshold,0.6399999999999999
pearson|pearson_abs|difference|max,synthetic_clf,val_fixed_k,0.6422222222222222
pearson|pearson_abs|difference|max,synthetic_clf,val_threshold,0.6538888888888889
pearson|pearson_abs|difference|mean,breast_cancer,fixed_k,0.9310358255451713
pearson|pearson_abs|difference|mean,breast_cancer,threshold,0.929913843457944
pearson|pearson_abs|difference|mean,breast_cancer,val_fixed_k,0.9517742406542056
pearson|pearson_abs|difference|mean,breast_cancer,val_threshold,0.9438011098130842
pearson|pearson_abs|difference|mean,diabetes,fixed_k,0.2988930743785515
pearson|pearson_abs|difference|mean,diabetes,threshold,0.2431487311287273
pearson|pearson_abs|difference|mean,diabetes,val_fixed_k,0.36832558925389147
pearson|pearson_abs|difference|mean,diabetes,val_threshold,0.33752038674387375
pearson|pearson_abs|difference|mean,friedman1,fixed_k,0.6159151357322012
pearson|pearson_abs|difference|mean,friedman1,threshold,0.8118544581262117
pearson|pearson_abs|difference|mean,friedman1,val_fixed_k,0.8197998412289484
pearson|pearson_abs|difference|mean,friedman1,val_threshold,0.8097236049395576
pearson|pearson_abs|difference|mean,synthetic_clf,fixed_k,0.6576851851851852
pearson|pearson_abs|difference|mean,synthetic_clf,threshold,0.6919444444444445
pearson|pearson_abs|difference|mean,synthetic_clf,val_fixed_k,0.735
pearson|pearson_abs|difference|mean,synthetic_clf,val_threshold,0.7672222222222222
pearson|pearson_abs|difference|sum,breast_cancer,fixed_k,0.9284316588785048
pearson|pearson_abs|difference|sum,breast_cancer,threshold,0.9008962470794393
pearson|pearson_abs|difference|sum,breast_cancer,val_fixed_k,0.9550452686915888
pearson|pearson_abs|difference|sum,breast_cancer,val_threshold,0.9043297313084112
pearson|pearson_abs|difference|sum,diabetes,fixed_k,0.3040741205882039
pearson|pearson_abs|difference|sum,diabetes,threshold,0.23449797620267376
pearson|pearson_abs|difference|sum,diabetes,val_fixed_k,0.37787737466794846
pearson|pearson_abs|difference|sum,diabetes,val_threshold,0.28300593802206103
pearson|pearson_abs|difference|sum,friedman1,fixed_k,0.6159460630148541
pearson|pearson_abs|difference|sum,friedman1,threshold,0.8121874638711042
pearson|pearson_abs|difference|sum,friedman1,val_fixed_k,0.8233721142488728
pearson|pearson_abs|difference|sum,friedman1,val_threshold,0.8178974608572609
pearson|pearson_abs|difference|sum,synthetic_clf,fixed_k,0.5962962962962963
pearson|pearson_abs|difference|sum,synthetic_clf,threshold,0.5943055555555555
pearson|pearson_abs|difference|sum,synthetic_clf,val_fixed_k,0.61
pearson|pearson_abs|difference|sum,synthetic_clf,val_threshold,0.5994444444444444
pearson|pearson_abs|multiplicative|max,breast_cancer,fixed_k,0.9278025214174455
pearson|pearson_abs|multiplicative|max,breast_cancer,threshold,0.9460955753504672
pearson|pearson_abs|multiplicative|max,breast_cancer,val_fixed_k,0.9486346378504672
pearson|pearson_abs|multiplicative|max,breast_cancer,val_threshold,0.941771320093458
pearson|pearson_abs|multiplicative|max,diabetes,fixed_k,0.30009246404100465
pearson|pearson_abs|multiplicative|max,diabetes,threshold,0.3792348291295883
pearson|pearson_abs|multiplicative|max,diabetes,val_fixed_k,0.37349043669958387
pearson|pearson_abs|multiplicative|max,diabetes,val_threshold,0.38384689763598356
pearson|pearson_abs|multiplicative|max,friedman1,fixed_k,0.6164771868857645
pearson|pearson_abs|multiplicative|max,friedman1,threshold,0.8159476163615553
pearson|pearson_abs|multiplicative|max,friedman1,val_fixed_k,0.8233844204356953
pearson|pearson_abs|multiplicative|max,friedman1,val_threshold,0.8148223364671855
pearson|pearson_abs|multiplicative|max,synthetic_clf,fixed_k,0.6812037037037036
pearson|pearson_abs|multiplicative|max,synthetic_clf,threshold,0.7533333333333333
pearson|pearson_abs|multiplicative|max,synthetic_clf,val_fixed_k,0.7555555555555555
pearson|pearson_abs|multiplicative|max,synthetic_clf,val_threshold,0.8088888888888889
pearson|pearson_abs|multiplicative|mean,breast_cancer,fixed_k,0.9283270054517134
pearson|pearson_abs|multiplicative|mean,breast_cancer,threshold,0.9526558849299066
pearson|pearson_abs|multiplicative|mean,breast_cancer,val_fixed_k,0.9444290303738316
pearson|pearson_abs|multiplicative|mean,breast_cancer,val_threshold,0.9537894275700936
pearson|pearson_abs|multiplicative|mean,diabetes,fixed_k,0.2993094013096423
pearson|pearson_abs|multiplicative|mean,diabetes,threshold,0.383509444047221
pearson|pearson_abs|multiplicative|mean,diabetes,val_fixed_k,0.3693493993239107
pearson|pearson_abs|multiplicative|mean,diabetes,val_threshold,0.38101520885105894
pearson|pearson_abs|multiplicative|mean,friedman1,fixed_k,0.6164771868857645
pearson|pearson_abs|multiplicative|mean,friedman1,threshold,0.815541150497055
pearson|pearson_abs|multiplicative|mean,friedman1,val_fixed_k,0.8233844204356953
pearson|pearson_abs|multiplicative|mean,friedman1,val_threshold,0.8148223364671855
pearson|pearson_abs|multiplicative|mean,synthetic_clf,fixed_k,0.6921296296296297
pearson|pearson_abs|multiplicative|mean,synthetic_clf,threshold,0.7769444444444444
pearson|pearson_abs|multiplicative|mean,synthetic_clf,val_fixed_k,0.7844444444444445
pearson|pearson_abs|multiplicative|mean,synthetic_clf,val_threshold,0.8205555555555556
pearson|pearson_abs|multiplicative|sum,breast_cancer,fixed_k,0.9193049065420561
pearson|pearson_abs|multiplicative|sum,breast_cancer,threshold,0.9249215099299066
pearson|pearson_abs|multiplicative|sum,breast_cancer,val_fixed_k,0.9374123831775701
pearson|pearson_abs|multiplicative|sum,breast_cancer,val_threshold,0.9467727803738318
pearson|pearson_abs|multiplicative|sum,diabetes,fixed_k,0.2958883080089621
pearson|pearson_abs|multiplicative|sum,diabetes,threshold,0.33869157633760766
pearson|pearson_abs|multiplicative|sum,diabetes,val_fixed_k,0.3661440127429586
pearson|pearson_abs|multiplicative|sum,diabetes,val_threshold,0.3775584058319653
pearson|pearson_abs|multiplicative|sum,friedman1,fixed_k,0.6165380624110257
pearson|pearson_abs|multiplicative|sum,friedman1,threshold,0.8174258605680438
pearson|pearson_abs|multiplicative|sum,friedman1,val_fixed_k,0.8234109457148977
pearson|pearson_abs|multiplicative|sum,friedman1,val_threshold,0.8176855523601725
pearson|pearson_abs|multiplicative|sum,synthetic_clf,fixed_k,0.6581481481481481
pearson|pearson_abs|multiplicative|sum,synthetic_clf,threshold,0.7126388888888889
pearson|pearson_abs|multiplicative|sum,synthetic_clf,val_fixed_k,0.7061111111111111
pearson|pearson_abs|multiplicative|sum,synthetic_clf,val_threshold,0.8161111111111111
pearson|pearson_abs|quotient|max,breast_cancer,fixed_k,0.9274666569314642
pearson|pearson_abs|quotient|max,breast_cancer,threshold,0.952968019859813
pearson|pearson_abs|quotient|max,breast_cancer,val_fixed_k,0.9533221378504673
pearson|pearson_abs|quotient|max,breast_cancer,val_threshold,0.9522269275700935
pearson|pearson_abs|quotient|max,diabetes,fixed_k,0.3000620748399326
pearson|pearson_abs|quotient|max,diabetes,threshold,0.3915359357569465
pearson|pearson_abs|quotient|max,diabetes,val_fixed_k,0.37049998668516204
pearson|pearson_abs|quotient|max,diabetes,val_threshold,0.3896792897081405
pearson|pearson_abs|quotient|max,friedman1,fixed_k,0.5842367107246685
pearson|pearson_abs|quotient|max,friedman1,threshold,0.8229273047598751
pearson|pearson_abs|quotient|max,friedman1,val_fixed_k,0.8237255955848743
pearson|pearson_abs|quotient|max,friedman1,val_threshold,0.818151661762843
pearson|pearson_abs|quotient|max,synthetic_clf,fixed_k,0.6102777777777778
pearson|pearson_abs|quotient|max,synthetic_clf,threshold,0.8011111111111111
pearson|pearson_abs|quotient|max,synthetic_clf,val_fixed_k,0.6705555555555556
pearson|pearson_abs|quotient|max,synthetic_clf,val_threshold,0.8083333333333333
pearson|pearson_abs|quotient|mean,breast_cancer,fixed_k,0.9264578465732087
pearson|pearson_abs|quotient|mean,breast_cancer,threshold,0.954176401869159
pearson|pearson_abs|quotient|mean,breast_cancer,val_fixed_k,0.9511390186915888
pearson|pearson_abs|quotient|mean,breast_cancer,val_threshold,0.9531615070093459
pearson|pearson_abs|quotient|mean,diabetes,fixed_k,0.2995592978707167
pearson|pearson_abs|quotient|mean,diabetes,threshold,0.39438881963661304
pearson|pearson_abs|quotient|mean,diabetes,val_fixed_k,0.36280578665842605
pearson|pearson_abs|quotient|mean,diabetes,val_threshold,0.3920408985915079
pearson|pearson_abs|quotient|mean,friedman1,fixed_k,0.5893198041580487
pearson|pearson_abs|quotient|mean,friedman1,threshold,0.8249971054417259
pearson|pearson_abs|quotient|mean,friedman1,val_fixed_k,0.8183292225067845
pearson|pearson_abs|quotient|mean,friedman1,val_threshold,0.8212256549528115
pearson|pearson_abs|quotient|mean,synthetic_clf,fixed_k,0.6174074074074074
pearson|pearson_abs|quotient|mean,synthetic_clf,threshold,0.8154166666666667
pearson|pearson_abs|quotient|mean,synthetic_clf,val_fixed_k,0.6844444444444444
pearson|pearson_abs|quotient|mean,synthetic_clf,val_threshold,0.8172222222222223
pearson|pearson_abs|quotient|sum,breast_cancer,fixed_k,0.9264578465732087
pearson|pearson_abs|quotient|sum,breast_cancer,threshold,0.9528530227803739
pearson|pearson_abs|quotient|sum,breast_cancer,val_fixed_k,0.9511390186915888
pearson|pearson_abs|quotient|sum,breast_cancer,val_threshold,0.9553519275700936
pearson|pearson_abs|quotient|sum,diabetes,fixed_k,0.2995592978707167
pearson|pearson_abs|quotient|sum,diabetes,threshold,0.3803290349602434
pearson|pearson_abs|quotient|sum,diabetes,val_fixed_k,0.36280578665842605
pearson|pearson_abs|quotient|sum,diabetes,val_threshold,0.38067057703910534
pearson|pearson_abs|quotient|sum,friedman1,fixed_k,0.5893198041580487
pearson|pearson_abs|quotient|sum,friedman1,threshold,0.8138959826506786
pearson|pearson_abs|quotient|sum,friedman1,val_fixed_k,0.8183292225067845
pearson|pearson_abs|quotient|sum,friedman1,val_threshold,0.8123206108347372
pearson|pearson_abs|quotient|sum,synthetic_clf,fixed_k,0.6174074074074074
pearson|pearson_abs|quotient|sum,synthetic_clf,threshold,0.7619444444444444
pearson|pearson_abs|quotient|sum,synthetic_clf,val_fixed_k,0.6844444444444444
pearson|pearson_abs|quotient|sum,synthetic_clf,val_threshold,0.8044444444444444
pearson|spearman_abs|difference|max,breast_cancer,fixed_k,0.9283002336448598
pearson|spearman_abs|difference|max,breast_cancer,threshold,0.9123996057242991
pearson|spearman_abs|difference|max,breast_cancer,val_fixed_k,0.9491092289719626
pearson|spearman_abs|difference|max,breast_cancer,val_threshold,0.9434871495327103
pearson|spearman_abs|difference|max,diabetes,fixed_k,0.2980798359395925
pearson|spearman_abs|difference|max,diabetes,threshold,0.1621684252206241
pearson|spearman_abs|difference|max,diabetes,val_fixed_k,0.3681429369396097
pearson|spearman_abs|difference|max,diabetes,val_threshold,0.24408001468130408
pearson|spearman_abs|difference|max,friedman1,fixed_k,0.6143489722077404
pearson|spearman_abs|difference|max,friedman1,threshold,0.8150546841547495
pearson|spearman_abs|difference|max,friedman1,val_fixed_k,0.8219567584605916
pearson|spearman_abs|difference|max,friedman1,val_threshold,0.8178974608572609
pearson|spearman_abs|difference|max,synthetic_clf,fixed_k,0.6322222222222221
pearson|spearman_abs|difference|max,synthetic_clf,threshold,0.6325000000000001
pearson|spearman_abs|difference|max,synthetic_clf,val_fixed_k,0.6661111111111111
pearson|spearman_abs|difference|max,synthetic_clf,val_threshold,0.6594444444444444
pearson|spearman_abs|difference|mean,breast_cancer,fixed_k,0.9321784949376947
pearson|spearman_abs|difference|mean,breast_cancer,threshold,0.9283130110981308
pearson|spearman_abs|difference|mean,breast_cancer,val_fixed_k,0.952073598130841
pearson|spearman_abs|difference|mean,breast_cancer,val_threshold,0.9550379672897197
pearson|spearman_abs|difference|mean,diabetes,fixed_k,0.2967754183693704
pearson|spearman_abs|difference|mean,diabetes,threshold,0.17649388226166435
pearson|spearman_abs|difference|mean,diabetes,val_fixed_k,0.37741803034453547
pearson|spearman_abs|difference|mean,diabetes,val_threshold,0.2863505754181095
pearson|spearman_abs|difference|mean,friedman1,fixed_k,0.6159641617142022
pearson|spearman_abs|difference|mean,friedman1,threshold,0.8118132919918525
pearson|spearman_abs|difference|mean,friedman1,val_fixed_k,0.8196862913972716
pearson|spearman_abs|difference|mean,friedman1,val_threshold,0.8097236049395576
pearson|spearman_abs|difference|mean,synthetic_clf,fixed_k,0.6560185185185186
pearson|spearman_abs|difference|mean,synthetic_clf,threshold,0.6898611111111111
pearson|spearman_abs|difference|mean,synthetic_clf,val_fixed_k,0.7277777777777777
pearson|spearman_abs|difference|mean,synthetic_clf,val_threshold,0.76
pearson|spearman_abs|difference|sum,breast_cancer,fixed_k,0.9217168029595015
pearson|spearman_abs|difference|sum,breast_cancer,threshold,0.8974226051401869
pearson|spearman_abs|difference|sum,breast_cancer,val_fixed_k,0.9412967289719626
pearson|spearman_abs|difference|sum,breast_cancer,val_threshold,0.8913770443925234
pearson|spearman_abs|difference|sum,diabetes,fixed_k,0.2973519641164493
pearson|spearman_abs|difference|sum,diabetes,threshold,0.15958195945543113
pearson|spearman_abs|difference|sum,diabetes,val_fixed_k,0.3859810667198122
pearson|spearman_abs|difference|sum,diabetes,val_threshold,0.20329156213837102
pearson|spearman_abs|difference|sum,friedman1,fixed_k,0.6165250847026603
pearson|spearman_abs|difference|sum,friedman1,threshold,0.8121874638711042
pearson|spearman_abs|difference|sum,friedman1,val_fixed_k,0.8231586440252077
pearson|spearman_abs|difference|sum,friedman1,val_threshold,0.8178974608572609
pearson|spearman_abs|difference|sum,synthetic_clf,fixed_k,0.5985185185185186
pearson|spearman_abs|difference|sum,synthetic_clf,threshold,0.5943055555555555
pearson|spearman_abs|difference|sum,synthetic_clf,val_fixed_k,0.6211111111111112
pearson|spearman_abs|difference|sum,synthetic_clf,val_threshold,0.5811111111111111
pearson|spearman_abs|multiplicative|max,breast_cancer,fixed_k,0.9282710280373832
pearson|spearman_abs|multiplicative|max,breast_cancer,threshold,0.9469151577102803
pearson|spearman_abs|multiplicative|max,breast_cancer,val_fixed_k,0.9477073598130842
pearson|spearman_abs|multiplicative|max,breast_cancer,val_threshold,0.9461375584112149
pearson|spearman_abs|multiplicative|max,diabetes,fixed_k,0.29791179101706317
pearson|spearman_abs|multiplicative|max,diabetes,threshold,0.38239773256004006
pearson|spearman_abs|multiplicative|max,diabetes,val_fixed_k,0.3708609210064591
pearson|spearman_abs|multiplicative|max,diabetes,val_threshold,0.3933991046243755
pearson|spearman_abs|multiplicative|max,friedman1,fixed_k,0.6164771868857645
pearson|spearman_abs|multiplicative|max,friedman1,threshold,0.8159476163615553
pearson|spearman_abs|multiplicative|max,friedman1,val_fixed_k,0.8233844204356953
pearson|spearman_abs|multiplicative|max,friedman1,val_threshold,0.8148223364671855
pearson|spearman_abs|multiplicative|max,synthetic_clf,fixed_k,0.6837962962962963
pearson|spearman_abs|multiplicative|max,synthetic_clf,threshold,0.7516666666666667
pearson|spearman_abs|multiplicative|max,synthetic_clf,val_fixed_k,0.7644444444444445
pearson|spearman_abs|multiplicative|max,synthetic_clf,val_threshold,0.7988888888888889
pearson|spearman_abs|multiplicative|mean,breast_cancer,fixed_k,0.9286373150311527
pearson|spearman_abs|multiplicative|mean,breast_cancer,threshold,0.9537492698598131
pearson|spearman_abs|multiplicative|mean,breast_cancer,val_fixed_k,0.9450569509345794
pearson|spearman_abs|multiplicative|mean,breast_cancer,val_threshold,0.9541033878504674
pearson|spearman_abs|multiplicative|mean,diabetes,fixed_k,0.296829498304343
pearson|spearman_abs|multiplicative|mean,diabetes,threshold,0.38346196897097334
pearson|spearman_abs|multiplicative|mean,diabetes,val_fixed_k,0.3712014467662047
pearson|spearman_abs|multiplicative|mean,diabetes,val_threshold,0.3826302788791827
pearson|spearman_abs|multiplicative|mean,friedman1,fixed_k,0.6164771868857645
pearson|spearman_abs|multiplicative|mean,friedman1,threshold,0.815541150497055
pearson|spearman_abs|multiplicative|mean,friedman1,val_fixed_k,0.8233844204356953
pearson|spearman_abs|multiplicative|mean,friedman1,val_threshold,0.8148223364671855
pearson|spearman_abs|multiplicative|mean,synthetic_clf,fixed_k,0.6923148148148148
pearson|spearman_abs|multiplicative|mean,synthetic_clf,threshold,0.7781944444444444
pearson|spearman_abs|multiplicative|mean,synthetic_clf,val_fixed_k,0.7849999999999999
pearson|spearman_abs|multiplicative|mean,synthetic_clf,val_threshold,0.8166666666666667
pearson|spearman_abs|multiplicative|sum,breast_cancer,fixed_k,0.9214649045950156
pearson|spearman_abs|multiplicative|sum,breast_cancer,threshold,0.9232002044392523
pearson|spearman_abs|multiplicative|sum,breast_cancer,val_fixed_k,0.9361638434579438
pearson|spearman_abs|multiplicative|sum,breast_cancer,val_threshold,0.9523875584112149
pearson|spearman_abs|multiplicative|sum,diabetes,fixed_k,0.29233683418844314
pearson|spearman_abs|multiplicative|sum,diabetes,threshold,0.32882071971338633
pearson|spearman_abs|multiplicative|sum,diabetes,val_fixed_k,0.3743196318314144
pearson|spearman_abs|multiplicative|sum,diabetes,val_threshold,0.3727720574567356
pearson|spearman_abs|multiplicative|sum,friedman1,fixed_k,0.6165380624110257
pearson|spearman_abs|multiplicative|sum,friedman1,threshold,0.8174258605680438
pearson|spearman_abs|multiplicative|sum,friedman1,val_fixed_k,0.8234109457148977
pearson|spearman_abs|multiplicative|sum,friedman1,val_threshold,0.8176855523601725
pearson|spearman_abs|multiplicative|sum,synthetic_clf,fixed_k,0.660925925925926
pearson|spearman_abs|multiplicative|sum,synthetic_clf,threshold,0.7144444444444444
pearson|spearman_abs|multiplicative|sum,synthetic_clf,val_fixed_k,0.7066666666666667
pearson|spearman_abs|multiplicative|sum,synthetic_clf,val_threshold,0.8038888888888888
pearson|spearman_abs|quotient|max,breast_cancer,fixed_k,0.9271015868380063
pearson|spearman_abs|quotient|max,breast_cancer,threshold,0.9541380695093459
pearson|spearman_abs|quotient|max,breast_cancer,val_fixed_k,0.9462981892523364
pearson|spearman_abs|quotient|max,breast_cancer,val_threshold,0.9526942172897197
pearson|spearman_abs|quotient|max,diabetes,fixed_k,0.28382898145827734
pearson|spearman_abs|quotient|max,diabetes,threshold,0.39038741264028587
pearson|spearman_abs|quotient|max,diabetes,val_fixed_k,0.38487226116411066
pearson|spearman_abs|quotient|max,diabetes,val_threshold,0.3894201233443903
pearson|spearman_abs|quotient|max,friedman1,fixed_k,0.5775799068159214
pearson|spearman_abs|quotient|max,friedman1,threshold,0.8230404333128247
pearson|spearman_abs|quotient|max,friedman1,val_fixed_k,0.8235965237106677
pearson|spearman_abs|quotient|max,friedman1,val_threshold,0.8187676444076766
pearson|spearman_abs|quotient|max,synthetic_clf,fixed_k,0.6017592592592592
pearson|spearman_abs|quotient|max,synthetic_clf,threshold,0.80375
pearson|spearman_abs|quotient|max,synthetic_clf,val_fixed_k,0.6561111111111111
pearson|spearman_abs|quotient|max,synthetic_clf,val_threshold,0.8216666666666667
pearson|spearman_abs|quotient|mean,breast_cancer,fixed_k,0.9248953465732087
pearson|spearman_abs|quotient|mean,breast_cancer,threshold,0.9528511974299066
pearson|spearman_abs|quotient|mean,breast_cancer,val_fixed_k,0.9509929906542055
pearson|spearman_abs|quotient|mean,breast_cancer,val_threshold,0.9511317172897197
pearson|spearman_abs|quotient|mean,diabetes,fixed_k,0.2796324441883918
pearson|spearman_abs|quotient|mean,diabetes,threshold,0.3923842768630477
pearson|spearman_abs|quotient|mean,diabetes,val_fixed_k,0.3809311277414131
pearson|spearman_abs|quotient|mean,diabetes,val_threshold,0.3899071521074446
pearson|spearman_abs|quotient|mean,friedman1,fixed_k,0.5809387535122225
pearson|spearman_abs|quotient|mean,friedman1,threshold,0.8247242517085743
pearson|spearman_abs|quotient|mean,friedman1,val_fixed_k,0.8238177881615802
pearson|spearman_abs|quotient|mean,friedman1,val_threshold,0.8211361394823342
pearson|spearman_abs|quotient|mean,synthetic_clf,fixed_k,0.6084259259259259
pearson|spearman_abs|quotient|mean,synthetic_clf,threshold,0.8095833333333333
pearson|spearman_abs|quotient|mean,synthetic_clf,val_fixed_k,0.6922222222222223
pearson|spearman_abs|quotient|mean,synthetic_clf,val_threshold,0.803888888888889
pearson|spearman_abs|quotient|sum,breast_cancer,fixed_k,0.9248953465732087
pearson|spearman_abs|quotient|sum,breast_cancer,threshold,0.953515625
pearson|spearman_abs|quotient|sum,breast_cancer,val_fixed_k,0.9509929906542055
pearson|spearman_abs|quotient|sum,breast_cancer,val_threshold,0.9580023364485981
pearson|spearman_abs|quotient|sum,diabetes,fixed_k,0.2796324441883918
pearson|spearman_abs|quotient|sum,diabetes,threshold,0.3796142815090271
pearson|spearman_abs|quotient|sum,diabetes,val_fixed_k,0.3809311277414131
pearson|spearman_abs|quotient|sum,diabetes,val_threshold,0.37828951763090374
pearson|spearman_abs|quotient|sum,friedman1,fixed_k,0.5809387535122225
pearson|spearman_abs|quotient|sum,friedman1,threshold,0.8148392940343566
pearson|spearman_abs|quotient|sum,friedman1,val_fixed_k,0.8238177881615802
pearson|spearman_abs|quotient|sum,friedman1,val_threshold,0.8124368376006459
pearson|spearman_abs|quotient|sum,synthetic_clf,fixed_k,0.6084259259259259
pearson|spearman_abs|quotient|sum,synthetic_clf,threshold,0.7602777777777778
pearson|spearman_abs|quotient|sum,synthetic_clf,val_fixed_k,0.6922222222222223
pearson|spearman_abs|quotient|sum,synthetic_clf,val_threshold,0.7966666666666666
spearman|distance_corr|difference|max,breast_cancer,fixed_k,0.9381838979750778
spearman|distance_corr|difference|max,breast_cancer,threshold,0.9313595210280374
spearman|distance_corr|difference|max,breast_cancer,val_fixed_k,0.9533294392523365
spearman|distance_corr|difference|max,breast_cancer,val_threshold,0.9520808995327104
spearman|distance_corr|difference|max,diabetes,fixed_k,0.2928470770948567
spearman|distance_corr|difference|max,diabetes,threshold,0.17849473915843275
spearman|distance_corr|difference|max,diabetes,val_fixed_k,0.37137063297501766
spearman|distance_corr|difference|max,diabetes,val_threshold,0.2818282124775899
spearman|distance_corr|difference|max,friedman1,fixed_k,0.621001223338734
spearman|distance_corr|difference|max,friedman1,threshold,0.8115769404043769
spearman|distance_corr|difference|max,friedman1,val_fixed_k,0.8298613877036919
spearman|distance_corr|difference|max,friedman1,val_threshold,0.8182158914870433
spearman|distance_corr|difference|max,synthetic_clf,fixed_k,0.6400925925925927
spearman|distance_corr|difference|max,synthetic_clf,threshold,0.6147222222222222
spearman|distance_corr|difference|max,synthetic_clf,val_fixed_k,0.665
spearman|distance_corr|difference|max,synthetic_clf,val_threshold,0.6477777777777778
spearman|distance_corr|difference|mean,breast_cancer,fixed_k,0.9383676499221184
spearman|distance_corr|difference|mean,breast_cancer,threshold,0.934400554906542
spearman|distance_corr|difference|mean,breast_cancer,val_fixed_k,0.9528548481308411
spearman|distance_corr|difference|mean,breast_cancer,val_threshold,0.9570677570093459
spearman|distance_corr|difference|mean,diabetes,fixed_k,0.2915639078084989
spearman|distance_corr|difference|mean,diabetes,threshold,0.18740595828870046
spearman|distance_corr|difference|mean,diabetes,val_fixed_k,0.37071240085064644
spearman|distance_corr|difference|mean,diabetes,val_threshold,0.33911784228177805
spearman|distance_corr|difference|mean,friedman1,fixed_k,0.620799923000488
spearman|distance_corr|difference|mean,friedman1,threshold,0.8107455265496386
spearman|distance_corr|difference|mean,friedman1,val_fixed_k,0.8270864255040549
spearman|distance_corr|difference|mean,friedman1,val_threshold,0.8173023135673926
spearman|distance_corr|difference|mean,synthetic_clf,fixed_k,0.6643518518518517
spearman|distance_corr|difference|mean,synthetic_clf,threshold,0.6406944444444445
spearman|distance_corr|difference|mean,synthetic_clf,val_fixed_k,0.7288888888888889
spearman|distance_corr|difference|mean,synthetic_clf,val_threshold,0.7244444444444444
spearman|distance_corr|difference|sum,breast_cancer,fixed_k,0.9390661507009346
spearman|distance_corr|difference|sum,breast_cancer,threshold,0.9272123247663551
spearman|distance_corr|difference|sum,breast_cancer,val_fixed_k,0.9519129672897197
spearman|distance_corr|difference|sum,breast_cancer,val_threshold,0.9456629672897197
spearman|distance_corr|difference|sum,diabetes,fixed_k,0.29753395998078086
spearman|distance_corr|difference|sum,diabetes,threshold,0.17986449022349218
spearman|distance_corr|difference|sum,diabetes,val_fixed_k,0.37970694034004737
spearman|distance_corr|difference|sum,diabetes,val_threshold,0.24514559073265274
spearman|distance_corr|difference|sum,friedman1,fixed_k,0.6234289200435635
spearman|distance_corr|difference|sum,friedman1,threshold,0.7649669194951978
spearman|distance_corr|difference|sum,friedman1,val_fixed_k,0.8260000717965574
spearman|distance_corr|difference|sum,friedman1,val_threshold,0.7960598274889074
spearman|distance_corr|difference|sum,synthetic_clf,fixed_k,0.6171296296296297
spearman|distance_corr|difference|sum,synthetic_clf,threshold,0.5836111111111111
spearman|distance_corr|difference|sum,synthetic_clf,val_fixed_k,0.6211111111111112
spearman|distance_corr|difference|sum,synthetic_clf,val_threshold,0.5788888888888889
spearman|distance_corr|multiplicative|max,breast_cancer,fixed_k,0.9339454341900312
spearman|distance_corr|multiplicative|max,breast_cancer,threshold,0.9516428154205607
spearman|distance_corr|multiplicative|max,breast_cancer,val_fixed_k,0.9533294392523365
spearman|distance_corr|multiplicative|max,breast_cancer,val_threshold,0.9458382009345794
spearman|distance_corr|multiplicative|max,diabetes,fixed_k,0.29258639679951937
spearman|distance_corr|multiplicative|max,diabetes,threshold,0.37814238161773905
spearman|distance_corr|multiplicative|max,diabetes,val_fixed_k,0.3723530589845947
spearman|distance_corr|multiplicative|max,diabetes,val_threshold,0.39449484913569577
spearman|distance_corr|multiplicative|max,friedman1,fixed_k,0.6175069198919211
spearman|distance_corr|multiplicative|max,friedman1,threshold,0.816569671919909
spearman|distance_corr|multiplicative|max,friedman1,val_fixed_k,0.8261483265531426
spearman|distance_corr|multiplicative|max,friedman1,val_threshold,0.8187329173009793
spearman|distance_corr|multiplicative|max,synthetic_clf,fixed_k,0.6825
spearman|distance_corr|multiplicative|max,synthetic_clf,threshold,0.7473611111111111
spearman|distance_corr|multiplicative|max,synthetic_clf,val_fixed_k,0.7533333333333333
spearman|distance_corr|multiplicative|max,synthetic_clf,val_threshold,0.7966666666666666
spearman|distance_corr|multiplicative|mean,breast_cancer,fixed_k,0.9333491530373832
spearman|distance_corr|multiplicative|mean,breast_cancer,threshold,0.9532783294392523
spearman|distance_corr|multiplicative|mean,breast_cancer,val_fixed_k,0.9481746495327104
spearman|distance_corr|multiplicative|mean,breast_cancer,val_threshold,0.9542567172897197
spearman|distance_corr|multiplicative|mean,diabetes,fixed_k,0.2904513832944758
spearman|distance_corr|multiplicative|mean,diabetes,threshold,0.38555903919449447
spearman|distance_corr|multiplicative|mean,diabetes,val_fixed_k,0.3710357039877202
spearman|distance_corr|multiplicative|mean,diabetes,val_threshold,0.3842721551159195
spearman|distance_corr|multiplicative|mean,friedman1,fixed_k,0.6175069198919211
spearman|distance_corr|multiplicative|mean,friedman1,threshold,0.816569671919909
spearman|distance_corr|multiplicative|mean,friedman1,val_fixed_k,0.8261483265531426
spearman|distance_corr|multiplicative|mean,friedman1,val_threshold,0.8187329173009793
spearman|distance_corr|multiplicative|mean,synthetic_clf,fixed_k,0.6908333333333334
spearman|distance_corr|multiplicative|mean,synthetic_clf,threshold,0.7625
spearman|distance_corr|multiplicative|mean,synthetic_clf,val_fixed_k,0.7916666666666667
spearman|distance_corr|multiplicative|mean,synthetic_clf,val_threshold,0.8144444444444444
spearman|distance_corr|multiplicative|sum,breast_cancer,fixed_k,0.9336363415109034
spearman|distance_corr|multiplicative|sum,breast_cancer,threshold,0.9503249123831775
spearman|distance_corr|multiplicative|sum,breast_cancer,val_fixed_k,0.9475540303738319
spearman|distance_corr|multiplicative|sum,breast_cancer,val_threshold,0.9458382009345794
spearman|distance_corr|multiplicative|sum,diabetes,fixed_k,0.29461835192309777
spearman|distance_corr|multiplicative|sum,diabetes,threshold,0.3396005537985315
spearman|distance_corr|multiplicative|sum,diabetes,val_fixed_k,0.3734079134858438
spearman|distance_corr|multiplicative|sum,diabetes,val_threshold,0.3792091459855376
spearman|distance_corr|multiplicative|sum,friedman1,fixed_k,0.6180329462878391
spearman|distance_corr|multiplicative|sum,friedman1,threshold,0.8175232992808278
spearman|distance_corr|multiplicative|sum,friedman1,val_fixed_k,0.8273736973950252
spearman|distance_corr|multiplicative|sum,friedman1,val_threshold,0.8194561100802253
spearman|distance_corr|multiplicative|sum,synthetic_clf,fixed_k,0.6565740740740741
spearman|distance_corr|multiplicative|sum,synthetic_clf,threshold,0.7029166666666666
spearman|distance_corr|multiplicative|sum,synthetic_clf,val_fixed_k,0.6738888888888889
spearman|distance_corr|multiplicative|sum,synthetic_clf,val_threshold,0.82
spearman|distance_corr|quotient|max,breast_cancer,fixed_k,0.9379514700155763
spearman|distance_corr|quotient|max,breast_cancer,threshold,0.9548426547897197
spearman|distance_corr|quotient|max,breast_cancer,val_fixed_k,0.9537967289719627
spearman|distance_corr|quotient|max,breast_cancer,val_threshold,0.9570677570093459
spearman|distance_corr|quotient|max,diabetes,fixed_k,0.29090474659912047
spearman|distance_corr|quotient|max,diabetes,threshold,0.3906096931590498
spearman|distance_corr|quotient|max,diabetes,val_fixed_k,0.3703869381052273
spearman|distance_corr|quotient|max,diabetes,val_threshold,0.3894559049192131
spearman|distance_corr|quotient|max,friedman1,fixed_k,0.6194233570092867
spearman|distance_corr|quotient|max,friedman1,threshold,0.8291686956420584
spearman|distance_corr|quotient|max,friedman1,val_fixed_k,0.8271144378565662
spearman|distance_corr|quotient|max,friedman1,val_threshold,0.8275042692681591
spearman|distance_corr|quotient|max,synthetic_clf,fixed_k,0.6322222222222221
spearman|distance_corr|quotient|max,synthetic_clf,threshold,0.8026388888888889
spearman|distance_corr|quotient|max,synthetic_clf,val_fixed_k,0.6744444444444444
spearman|distance_corr|quotient|max,synthetic_clf,val_threshold,0.8166666666666667
spearman|distance_corr|quotient|mean,breast_cancer,fixed_k,0.938417542834891
spearman|distance_corr|quotient|mean,breast_cancer,threshold,0.9506626022196262
spearman|distance_corr|quotient|mean,breast_cancer,val_fixed_k,0.951606308411215
spearman|distance_corr|quotient|mean,breast_cancer,val_threshold,0.9500365070093458
spearman|distance_corr|quotient|mean,diabetes,fixed_k,0.29026650816433003
spearman|distance_corr|quotient|mean,diabetes,threshold,0.3913500480285447
spearman|distance_corr|quotient|mean,diabetes,val_fixed_k,0.3718202829191803
spearman|distance_corr|quotient|mean,diabetes,val_threshold,0.3878188878656661
spearman|distance_corr|quotient|mean,friedman1,fixed_k,0.6165889783316292
spearman|distance_corr|quotient|mean,friedman1,threshold,0.829043547800247
spearman|distance_corr|quotient|mean,friedman1,val_fixed_k,0.8262878415024485
spearman|distance_corr|quotient|mean,friedman1,val_threshold,0.8279300391306983
spearman|distance_corr|quotient|mean,synthetic_clf,fixed_k,0.6569444444444444
spearman|distance_corr|quotient|mean,synthetic_clf,threshold,0.8118055555555556
spearman|distance_corr|quotient|mean,synthetic_clf,val_fixed_k,0.74
spearman|distance_corr|quotient|mean,synthetic_clf,val_threshold,0.8105555555555556
spearman|distance_corr|quotient|sum,breast_cancer,fixed_k,0.938417542834891
spearman|distance_corr|quotient|sum,breast_cancer,threshold,0.9532034900700935
spearman|distance_corr|quotient|sum,breast_cancer,val_fixed_k,0.951606308411215
spearman|distance_corr|quotient|sum,breast_cancer,val_threshold,0.9527015186915888
spearman|distance_corr|quotient|sum,diabetes,fixed_k,0.29026650816433003
spearman|distance_corr|quotient|sum,diabetes,threshold,0.3805873307973901
spearman|distance_corr|quotient|sum,diabetes,val_fixed_k,0.3718202829191803
spearman|distance_corr|quotient|sum,diabetes,val_threshold,0.37986514040490116
spearman|distance_corr|quotient|sum,friedman1,fixed_k,0.6165889783316292
spearman|distance_corr|quotient|sum,friedman1,threshold,0.8179722779763834
spearman|distance_corr|quotient|sum,friedman1,val_fixed_k,0.8262878415024485
spearman|distance_corr|quotient|sum,friedman1,val_threshold,0.8252305168690361
spearman|distance_corr|quotient|sum,synthetic_clf,fixed_k,0.6569444444444444
spearman|distance_corr|quotient|sum,synthetic_clf,threshold,0.7668055555555555
spearman|distance_corr|quotient|sum,synthetic_clf,val_fixed_k,0.74
spearman|distance_corr|quotient|sum,synthetic_clf,val_threshold,0.7994444444444444
spearman|mutual_info_sklearn|difference|max,breast_cancer,fixed_k,0.9240057924454829
spearman|mutual_info_sklearn|difference|max,breast_cancer,threshold,0.9430143837616823
spearman|mutual_info_sklearn|difference|max,breast_cancer,val_fixed_k,0.9384929906542055
spearman|mutual_info_sklearn|difference|max,breast_cancer,val_threshold,0.9469188084112149
spearman|mutual_info_sklearn|difference|max,diabetes,fixed_k,0.2939581237038896
spearman|mutual_info_sklearn|difference|max,diabetes,threshold,0.36993442773604585
spearman|mutual_info_sklearn|difference|max,diabetes,val_fixed_k,0.3651191365683795
spearman|mutual_info_sklearn|difference|max,diabetes,val_threshold,0.3649271375104691
spearman|mutual_info_sklearn|difference|max,friedman1,fixed_k,0.6171421313049367
spearman|mutual_info_sklearn|difference|max,friedman1,threshold,0.8171170502274556
spearman|mutual_info_sklearn|difference|max,friedman1,val_fixed_k,0.8300086716526771
spearman|mutual_info_sklearn|difference|max,friedman1,val_threshold,0.8291002668544019
spearman|mutual_info_sklearn|difference|max,synthetic_clf,fixed_k,0.6738888888888889
spearman|mutual_info_sklearn|difference|max,synthetic_clf,threshold,0.7102777777777778
spearman|mutual_info_sklearn|difference|max,synthetic_clf,val_fixed_k,0.7283333333333333
spearman|mutual_info_sklearn|difference|max,synthetic_clf,val_threshold,0.7416666666666667
spearman|mutual_info_sklearn|difference|mean,breast_cancer,fixed_k,0.9266379478193146
spearman|mutual_info_sklearn|difference|mean,breast_cancer,threshold,0.9550379672897197
spearman|mutual_info_sklearn|difference|mean,breast_cancer,val_fixed_k,0.9452102803738317
spearman|mutual_info_sklearn|difference|mean,breast_cancer,val_threshold,0.9537967289719627
spearman|mutual_info_sklearn|difference|mean,diabetes,fixed_k,0.2914188765553574
spearman|mutual_info_sklearn|difference|mean,diabetes,threshold,0.37808289871506057
spearman|mutual_info_sklearn|difference|mean,diabetes,val_fixed_k,0.3625138779946406
spearman|mutual_info_sklearn|difference|mean,diabetes,val_threshold,0.37552228905933627
spearman|mutual_info_sklearn|difference|mean,friedman1,fixed_k,0.6171754311793866
spearman|mutual_info_sklearn|difference|mean,friedman1,threshold,0.8176157091626797
spearman|mutual_info_sklearn|difference|mean,friedman1,val_fixed_k,0.8256797698601035
spearman|mutual_info_sklearn|difference|mean,friedman1,val_threshold,0.8143064016726222
spearman|mutual_info_sklearn|difference|mean,synthetic_clf,fixed_k,0.6918518518518518
spearman|mutual_info_sklearn|difference|mean,synthetic_clf,threshold,0.76
spearman|mutual_info_sklearn|difference|mean,synthetic_clf,val_fixed_k,0.7733333333333333
spearman|mutual_info_sklearn|difference|mean,synthetic_clf,val_threshold,0.8105555555555556
spearman|mutual_info_sklearn|difference|sum,breast_cancer,fixed_k,0.9282722449376947
spearman|mutual_info_sklearn|difference|sum,breast_cancer,threshold,0.945438449182243
spearman|mutual_info_sklearn|difference|sum,breast_cancer,val_fixed_k,0.9434798481308411
spearman|mutual_info_sklearn|difference|sum,breast_cancer,val_threshold,0.9430198598130841
spearman|mutual_info_sklearn|difference|sum,diabetes,fixed_k,0.2936780665737161
spearman|mutual_info_sklearn|difference|sum,diabetes,threshold,0.3407287546689236
spearman|mutual_info_sklearn|difference|sum,diabetes,val_fixed_k,0.3570173510422838
spearman|mutual_info_sklearn|difference|sum,diabetes,val_threshold,0.3346371487988289
spearman|mutual_info_sklearn|difference|sum,friedman1,fixed_k,0.6185065371562222
spearman|mutual_info_sklearn|difference|sum,friedman1,threshold,0.8173457005935386
spearman|mutual_info_sklearn|difference|sum,friedman1,val_fixed_k,0.8342739454422677
spearman|mutual_info_sklearn|difference|sum,friedman1,val_threshold,0.8262081786266708
spearman|mutual_info_sklearn|difference|sum,synthetic_clf,fixed_k,0.6659259259259259
spearman|mutual_info_sklearn|difference|sum,synthetic_clf,threshold,0.6891666666666667
spearman|mutual_info_sklearn|difference|sum,synthetic_clf,val_fixed_k,0.7094444444444444
spearman|mutual_info_sklearn|difference|sum,synthetic_clf,val_threshold,0.7005555555555556
spearman|mutual_info_sklearn|multiplicative|max,breast_cancer,fixed_k,0.923691832165109
spearman|mutual_info_sklearn|multiplicative|max,breast_cancer,threshold,0.948008542640187
spearman|mutual_info_sklearn|multiplicative|max,breast_cancer,val_fixed_k,0.9447356892523364
spearman|mutual_info_sklearn|multiplicative|max,breast_cancer,val_threshold,0.9484740070093458
spearman|mutual_info_sklearn|multiplicative|max,diabetes,fixed_k,0.29256940211820576
spearman|mutual_info_sklearn|multiplicative|max,diabetes,threshold,0.3834701999141089
spearman|mutual_info_sklearn|multiplicative|max,diabetes,val_fixed_k,0.36997197698169715
spearman|mutual_info_sklearn|multiplicative|max,diabetes,val_threshold,0.38304416003240344
spearman|mutual_info_sklearn|multiplicative|max,friedman1,fixed_k,0.6155141291029582
spearman|mutual_info_sklearn|multiplicative|max,friedman1,threshold,0.8157324079132395
spearman|mutual_info_sklearn|multiplicative|max,friedman1,val_fixed_k,0.825850733769259
spearman|mutual_info_sklearn|multiplicative|max,friedman1,val_threshold,0.8155020574032875
spearman|mutual_info_sklearn|multiplicative|max,synthetic_clf,fixed_k,0.6918518518518518
spearman|mutual_info_sklearn|multiplicative|max,synthetic_clf,threshold,0.7908333333333333
spearman|mutual_info_sklearn|multiplicative|max,synthetic_clf,val_fixed_k,0.7766666666666666
spearman|mutual_info_sklearn|multiplicative|max,synthetic_clf,val_threshold,0.8172222222222223
spearman|mutual_info_sklearn|multiplicative|mean,breast_cancer,fixed_k,0.9211971865264797
spearman|mutual_info_sklearn|multiplicative|mean,breast_cancer,threshold,0.9543333820093458
spearman|mutual_info_sklearn|multiplicative|mean,breast_cancer,val_fixed_k,0.9431731892523365
spearman|mutual_info_sklearn|multiplicative|mean,breast_cancer,val_threshold,0.9561258761682243
spearman|mutual_info_sklearn|multiplicative|mean,diabetes,fixed_k,0.28967043377951635
spearman|mutual_info_sklearn|multiplicative|mean,diabetes,threshold,0.3852667191926046
spearman|mutual_info_sklearn|multiplicative|mean,diabetes,val_fixed_k,0.37978011606688467
spearman|mutual_info_sklearn|multiplicative|mean,diabetes,val_threshold,0.38286751933444313
spearman|mutual_info_sklearn|multiplicative|mean,friedman1,fixed_k,0.6155141291029582
spearman|mutual_info_sklearn|multiplicative|mean,friedman1,threshold,0.8157324079132395
spearman|mutual_info_sklearn|multiplicative|mean,friedman1,val_fixed_k,0.825850733769259
spearman|mutual_info_sklearn|multiplicative|mean,friedman1,val_threshold,0.8155020574032875
spearman|mutual_info_sklearn|multiplicative|mean,synthetic_clf,fixed_k,0.6961111111111111
spearman|mutual_info_sklearn|multiplicative|mean,synthetic_clf,threshold,0.8058333333333334
spearman|mutual_info_sklearn|multiplicative|mean,synthetic_clf,val_fixed_k,0.7816666666666666
spearman|mutual_info_sklearn|multiplicative|mean,synthetic_clf,val_threshold,0.8222222222222222
spearman|mutual_info_sklearn|multiplicative|sum,breast_cancer,fixed_k,0.9239534657320871
spearman|mutual_info_sklearn|multiplicative|sum,breast_cancer,threshold,0.9481326664719626
spearman|mutual_info_sklearn|multiplicative|sum,breast_cancer,val_fixed_k,0.9478606892523365
spearman|mutual_info_sklearn|multiplicative|sum,breast_cancer,val_threshold,0.943333820093458
spearman|mutual_info_sklearn|multiplicative|sum,diabetes,fixed_k,0.29460954171369175
spearman|mutual_info_sklearn|multiplicative|sum,diabetes,threshold,0.373742429657528
spearman|mutual_info_sklearn|multiplicative|sum,diabetes,val_fixed_k,0.3656582221883907
spearman|mutual_info_sklearn|multiplicative|sum,diabetes,val_threshold,0.3669359592567991
spearman|mutual_info_sklearn|multiplicative|sum,friedman1,fixed_k,0.6161033504727178
spearman|mutual_info_sklearn|multiplicative|sum,friedman1,threshold,0.8157262588350394
spearman|mutual_info_sklearn|multiplicative|sum,friedman1,val_fixed_k,0.8258261374564577
spearman|mutual_info_sklearn|multiplicative|sum,friedman1,val_threshold,0.8154774610904865
spearman|mutual_info_sklearn|multiplicative|sum,synthetic_clf,fixed_k,0.6834259259259259
spearman|mutual_info_sklearn|multiplicative|sum,synthetic_clf,threshold,0.7644444444444445
spearman|mutual_info_sklearn|multiplicative|sum,synthetic_clf,val_fixed_k,0.7577777777777778
spearman|mutual_info_sklearn|multiplicative|sum,synthetic_clf,val_threshold,0.8055555555555556
spearman|mutual_info_sklearn|quotient|max,breast_cancer,fixed_k,0.9257252725856697
spearman|mutual_info_sklearn|quotient|max,breast_cancer,threshold,0.9526558849299066
spearman|mutual_info_sklearn|quotient|max,breast_cancer,val_fixed_k,0.9411507009345794
spearman|mutual_info_sklearn|quotient|max,breast_cancer,val_threshold,0.9542567172897197
spearman|mutual_info_sklearn|quotient|max,diabetes,fixed_k,0.23301031094246388
spearman|mutual_info_sklearn|quotient|max,diabetes,threshold,0.3945559904139765
spearman|mutual_info_sklearn|quotient|max,diabetes,val_fixed_k,0.3802717767360225
spearman|mutual_info_sklearn|quotient|max,diabetes,val_threshold,0.3913443400893006
spearman|mutual_info_sklearn|quotient|max,friedman1,fixed_k,0.546362367017342
spearman|mutual_info_sklearn|quotient|max,friedman1,threshold,0.8288933206203103
spearman|mutual_info_sklearn|quotient|max,friedman1,val_fixed_k,0.8232983141143896
spearman|mutual_info_sklearn|quotient|max,friedman1,val_threshold,0.8296573396985627
spearman|mutual_info_sklearn|quotient|max,synthetic_clf,fixed_k,0.6335185185185186
spearman|mutual_info_sklearn|quotient|max,synthetic_clf,threshold,0.8098611111111111
spearman|mutual_info_sklearn|quotient|max,synthetic_clf,val_fixed_k,0.6927777777777778
spearman|mutual_info_sklearn|quotient|max,synthetic_clf,val_threshold,0.8127777777777778
spearman|mutual_info_sklearn|quotient|mean,breast_cancer,fixed_k,0.9256461740654205
spearman|mutual_info_sklearn|quotient|mean,breast_cancer,threshold,0.9525372371495328
spearman|mutual_info_sklearn|quotient|mean,breast_cancer,val_fixed_k,0.944896320093458
spearman|mutual_info_sklearn|quotient|mean,breast_cancer,val_threshold,0.9526942172897197
spearman|mutual_info_sklearn|quotient|mean,diabetes,fixed_k,0.23296550165913685
spearman|mutual_info_sklearn|quotient|mean,diabetes,threshold,0.3944148993158167
spearman|mutual_info_sklearn|quotient|mean,diabetes,val_fixed_k,0.38856849942802285
spearman|mutual_info_sklearn|quotient|mean,diabetes,val_threshold,0.3944148993158167
spearman|mutual_info_sklearn|quotient|mean,friedman1,fixed_k,0.5527739990822303
spearman|mutual_info_sklearn|quotient|mean,friedman1,threshold,0.8276203296804218
spearman|mutual_info_sklearn|quotient|mean,friedman1,val_fixed_k,0.8292822185641672
spearman|mutual_info_sklearn|quotient|mean,friedman1,val_threshold,0.827934164773089
spearman|mutual_info_sklearn|quotient|mean,synthetic_clf,fixed_k,0.63
spearman|mutual_info_sklearn|quotient|mean,synthetic_clf,threshold,0.814861111111111
spearman|mutual_info_sklearn|quotient|mean,synthetic_clf,val_fixed_k,0.6661111111111111
spearman|mutual_info_sklearn|quotient|mean,synthetic_clf,val_threshold,0.82
spearman|mutual_info_sklearn|quotient|sum,breast_cancer,fixed_k,0.9256461740654205
spearman|mutual_info_sklearn|quotient|sum,breast_cancer,threshold,0.9529278621495327
spearman|mutual_info_sklearn|quotient|sum,breast_cancer,val_fixed_k,0.944896320093458
spearman|mutual_info_sklearn|quotient|sum,breast_cancer,val_threshold,0.9545706775700935
spearman|mutual_info_sklearn|quotient|sum,diabetes,fixed_k,0.23296550165913685
spearman|mutual_info_sklearn|quotient|sum,diabetes,threshold,0.3896273430933584
spearman|mutual_info_sklearn|quotient|sum,diabetes,val_fixed_k,0.38856849942802285
spearman|mutual_info_sklearn|quotient|sum,diabetes,val_threshold,0.39075488582066403
spearman|mutual_info_sklearn|quotient|sum,friedman1,fixed_k,0.5446238583396027
spearman|mutual_info_sklearn|quotient|sum,friedman1,threshold,0.830590401060863
spearman|mutual_info_sklearn|quotient|sum,friedman1,val_fixed_k,0.8251452636554102
spearman|mutual_info_sklearn|quotient|sum,friedman1,val_threshold,0.8322809573279699
spearman|mutual_info_sklearn|quotient|sum,synthetic_clf,fixed_k,0.6251851851851852
spearman|mutual_info_sklearn|quotient|sum,synthetic_clf,threshold,0.7954166666666667
spearman|mutual_info_sklearn|quotient|sum,synthetic_clf,val_fixed_k,0.6561111111111111
spearman|mutual_info_sklearn|quotient|sum,synthetic_clf,val_threshold,0.8077777777777777
spearman|pearson_abs|difference|max,breast_cancer,fixed_k,0.9294696748442367
spearman|pearson_abs|difference|max,breast_cancer,threshold,0.9402179468457945
spearman|pearson_abs|difference|max,breast_cancer,val_fixed_k,0.944903621495327
spearman|pearson_abs|difference|max,breast_cancer,val_threshold,0.9494304906542055
spearman|pearson_abs|difference|max,diabetes,fixed_k,0.29199635110813144
spearman|pearson_abs|difference|max,diabetes,threshold,0.21353121435156427
spearman|pearson_abs|difference|max,diabetes,val_fixed_k,0.369341417711934
spearman|pearson_abs|difference|max,diabetes,val_threshold,0.34468085578413216
spearman|pearson_abs|difference|max,friedman1,fixed_k,0.6167252366153751
spearman|pearson_abs|difference|max,friedman1,threshold,0.8149526163557026
spearman|pearson_abs|difference|max,friedman1,val_fixed_k,0.8261947065889921
spearman|pearson_abs|difference|max,friedman1,val_threshold,0.8178974608572609
spearman|pearson_abs|difference|max,synthetic_clf,fixed_k,0.6235185185185185
spearman|pearson_abs|difference|max,synthetic_clf,threshold,0.625
spearman|pearson_abs|difference|max,synthetic_clf,val_fixed_k,0.6533333333333333
spearman|pearson_abs|difference|max,synthetic_clf,val_threshold,0.6322222222222222
spearman|pearson_abs|difference|mean,breast_cancer,fixed_k,0.9284803348909657
spearman|pearson_abs|difference|mean,breast_cancer,threshold,0.9489157418224299
spearman|pearson_abs|difference|mean,breast_cancer,val_fixed_k,0.944115070093458
spearman|pearson_abs|difference|mean,breast_cancer,val_threshold,0.944896320093458
spearman|pearson_abs|difference|mean,diabetes,fixed_k,0.29032393124852424
spearman|pearson_abs|difference|mean,diabetes,threshold,0.21747382641336296
spearman|pearson_abs|difference|mean,diabetes,val_fixed_k,0.37038116145657785
spearman|pearson_abs|difference|mean,diabetes,val_threshold,0.34235607755830083
spearman|pearson_abs|difference|mean,friedman1,fixed_k,0.616179380725344
spearman|pearson_abs|difference|mean,friedman1,threshold,0.8139607648330752
spearman|pearson_abs|difference|mean,friedman1,val_fixed_k,0.8235634066410856
spearman|pearson_abs|difference|mean,friedman1,val_threshold,0.8178974608572609
spearman|pearson_abs|difference|mean,synthetic_clf,fixed_k,0.6537037037037037
spearman|pearson_abs|difference|mean,synthetic_clf,threshold,0.6898611111111111
spearman|pearson_abs|difference|mean,synthetic_clf,val_fixed_k,0.7294444444444445
spearman|pearson_abs|difference|mean,synthetic_clf,val_threshold,0.7644444444444444
spearman|pearson_abs|difference|sum,breast_cancer,fixed_k,0.9296741140965732
spearman|pearson_abs|difference|sum,breast_cancer,threshold,0.9180454147196262
spearman|pearson_abs|difference|sum,breast_cancer,val_fixed_k,0.9501971378504672
spearman|pearson_abs|difference|sum,breast_cancer,val_threshold,0.9183557242990654
spearman|pearson_abs|difference|sum,diabetes,fixed_k,0.29720398452771263
spearman|pearson_abs|difference|sum,diabetes,threshold,0.20967324345276112
spearman|pearson_abs|difference|sum,diabetes,val_fixed_k,0.37843823459765147
spearman|pearson_abs|difference|sum,diabetes,val_threshold,0.2831306868913351
spearman|pearson_abs|difference|sum,friedman1,fixed_k,0.6162196642985164
spearman|pearson_abs|difference|sum,friedman1,threshold,0.8066748205014752
spearman|pearson_abs|difference|sum,friedman1,val_fixed_k,0.8233103653176025
spearman|pearson_abs|difference|sum,friedman1,val_threshold,0.8178974608572609
spearman|pearson_abs|difference|sum,synthetic_clf,fixed_k,0.6051851851851852
spearman|pearson_abs|difference|sum,synthetic_clf,threshold,0.5940277777777778
spearman|pearson_abs|difference|sum,synthetic_clf,val_fixed_k,0.6144444444444445
spearman|pearson_abs|difference|sum,synthetic_clf,val_threshold,0.5888888888888889
spearman|pearson_abs|multiplicative|max,breast_cancer,fixed_k,0.9265551985981308
spearman|pearson_abs|multiplicative|max,breast_cancer,threshold,0.9489084404205608
spearman|pearson_abs|multiplicative|max,breast_cancer,val_fixed_k,0.9480140186915887
spearman|pearson_abs|multiplicative|max,breast_cancer,val_threshold,0.9492698598130842
spearman|pearson_abs|multiplicative|max,diabetes,fixed_k,0.29389578048542203
spearman|pearson_abs|multiplicative|max,diabetes,threshold,0.3758500916048567
spearman|pearson_abs|multiplicative|max,diabetes,val_fixed_k,0.36840602925112653
spearman|pearson_abs|multiplicative|max,diabetes,val_threshold,0.39108670962524905
spearman|pearson_abs|multiplicative|max,friedman1,fixed_k,0.6167985597233618
spearman|pearson_abs|multiplicative|max,friedman1,threshold,0.8163164829522831
spearman|pearson_abs|multiplicative|max,friedman1,val_fixed_k,0.8263104480089101
spearman|pearson_abs|multiplicative|max,friedman1,val_threshold,0.8183995168649074
spearman|pearson_abs|multiplicative|max,synthetic_clf,fixed_k,0.6753703703703704
spearman|pearson_abs|multiplicative|max,synthetic_clf,threshold,0.7458333333333333
spearman|pearson_abs|multiplicative|max,synthetic_clf,val_fixed_k,0.7438888888888889
spearman|pearson_abs|multiplicative|max,synthetic_clf,val_threshold,0.8033333333333333
spearman|pearson_abs|multiplicative|mean,breast_cancer,fixed_k,0.9258287091121495
spearman|pearson_abs|multiplicative|mean,breast_cancer,threshold,0.9538642669392523
spearman|pearson_abs|multiplicative|mean,breast_cancer,val_fixed_k,0.9512923481308411
spearman|pearson_abs|multiplicative|mean,breast_cancer,val_threshold,0.9572210864485982
spearman|pearson_abs|multiplicative|mean,diabetes,fixed_k,0.28904077597905103
spearman|pearson_abs|multiplicative|mean,diabetes,threshold,0.38509080402312196
spearman|pearson_abs|multiplicative|mean,diabetes,val_fixed_k,0.3623749293524617
spearman|pearson_abs|multiplicative|mean,diabetes,val_threshold,0.3850956465853645
spearman|pearson_abs|multiplicative|mean,friedman1,fixed_k,0.6167369626508965
spearman|pearson_abs|multiplicative|mean,friedman1,threshold,0.8154849084387695
spearman|pearson_abs|multiplicative|mean,friedman1,val_fixed_k,0.8259901727080317
spearman|pearson_abs|multiplicative|mean,friedman1,val_threshold,0.8154075794935915
spearman|pearson_abs|multiplicative|mean,synthetic_clf,fixed_k,0.6886111111111112
spearman|pearson_abs|multiplicative|mean,synthetic_clf,threshold,0.7679166666666667
spearman|pearson_abs|multiplicative|mean,synthetic_clf,val_fixed_k,0.7744444444444445
spearman|pearson_abs|multiplicative|mean,synthetic_clf,val_threshold,0.8166666666666667
spearman|pearson_abs|multiplicative|sum,breast_cancer,fixed_k,0.9261146806853583
spearman|pearson_abs|multiplicative|sum,breast_cancer,threshold,0.9448543370327103
spearman|pearson_abs|multiplicative|sum,breast_cancer,val_fixed_k,0.9492698598130842
spearman|pearson_abs|multiplicative|sum,breast_cancer,val_threshold,0.9430271612149532
spearman|pearson_abs|multiplicative|sum,diabetes,fixed_k,0.29074566332153773
spearman|pearson_abs|multiplicative|sum,diabetes,threshold,0.34204755574369333
spearman|pearson_abs|multiplicative|sum,diabetes,val_fixed_k,0.3642709519377341
spearman|pearson_abs|multiplicative|sum,diabetes,val_threshold,0.3651410812591506
spearman|pearson_abs|multiplicative|sum,friedman1,fixed_k,0.6168193929291719
spearman|pearson_abs|multiplicative|sum,friedman1,threshold,0.8155795083134523
spearman|pearson_abs|multiplicative|sum,friedman1,val_fixed_k,0.8262647311016108
spearman|pearson_abs|multiplicative|sum,friedman1,val_threshold,0.8186052901312305
spearman|pearson_abs|multiplicative|sum,synthetic_clf,fixed_k,0.6603703703703704
spearman|pearson_abs|multiplicative|sum,synthetic_clf,threshold,0.7090277777777778
spearman|pearson_abs|multiplicative|sum,synthetic_clf,val_fixed_k,0.7038888888888889
spearman|pearson_abs|multiplicative|sum,synthetic_clf,val_threshold,0.8205555555555556
spearman|pearson_abs|quotient|max,breast_cancer,fixed_k,0.9259820385514018
spearman|pearson_abs|quotient|max,breast_cancer,threshold,0.9546838492990654
spearman|pearson_abs|quotient|max,breast_cancer,val_fixed_k,0.952708820093458
spearman|pearson_abs|quotient|max,breast_cancer,val_threshold,0.953628796728972
spearman|pearson_abs|quotient|max,diabetes,fixed_k,0.2926875245093319
spearman|pearson_abs|quotient|max,diabetes,threshold,0.38981289602904345
spearman|pearson_abs|quotient|max,diabetes,val_fixed_k,0.36461644568104806
spearman|pearson_abs|quotient|max,diabetes,val_threshold,0.3899579762652342
spearman|pearson_abs|quotient|max,friedman1,fixed_k,0.5874742292929771
spearman|pearson_abs|quotient|max,friedman1,threshold,0.8293586108975365
spearman|pearson_abs|quotient|max,friedman1,val_fixed_k,0.8245723884057167
spearman|pearson_abs|quotient|max,friedman1,val_threshold,0.8272869738730302
spearman|pearson_abs|quotient|max,synthetic_clf,fixed_k,0.6035185185185185
spearman|pearson_abs|quotient|max,synthetic_clf,threshold,0.8
spearman|pearson_abs|quotient|max,synthetic_clf,val_fixed_k,0.6405555555555555
spearman|pearson_abs|quotient|max,synthetic_clf,val_threshold,0.8055555555555556
spearman|pearson_abs|quotient|mean,breast_cancer,fixed_k,0.9219772196261682
spearman|pearson_abs|quotient|mean,breast_cancer,threshold,0.9509364047897197
spearman|pearson_abs|quotient|mean,breast_cancer,val_fixed_k,0.952073598130841
spearman|pearson_abs|quotient|mean,breast_cancer,val_threshold,0.9547240070093459
spearman|pearson_abs|quotient|mean,diabetes,fixed_k,0.29107526513825616
spearman|pearson_abs|quotient|mean,diabetes,threshold,0.3916008690627458
spearman|pearson_abs|quotient|mean,diabetes,val_fixed_k,0.368819967767826
spearman|pearson_abs|quotient|mean,diabetes,val_threshold,0.38858769436666557
spearman|pearson_abs|quotient|mean,friedman1,fixed_k,0.5903183396910623
spearman|pearson_abs|quotient|mean,friedman1,threshold,0.8294341635529964
spearman|pearson_abs|quotient|mean,friedman1,val_fixed_k,0.8244834852987015
spearman|pearson_abs|quotient|mean,friedman1,val_threshold,0.8305875601222084
spearman|pearson_abs|quotient|mean,synthetic_clf,fixed_k,0.6124074074074074
spearman|pearson_abs|quotient|mean,synthetic_clf,threshold,0.8150000000000001
spearman|pearson_abs|quotient|mean,synthetic_clf,val_fixed_k,0.6816666666666668
spearman|pearson_abs|quotient|mean,synthetic_clf,val_threshold,0.8194444444444444
spearman|pearson_abs|quotient|sum,breast_cancer,fixed_k,0.9219772196261682
spearman|pearson_abs|quotient|sum,breast_cancer,threshold,0.954296875
spearman|pearson_abs|quotient|sum,breast_cancer,val_fixed_k,0.952073598130841
spearman|pearson_abs|quotient|sum,breast_cancer,val_threshold,0.9623831775700934
spearman|pearson_abs|quotient|sum,diabetes,fixed_k,0.29107526513825616
spearman|pearson_abs|quotient|sum,diabetes,threshold,0.3790732887687609
spearman|pearson_abs|quotient|sum,diabetes,val_fixed_k,0.368819967767826
spearman|pearson_abs|quotient|sum,diabetes,val_threshold,0.3805687486788009
spearman|pearson_abs|quotient|sum,friedman1,fixed_k,0.5903183396910623
spearman|pearson_abs|quotient|sum,friedman1,threshold,0.8187022183579395
spearman|pearson_abs|quotient|sum,friedman1,val_fixed_k,0.8244834852987015
spearman|pearson_abs|quotient|sum,friedman1,val_threshold,0.8240671993948675
spearman|pearson_abs|quotient|sum,synthetic_clf,fixed_k,0.6124074074074074
spearman|pearson_abs|quotient|sum,synthetic_clf,threshold,0.7675
spearman|pearson_abs|quotient|sum,synthetic_clf,val_fixed_k,0.6816666666666668
spearman|pearson_abs|quotient|sum,synthetic_clf,val_threshold,0.82
spearman|spearman_abs|difference|max,breast_cancer,fixed_k,0.9373770930685358
spearman|spearman_abs|difference|max,breast_cancer,threshold,0.9337397780373833
spearman|spearman_abs|difference|max,breast_cancer,val_fixed_k,0.9567610981308411
spearman|spearman_abs|difference|max,breast_cancer,val_threshold,0.9523948598130841
spearman|spearman_abs|difference|max,diabetes,fixed_k,0.29222182147864584
spearman|spearman_abs|difference|max,diabetes,threshold,0.1512496597154484
spearman|spearman_abs|difference|max,diabetes,val_fixed_k,0.36912278188600334
spearman|spearman_abs|difference|max,diabetes,val_threshold,0.2572588294606061
spearman|spearman_abs|difference|max,friedman1,fixed_k,0.617358649264271
spearman|spearman_abs|difference|max,friedman1,threshold,0.8149805506854694
spearman|spearman_abs|difference|max,friedman1,val_fixed_k,0.8263311251478014
spearman|spearman_abs|difference|max,friedman1,val_threshold,0.8178974608572609
spearman|spearman_abs|difference|max,synthetic_clf,fixed_k,0.6226851851851852
spearman|spearman_abs|difference|max,synthetic_clf,threshold,0.6277777777777778
spearman|spearman_abs|difference|max,synthetic_clf,val_fixed_k,0.6527777777777778
spearman|spearman_abs|difference|max,synthetic_clf,val_threshold,0.6633333333333333
spearman|spearman_abs|difference|mean,breast_cancer,fixed_k,0.9363841024143302
spearman|spearman_abs|difference|mean,breast_cancer,threshold,0.9376369012850467
spearman|spearman_abs|difference|mean,breast_cancer,val_fixed_k,0.9519056658878504
spearman|spearman_abs|difference|mean,breast_cancer,val_threshold,0.9541033878504672
spearman|spearman_abs|difference|mean,diabetes,fixed_k,0.289691726261973
spearman|spearman_abs|difference|mean,diabetes,threshold,0.15846074520547573
spearman|spearman_abs|difference|mean,diabetes,val_fixed_k,0.36893230115334663
spearman|spearman_abs|difference|mean,diabetes,val_threshold,0.24712042709310622
spearman|spearman_abs|difference|mean,friedman1,fixed_k,0.6161720325053569
spearman|spearman_abs|difference|mean,friedman1,threshold,0.812777962038734
spearman|spearman_abs|difference|mean,friedman1,val_fixed_k,0.8235326366101144
spearman|spearman_abs|difference|mean,friedman1,val_threshold,0.8178974608572609
spearman|spearman_abs|difference|mean,synthetic_clf,fixed_k,0.6571296296296296
spearman|spearman_abs|difference|mean,synthetic_clf,threshold,0.6868055555555556
spearman|spearman_abs|difference|mean,synthetic_clf,val_fixed_k,0.735
spearman|spearman_abs|difference|mean,synthetic_clf,val_threshold,0.7761111111111111
spearman|spearman_abs|difference|sum,breast_cancer,fixed_k,0.9393253504672897
spearman|spearman_abs|difference|sum,breast_cancer,threshold,0.9301000292056075
spearman|spearman_abs|difference|sum,breast_cancer,val_fixed_k,0.952847546728972
spearman|spearman_abs|difference|sum,breast_cancer,val_threshold,0.9147780373831775
spearman|spearman_abs|difference|sum,diabetes,fixed_k,0.298461199491858
spearman|spearman_abs|difference|sum,diabetes,threshold,0.15163000143592797
spearman|spearman_abs|difference|sum,diabetes,val_fixed_k,0.3804339307727996
spearman|spearman_abs|difference|sum,diabetes,val_threshold,0.19517084512758104
spearman|spearman_abs|difference|sum,friedman1,fixed_k,0.6167548491784273
spearman|spearman_abs|difference|sum,friedman1,threshold,0.8066748205014752
spearman|spearman_abs|difference|sum,friedman1,val_fixed_k,0.8231097991590939
spearman|spearman_abs|difference|sum,friedman1,val_threshold,0.8178974608572609
spearman|spearman_abs|difference|sum,synthetic_clf,fixed_k,0.5998148148148148
spearman|spearman_abs|difference|sum,synthetic_clf,threshold,0.5933333333333334
spearman|spearman_abs|difference|sum,synthetic_clf,val_fixed_k,0.6233333333333333
spearman|spearman_abs|difference|sum,synthetic_clf,val_threshold,0.6038888888888889
spearman|spearman_abs|multiplicative|max,breast_cancer,fixed_k,0.935266987928349
spearman|spearman_abs|multiplicative|max,breast_cancer,threshold,0.9480870327102803
spearman|spearman_abs|multiplicative|max,breast_cancer,val_fixed_k,0.9558192172897197
spearman|spearman_abs|multiplicative|max,breast_cancer,val_threshold,0.9515990070093459
spearman|spearman_abs|multiplicative|max,diabetes,fixed_k,0.29280295688473384
spearman|spearman_abs|multiplicative|max,diabetes,threshold,0.3768263993547736
spearman|spearman_abs|multiplicative|max,diabetes,val_fixed_k,0.36974972089571
spearman|spearman_abs|multiplicative|max,diabetes,val_threshold,0.3912223717277564
spearman|spearman_abs|multiplicative|max,friedman1,fixed_k,0.6167636263852001
spearman|spearman_abs|multiplicative|max,friedman1,threshold,0.8162731200098833
spearman|spearman_abs|multiplicative|max,friedman1,val_fixed_k,0.8261369962393104
spearman|spearman_abs|multiplicative|max,friedman1,val_threshold,0.8183995168649074
spearman|spearman_abs|multiplicative|max,synthetic_clf,fixed_k,0.6799999999999999
spearman|spearman_abs|multiplicative|max,synthetic_clf,threshold,0.7438888888888889
spearman|spearman_abs|multiplicative|max,synthetic_clf,val_fixed_k,0.7627777777777778
spearman|spearman_abs|multiplicative|max,synthetic_clf,val_threshold,0.8011111111111111
spearman|spearman_abs|multiplicative|mean,breast_cancer,fixed_k,0.9378942757009345
spearman|spearman_abs|multiplicative|mean,breast_cancer,threshold,0.9544903621495328
spearman|spearman_abs|multiplicative|mean,breast_cancer,val_fixed_k,0.9526869158878505
spearman|spearman_abs|multiplicative|mean,breast_cancer,val_threshold,0.9517596378504674
spearman|spearman_abs|multiplicative|mean,diabetes,fixed_k,0.2912156590421517
spearman|spearman_abs|multiplicative|mean,diabetes,threshold,0.38548939183981257
spearman|spearman_abs|multiplicative|mean,diabetes,val_fixed_k,0.36622861659212236
spearman|spearman_abs|multiplicative|mean,diabetes,val_threshold,0.3838599327205126
spearman|spearman_abs|multiplicative|mean,friedman1,fixed_k,0.6167369626508965
spearman|spearman_abs|multiplicative|mean,friedman1,threshold,0.8154849084387695
spearman|spearman_abs|multiplicative|mean,friedman1,val_fixed_k,0.8259901727080317
spearman|spearman_abs|multiplicative|mean,friedman1,val_threshold,0.8154075794935915
spearman|spearman_abs|multiplicative|mean,synthetic_clf,fixed_k,0.6883333333333332
spearman|spearman_abs|multiplicative|mean,synthetic_clf,threshold,0.7704166666666666
spearman|spearman_abs|multiplicative|mean,synthetic_clf,val_fixed_k,0.7761111111111111
spearman|spearman_abs|multiplicative|mean,synthetic_clf,val_threshold,0.8127777777777778
spearman|spearman_abs|multiplicative|sum,breast_cancer,fixed_k,0.9380792445482865
spearman|spearman_abs|multiplicative|sum,breast_cancer,threshold,0.9523893837616824
spearman|spearman_abs|multiplicative|sum,breast_cancer,val_fixed_k,0.9512923481308411
spearman|spearman_abs|multiplicative|sum,breast_cancer,val_threshold,0.9498904789719627
spearman|spearman_abs|multiplicative|sum,diabetes,fixed_k,0.29265932965949604
spearman|spearman_abs|multiplicative|sum,diabetes,threshold,0.3380391116640288
spearman|spearman_abs|multiplicative|sum,diabetes,val_fixed_k,0.3686657898888526
spearman|spearman_abs|multiplicative|sum,diabetes,val_threshold,0.3771693327083474
spearman|spearman_abs|multiplicative|sum,friedman1,fixed_k,0.6167782694794517
spearman|spearman_abs|multiplicative|sum,friedman1,threshold,0.8155809459124125
spearman|spearman_abs|multiplicative|sum,friedman1,val_fixed_k,0.8262949816313991
spearman|spearman_abs|multiplicative|sum,friedman1,val_threshold,0.8186052901312305
spearman|spearman_abs|multiplicative|sum,synthetic_clf,fixed_k,0.6580555555555556
spearman|spearman_abs|multiplicative|sum,synthetic_clf,threshold,0.7005555555555556
spearman|spearman_abs|multiplicative|sum,synthetic_clf,val_fixed_k,0.6883333333333332
spearman|spearman_abs|multiplicative|sum,synthetic_clf,val_threshold,0.8016666666666667
spearman|spearman_abs|quotient|max,breast_cancer,fixed_k,0.9178154205607477
spearman|spearman_abs|quotient|max,breast_cancer,threshold,0.9546473422897197
spearman|spearman_abs|quotient|max,breast_cancer,val_fixed_k,0.9374050817757009
spearman|spearman_abs|quotient|max,breast_cancer,val_threshold,0.9541033878504672
spearman|spearman_abs|quotient|max,diabetes,fixed_k,0.28781220364938237
spearman|spearman_abs|quotient|max,diabetes,threshold,0.39034218590172587
spearman|spearman_abs|quotient|max,diabetes,val_fixed_k,0.3729850988315858
spearman|spearman_abs|quotient|max,diabetes,val_threshold,0.39096066553572306
spearman|spearman_abs|quotient|max,friedman1,fixed_k,0.581738795599216
spearman|spearman_abs|quotient|max,friedman1,threshold,0.8293279421272922
spearman|spearman_abs|quotient|max,friedman1,val_fixed_k,0.8242179585242306
spearman|spearman_abs|quotient|max,friedman1,val_threshold,0.8271756543854165
spearman|spearman_abs|quotient|max,synthetic_clf,fixed_k,0.6030555555555556
spearman|spearman_abs|quotient|max,synthetic_clf,threshold,0.8033333333333333
spearman|spearman_abs|quotient|max,synthetic_clf,val_fixed_k,0.6855555555555556
spearman|spearman_abs|quotient|max,synthetic_clf,val_threshold,0.8033333333333333
spearman|spearman_abs|quotient|mean,breast_cancer,fixed_k,0.9204694801401868
spearman|spearman_abs|quotient|mean,breast_cancer,threshold,0.954019421728972
spearman|spearman_abs|quotient|mean,breast_cancer,val_fixed_k,0.9514529789719626
spearman|spearman_abs|quotient|mean,breast_cancer,val_threshold,0.9526942172897197
spearman|spearman_abs|quotient|mean,diabetes,fixed_k,0.2859555761188795
spearman|spearman_abs|quotient|mean,diabetes,threshold,0.3908223050442993
spearman|spearman_abs|quotient|mean,diabetes,val_fixed_k,0.3651609098187515
spearman|spearman_abs|quotient|mean,diabetes,val_threshold,0.39070593910984475
spearman|spearman_abs|quotient|mean,friedman1,fixed_k,0.580930987562212
spearman|spearman_abs|quotient|mean,friedman1,threshold,0.8291439703143426
spearman|spearman_abs|quotient|mean,friedman1,val_fixed_k,0.8238983741356526
spearman|spearman_abs|quotient|mean,friedman1,val_threshold,0.8305656935870533
spearman|spearman_abs|quotient|mean,synthetic_clf,fixed_k,0.6095370370370371
spearman|spearman_abs|quotient|mean,synthetic_clf,threshold,0.8193055555555556
spearman|spearman_abs|quotient|mean,synthetic_clf,val_fixed_k,0.7155555555555556
spearman|spearman_abs|quotient|mean,synthetic_clf,val_threshold,0.8172222222222223
spearman|spearman_abs|quotient|sum,breast_cancer,fixed_k,0.9204694801401868
spearman|spearman_abs|quotient|sum,breast_cancer,threshold,0.9540230724299066
spearman|spearman_abs|quotient|sum,breast_cancer,val_fixed_k,0.9514529789719626
spearman|spearman_abs|quotient|sum,breast_cancer,val_threshold,0.9541033878504672
spearman|spearman_abs|quotient|sum,diabetes,fixed_k,0.2859555761188795
spearman|spearman_abs|quotient|sum,diabetes,threshold,0.3790867060770227
spearman|spearman_abs|quotient|sum,diabetes,val_fixed_k,0.3651609098187515
spearman|spearman_abs|quotient|sum,diabetes,val_threshold,0.37588942235414025
spearman|spearman_abs|quotient|sum,friedman1,fixed_k,0.580930987562212
spearman|spearman_abs|quotient|sum,friedman1,threshold,0.8195673775115262
spearman|spearman_abs|quotient|sum,friedman1,val_fixed_k,0.8238983741356526
spearman|spearman_abs|quotient|sum,friedman1,val_threshold,0.824701651094785
spearman|spearman_abs|quotient|sum,synthetic_clf,fixed_k,0.6095370370370371
spearman|spearman_abs|quotient|sum,synthetic_clf,threshold,0.765
spearman|spearman_abs|quotient|sum,synthetic_clf,val_fixed_k,0.7155555555555556
spearman|spearman_abs|quotient|sum,synthetic_clf,val_threshold,0.805
