dataset,dependence,task,method,operator,aggregation,relevance,redundancy,stop_mode,k,score_threshold,seed,precision,recall,f1,redundancy_rate,noise_rate,downstream_score,runtime_s
parabola,nonlinear,regression,MID,difference,mean,mutual_info_sklearn,mutual_info_sklearn,fixed_k,1,,0,1.0,1.0,1.0,0.0,0.0,0.906346591701269,1.2700407079828437
parabola,nonlinear,regression,MID,difference,mean,mutual_info_sklearn,mutual_info_sklearn,fixed_k,2,,0,0.5,1.0,0.6666666666666666,0.0,0.5,0.8968320290211638,0.07585720799397677
parabola,nonlinear,regression,MID,difference,mean,mutual_info_sklearn,mutual_info_sklearn,fixed_k,5,,0,0.2,1.0,0.33333333333333337,0.2,0.4,0.9085581561808014,0.08001024997793138
parabola,nonlinear,regression,MID,difference,mean,mutual_info_sklearn,mutual_info_sklearn,threshold,4,0.0,0,0.25,1.0,0.4,0.25,0.25,0.9082237203730702,0.07782437501009554
parabola,nonlinear,regression,MID,difference,mean,mutual_info_sklearn,mutual_info_sklearn,threshold,1,0.05,0,1.0,1.0,1.0,0.0,0.0,0.906346591701269,0.07819445899804123
parabola,nonlinear,regression,MID,difference,mean,mutual_info_sklearn,mutual_info_sklearn,threshold,1,0.1,0,1.0,1.0,1.0,0.0,0.0,0.906346591701269,0.07743825000943616
parabola,nonlinear,regression,MIQ,quotient,mean,mutual_info_sklearn,mutual_info_sklearn,fixed_k,1,,0,1.0,1.0,1.0,0.0,0.0,0.906346591701269,0.075758708990179
parabola,nonlinear,regression,MIQ,quotient,mean,mutual_info_sklearn,mutual_info_sklearn,fixed_k,2,,0,0.5,1.0,0.6666666666666666,0.0,0.5,0.8968320290211638,0.0759032079949975
parabola,nonlinear,regression,MIQ,quotient,mean,mutual_info_sklearn,mutual_info_sklearn,fixed_k,5,,0,0.2,1.0,0.33333333333333337,0.2,0.4,0.9085581561808014,0.07907687497208826
parabola,nonlinear,regression,MIQ,quotient,mean,mutual_info_sklearn,mutual_info_sklearn,threshold,8,0.0,0,0.125,1.0,0.2222222222222222,0.125,0.625,0.9053235092815098,0.08382654198794626
parabola,nonlinear,regression,MIQ,quotient,mean,mutual_info_sklearn,mutual_info_sklearn,threshold,4,0.05,0,0.25,1.0,0.4,0.25,0.25,0.9082237203730702,0.07812362498953007
parabola,nonlinear,regression,MIQ,quotient,mean,mutual_info_sklearn,mutual_info_sklearn,threshold,4,0.1,0,0.25,1.0,0.4,0.25,0.25,0.9082237203730702,0.08048991599935107
parabola,nonlinear,regression,MIFS,difference,sum,mutual_info_sklearn,mutual_info_sklearn,fixed_k,1,,0,1.0,1.0,1.0,0.0,0.0,0.906346591701269,0.07555462498567067
parabola,nonlinear,regression,MIFS,difference,sum,mutual_info_sklearn,mutual_info_sklearn,fixed_k,2,,0,0.5,1.0,0.6666666666666666,0.0,0.5,0.8968320290211638,0.07592183299129829
parabola,nonlinear,regression,MIFS,difference,sum,mutual_info_sklearn,mutual_info_sklearn,fixed_k,5,,0,0.2,1.0,0.33333333333333337,0.0,0.8,0.892844905294799,0.0771390000008978
parabola,nonlinear,regression,MIFS,difference,sum,mutual_info_sklearn,mutual_info_sklearn,threshold,3,0.0,0,0.3333333333333333,1.0,0.5,0.0,0.6666666666666666,0.8924081006399972,0.07778145800693892
parabola,nonlinear,regression,MIFS,difference,sum,mutual_info_sklearn,mutual_info_sklearn,threshold,1,0.05,0,1.0,1.0,1.0,0.0,0.0,0.906346591701269,0.07702216599136591
parabola,nonlinear,regression,MIFS,difference,sum,mutual_info_sklearn,mutual_info_sklearn,threshold,1,0.1,0,1.0,1.0,1.0,0.0,0.0,0.906346591701269,0.07587349999812432
parabola,nonlinear,regression,FCD,difference,mean,f_regression,pearson_abs,fixed_k,1,,0,0.0,0.0,0.0,0.0,0.0,0.9173627514967646,0.007598791999043897
parabola,nonlinear,regression,FCD,difference,mean,f_regression,pearson_abs,fixed_k,2,,0,0.0,0.0,0.0,0.0,0.5,0.9123961010257415,0.008006874995771796
parabola,nonlinear,regression,FCD,difference,mean,f_regression,pearson_abs,fixed_k,5,,0,0.0,0.0,0.0,0.0,0.8,0.9021503142454649,0.009416874992894009
parabola,nonlinear,regression,FCD,difference,mean,f_regression,pearson_abs,threshold,5,0.0,0,0.0,0.0,0.0,0.0,0.8,0.9021503142454649,0.010279416019329801
parabola,nonlinear,regression,FCD,difference,mean,f_regression,pearson_abs,threshold,5,0.05,0,0.0,0.0,0.0,0.0,0.8,0.9021503142454649,0.010729750007158145
parabola,nonlinear,regression,FCD,difference,mean,f_regression,pearson_abs,threshold,5,0.1,0,0.0,0.0,0.0,0.0,0.8,0.9021503142454649,0.009920874988893047
parabola,nonlinear,regression,FCQ,quotient,mean,f_regression,pearson_abs,fixed_k,1,,0,0.0,0.0,0.0,0.0,0.0,0.9173627514967646,0.007819250022294
parabola,nonlinear,regression,FCQ,quotient,mean,f_regression,pearson_abs,fixed_k,2,,0,0.0,0.0,0.0,0.0,0.5,0.9123961010257415,0.008216000016545877
parabola,nonlinear,regression,FCQ,quotient,mean,f_regression,pearson_abs,fixed_k,5,,0,0.0,0.0,0.0,0.0,0.8,0.9021503142454649,0.009984791016904637
parabola,nonlinear,regression,FCQ,quotient,mean,f_regression,pearson_abs,threshold,8,0.0,0,0.125,1.0,0.2222222222222222,0.125,0.625,0.9002411146965925,0.011344582977471873
parabola,nonlinear,regression,FCQ,quotient,mean,f_regression,pearson_abs,threshold,7,0.05,0,0.0,0.0,0.0,0.14285714285714285,0.7142857142857143,0.9065218047488263,0.011920041986741126
parabola,nonlinear,regression,FCQ,quotient,mean,f_regression,pearson_abs,threshold,7,0.1,0,0.0,0.0,0.0,0.14285714285714285,0.7142857142857143,0.9065218047488263,0.012142583989771083
parabola,nonlinear,regression,ModMRMR,multiplicative,max,f_regression,pearson_abs,fixed_k,1,,0,0.0,0.0,0.0,0.0,0.0,0.9173627514967646,0.007365291996393353
parabola,nonlinear,regression,ModMRMR,multiplicative,max,f_regression,pearson_abs,fixed_k,2,,0,0.0,0.0,0.0,0.0,0.5,0.9123961010257415,0.008460665994789451
parabola,nonlinear,regression,ModMRMR,multiplicative,max,f_regression,pearson_abs,fixed_k,5,,0,0.0,0.0,0.0,0.0,0.8,0.9021503142454649,0.010332083998946473
parabola,nonlinear,regression,ModMRMR,multiplicative,max,f_regression,pearson_abs,threshold,8,0.0,0,0.125,1.0,0.2222222222222222,0.125,0.625,0.9002411146965925,0.01148700001067482
parabola,nonlinear,regression,ModMRMR,multiplicative,max,f_regression,pearson_abs,threshold,5,0.05,0,0.0,0.0,0.0,0.0,0.8,0.9021503142454649,0.010566291981376708
parabola,nonlinear,regression,ModMRMR,multiplicative,max,f_regression,pearson_abs,threshold,5,0.1,0,0.0,0.0,0.0,0.0,0.8,0.9021503142454649,0.010474125010659918
parabola,nonlinear,regression,ModMRMR_dcor,multiplicative,max,f_regression,distance_corr,fixed_k,1,,0,0.0,0.0,0.0,0.0,0.0,0.9173627514967646,0.01619174997904338
parabola,nonlinear,regression,ModMRMR_dcor,multiplicative,max,f_regression,distance_corr,fixed_k,2,,0,0.0,0.0,0.0,0.0,0.5,0.9123961010257415,0.0165222080249805
parabola,nonlinear,regression,ModMRMR_dcor,multiplicative,max,f_regression,distance_corr,fixed_k,5,,0,0.0,0.0,0.0,0.0,0.8,0.9021503142454649,0.01734058401780203
parabola,nonlinear,regression,ModMRMR_dcor,multiplicative,max,f_regression,distance_corr,threshold,8,0.0,0,0.125,1.0,0.2222222222222222,0.125,0.625,0.901761861152819,0.020011290995171294
parabola,nonlinear,regression,ModMRMR_dcor,multiplicative,max,f_regression,distance_corr,threshold,5,0.05,0,0.0,0.0,0.0,0.0,0.8,0.9021503142454649,0.018344582989811897
parabola,nonlinear,regression,ModMRMR_dcor,multiplicative,max,f_regression,distance_corr,threshold,5,0.1,0,0.0,0.0,0.0,0.0,0.8,0.9021503142454649,0.01858270901720971
parabola,nonlinear,regression,skb_f,,,,,fixed_k,1,,0,0.0,0.0,0.0,0.0,0.0,0.9173627514967646,0.00028033400303684175
parabola,nonlinear,regression,skb_f,,,,,fixed_k,2,,0,0.0,0.0,0.0,0.0,0.5,0.9138696335098978,0.0002650840033311397
parabola,nonlinear,regression,skb_f,,,,,fixed_k,5,,0,0.0,0.0,0.0,0.0,0.8,0.9062798002357245,0.0002742910000961274
parabola,nonlinear,regression,skb_mi,,,,,fixed_k,1,,0,1.0,1.0,1.0,0.0,0.0,0.906346591701269,0.007540374994277954
parabola,nonlinear,regression,skb_mi,,,,,fixed_k,2,,0,0.5,1.0,0.6666666666666666,0.0,0.0,0.9138854626621977,0.007267499982845038
parabola,nonlinear,regression,skb_mi,,,,,fixed_k,5,,0,0.2,1.0,0.33333333333333337,0.2,0.4,0.9075623222656254,0.0074762500007636845
parabola,nonlinear,regression,MID,difference,mean,mutual_info_sklearn,mutual_info_sklearn,fixed_k,1,,1,0.0,0.0,0.0,0.0,0.0,0.988878729852964,0.07553124998230487
parabola,nonlinear,regression,MID,difference,mean,mutual_info_sklearn,mutual_info_sklearn,fixed_k,2,,1,0.0,0.0,0.0,0.0,0.5,0.9898125331560315,0.07749741699080914
parabola,nonlinear,regression,MID,difference,mean,mutual_info_sklearn,mutual_info_sklearn,fixed_k,5,,1,0.2,1.0,0.33333333333333337,0.2,0.4,0.9910318078411658,0.07855145802022889
parabola,nonlinear,regression,MID,difference,mean,mutual_info_sklearn,mutual_info_sklearn,threshold,6,0.0,1,0.16666666666666666,1.0,0.2857142857142857,0.16666666666666666,0.5,0.9906979139676909,0.08251975002349354
parabola,nonlinear,regression,MID,difference,mean,mutual_info_sklearn,mutual_info_sklearn,threshold,1,0.05,1,0.0,0.0,0.0,0.0,0.0,0.988878729852964,0.07874812500085682
parabola,nonlinear,regression,MID,difference,mean,mutual_info_sklearn,mutual_info_sklearn,threshold,1,0.1,1,0.0,0.0,0.0,0.0,0.0,0.988878729852964,0.07979658301337622
parabola,nonlinear,regression,MIQ,quotient,mean,mutual_info_sklearn,mutual_info_sklearn,fixed_k,1,,1,0.0,0.0,0.0,0.0,0.0,0.988878729852964,0.07814570897608064
parabola,nonlinear,regression,MIQ,quotient,mean,mutual_info_sklearn,mutual_info_sklearn,fixed_k,2,,1,0.0,0.0,0.0,0.0,0.5,0.9888578582667505,0.07907720800722018
parabola,nonlinear,regression,MIQ,quotient,mean,mutual_info_sklearn,mutual_info_sklearn,fixed_k,5,,1,0.2,1.0,0.33333333333333337,0.2,0.4,0.9902926009034128,0.07899300000281073
parabola,nonlinear,regression,MIQ,quotient,mean,mutual_info_sklearn,mutual_info_sklearn,threshold,8,0.0,1,0.125,1.0,0.2222222222222222,0.125,0.625,0.9902901123802759,0.08045462501468137
parabola,nonlinear,regression,MIQ,quotient,mean,mutual_info_sklearn,mutual_info_sklearn,threshold,6,0.05,1,0.16666666666666666,1.0,0.2857142857142857,0.16666666666666666,0.5,0.9900530376460207,0.08079879201250151
parabola,nonlinear,regression,MIQ,quotient,mean,mutual_info_sklearn,mutual_info_sklearn,threshold,6,0.1,1,0.16666666666666666,1.0,0.2857142857142857,0.16666666666666666,0.5,0.9900530376460207,0.08072470899787731
parabola,nonlinear,regression,MIFS,difference,sum,mutual_info_sklearn,mutual_info_sklearn,fixed_k,1,,1,0.0,0.0,0.0,0.0,0.0,0.988878729852964,0.07557783400989138
parabola,nonlinear,regression,MIFS,difference,sum,mutual_info_sklearn,mutual_info_sklearn,fixed_k,2,,1,0.0,0.0,0.0,0.0,0.5,0.9898125331560315,0.0774182919994928
parabola,nonlinear,regression,MIFS,difference,sum,mutual_info_sklearn,mutual_info_sklearn,fixed_k,5,,1,0.0,0.0,0.0,0.0,0.8,0.9900662713092289,0.09826674999203533
parabola,nonlinear,regression,MIFS,difference,sum,mutual_info_sklearn,mutual_info_sklearn,threshold,4,0.0,1,0.0,0.0,0.0,0.0,0.75,0.9902296565905991,0.07769083298626356
parabola,nonlinear,regression,MIFS,difference,sum,mutual_info_sklearn,mutual_info_sklearn,threshold,1,0.05,1,0.0,0.0,0.0,0.0,0.0,0.988878729852964,0.07606170797953382
parabola,nonlinear,regression,MIFS,difference,sum,mutual_info_sklearn,mutual_info_sklearn,threshold,1,0.1,1,0.0,0.0,0.0,0.0,0.0,0.988878729852964,0.07755229200120084
parabola,nonlinear,regression,FCD,difference,mean,f_regression,pearson_abs,fixed_k,1,,1,0.0,0.0,0.0,0.0,0.0,0.988878729852964,0.007588542008306831
parabola,nonlinear,regression,FCD,difference,mean,f_regression,pearson_abs,fixed_k,2,,1,0.0,0.0,0.0,0.5,0.0,0.9908032108871275,0.007880707998992875
parabola,nonlinear,regression,FCD,difference,mean,f_regression,pearson_abs,fixed_k,5,,1,0.2,1.0,0.33333333333333337,0.2,0.4,0.9898563827754145,0.008893624995835125
parabola,nonlinear,regression,FCD,difference,mean,f_regression,pearson_abs,threshold,7,0.0,1,0.14285714285714285,1.0,0.25,0.14285714285714285,0.5714285714285714,0.9902670579403293,0.01060583401704207
parabola,nonlinear,regression,FCD,difference,mean,f_regression,pearson_abs,threshold,7,0.05,1,0.14285714285714285,1.0,0.25,0.14285714285714285,0.5714285714285714,0.9902670579403293,0.010697082994738594
parabola,nonlinear,regression,FCD,difference,mean,f_regression,pearson_abs,threshold,6,0.1,1,0.16666666666666666,1.0,0.2857142857142857,0.16666666666666666,0.5,0.9898198683782976,0.010332749981898814
parabola,nonlinear,regression,FCQ,quotient,mean,f_regression,pearson_abs,fixed_k,1,,1,0.0,0.0,0.0,0.0,0.0,0.988878729852964,0.0074368340137880296
parabola,nonlinear,regression,FCQ,quotient,mean,f_regression,pearson_abs,fixed_k,2,,1,0.0,0.0,0.0,0.5,0.0,0.9908032108871275,0.0079323330137413
parabola,nonlinear,regression,FCQ,quotient,mean,f_regression,pearson_abs,fixed_k,5,,1,0.2,1.0,0.33333333333333337,0.2,0.4,0.9898660962035966,0.009741124988067895
parabola,nonlinear,regression,FCQ,quotient,mean,f_regression,pearson_abs,threshold,8,0.0,1,0.125,1.0,0.2222222222222222,0.125,0.625,0.9905372602446069,0.011309708002954721
parabola,nonlinear,regression,FCQ,quotient,mean,f_regression,pearson_abs,threshold,8,0.05,1,0.125,1.0,0.2222222222222222,0.125,0.625,0.9905372602446069,0.011418792011681944
parabola,nonlinear,regression,FCQ,quotient,mean,f_regression,pearson_abs,threshold,8,0.1,1,0.125,1.0,0.2222222222222222,0.125,0.625,0.9905372602446069,0.01108787499833852
parabola,nonlinear,regression,ModMRMR,multiplicative,max,f_regression,pearson_abs,fixed_k,1,,1,0.0,0.0,0.0,0.0,0.0,0.988878729852964,0.007579041994176805
parabola,nonlinear,regression,ModMRMR,multiplicative,max,f_regression,pearson_abs,fixed_k,2,,1,0.0,0.0,0.0,0.5,0.0,0.9908032108871275,0.008067958988249302
parabola,nonlinear,regression,ModMRMR,multiplicative,max,f_regression,pearson_abs,fixed_k,5,,1,0.0,0.0,0.0,0.2,0.6,0.9901531544183726,0.010500665986910462
parabola,nonlinear,regression,ModMRMR,multiplicative,max,f_regression,pearson_abs,threshold,8,0.0,1,0.125,1.0,0.2222222222222222,0.125,0.625,0.9903451637273865,0.011391417006962001
parabola,nonlinear,regression,ModMRMR,multiplicative,max,f_regression,pearson_abs,threshold,6,0.05,1,0.0,0.0,0.0,0.16666666666666666,0.6666666666666666,0.9906307100530167,0.010659084015060216
parabola,nonlinear,regression,ModMRMR,multiplicative,max,f_regression,pearson_abs,threshold,6,0.1,1,0.0,0.0,0.0,0.16666666666666666,0.6666666666666666,0.9906307100530167,0.010847291006939486
parabola,nonlinear,regression,ModMRMR_dcor,multiplicative,max,f_regression,distance_corr,fixed_k,1,,1,0.0,0.0,0.0,0.0,0.0,0.988878729852964,0.015485709009226412
parabola,nonlinear,regression,ModMRMR_dcor,multiplicative,max,f_regression,distance_corr,fixed_k,2,,1,0.0,0.0,0.0,0.5,0.0,0.9908032108871275,0.015839750005397946
parabola,nonlinear,regression,ModMRMR_dcor,multiplicative,max,f_regression,distance_corr,fixed_k,5,,1,0.0,0.0,0.0,0.2,0.6,0.9901531544183726,0.017662833008216694
parabola,nonlinear,regression,ModMRMR_dcor,multiplicative,max,f_regression,distance_corr,threshold,8,0.0,1,0.125,1.0,0.2222222222222222,0.125,0.625,0.9903451637273865,0.019438167015323415
parabola,nonlinear,regression,ModMRMR_dcor,multiplicative,max,f_regression,distance_corr,threshold,6,0.05,1,0.0,0.0,0.0,0.16666666666666666,0.6666666666666666,0.9906307100530167,0.01930345900473185
parabola,nonlinear,regression,ModMRMR_dcor,multiplicative,max,f_regression,distance_corr,threshold,5,0.1,1,0.0,0.0,0.0,0.2,0.6,0.9901531544183726,0.018680832989048213
parabola,nonlinear,regression,skb_f,,,,,fixed_k,1,,1,0.0,0.0,0.0,0.0,0.0,0.988878729852964,0.0002470830222591758
parabola,nonlinear,regression,skb_f,,,,,fixed_k,2,,1,0.0,0.0,0.0,0.5,0.0,0.9907443055906742,0.00021349999587982893
parabola,nonlinear,regression,skb_f,,,,,fixed_k,5,,1,0.2,1.0,0.33333333333333337,0.2,0.4,0.9898927249938846,0.00022445799550041556
parabola,nonlinear,regression,skb_mi,,,,,fixed_k,1,,1,0.0,0.0,0.0,0.0,0.0,0.988878729852964,0.007617583993123844
parabola,nonlinear,regression,skb_mi,,,,,fixed_k,2,,1,0.5,1.0,0.6666666666666666,0.0,0.0,0.9915779181896549,0.00755904201650992
parabola,nonlinear,regression,skb_mi,,,,,fixed_k,5,,1,0.2,1.0,0.33333333333333337,0.2,0.4,0.9912191026150762,0.007644875004189089
parabola,nonlinear,regression,MID,difference,mean,mutual_info_sklearn,mutual_info_sklearn,fixed_k,1,,2,0.0,0.0,0.0,0.0,0.0,0.9862655283663183,0.07653033299720846
parabola,nonlinear,regression,MID,difference,mean,mutual_info_sklearn,mutual_info_sklearn,fixed_k,2,,2,0.0,0.0,0.0,0.0,0.5,0.9855972857118009,0.07648966700071469
parabola,nonlinear,regression,MID,difference,mean,mutual_info_sklearn,mutual_info_sklearn,fixed_k,5,,2,0.2,1.0,0.33333333333333337,0.2,0.4,0.9867137164271049,0.07676316701690666
parabola,nonlinear,regression,MID,difference,mean,mutual_info_sklearn,mutual_info_sklearn,threshold,6,0.0,2,0.16666666666666666,1.0,0.2857142857142857,0.16666666666666666,0.5,0.9860748270249077,0.07882087500183843
parabola,nonlinear,regression,MID,difference,mean,mutual_info_sklearn,mutual_info_sklearn,threshold,1,0.05,2,0.0,0.0,0.0,0.0,0.0,0.9862655283663183,0.0757443750044331
parabola,nonlinear,regression,MID,difference,mean,mutual_info_sklearn,mutual_info_sklearn,threshold,1,0.1,2,0.0,0.0,0.0,0.0,0.0,0.9862655283663183,0.07642745799967088
parabola,nonlinear,regression,MIQ,quotient,mean,mutual_info_sklearn,mutual_info_sklearn,fixed_k,1,,2,0.0,0.0,0.0,0.0,0.0,0.9862655283663183,0.07545116599067114
parabola,nonlinear,regression,MIQ,quotient,mean,mutual_info_sklearn,mutual_info_sklearn,fixed_k,2,,2,0.0,0.0,0.0,0.0,0.5,0.9870955232640756,0.07670670800143853
parabola,nonlinear,regression,MIQ,quotient,mean,mutual_info_sklearn,mutual_info_sklearn,fixed_k,5,,2,0.2,1.0,0.33333333333333337,0.2,0.4,0.9868149105363488,0.07905183301772922
parabola,nonlinear,regression,MIQ,quotient,mean,mutual_info_sklearn,mutual_info_sklearn,threshold,8,0.0,2,0.125,1.0,0.2222222222222222,0.125,0.625,0.9861859964768577,0.08025491700391285
parabola,nonlinear,regression,MIQ,quotient,mean,mutual_info_sklearn,mutual_info_sklearn,threshold,5,0.05,2,0.2,1.0,0.33333333333333337,0.2,0.4,0.9868149105363488,0.0800406250054948
parabola,nonlinear,regression,MIQ,quotient,mean,mutual_info_sklearn,mutual_info_sklearn,threshold,5,0.1,2,0.2,1.0,0.33333333333333337,0.2,0.4,0.9868149105363488,0.08043650002218783
parabola,nonlinear,regression,MIFS,difference,sum,mutual_info_sklearn,mutual_info_sklearn,fixed_k,1,,2,0.0,0.0,0.0,0.0,0.0,0.9862655283663183,0.08184574998449534
parabola,nonlinear,regression,MIFS,difference,sum,mutual_info_sklearn,mutual_info_sklearn,fixed_k,2,,2,0.0,0.0,0.0,0.0,0.5,0.9855972857118009,0.07588583399774507
parabola,nonlinear,regression,MIFS,difference,sum,mutual_info_sklearn,mutual_info_sklearn,fixed_k,5,,2,0.0,0.0,0.0,0.0,0.8,0.9814139264910661,0.07811333399149589
parabola,nonlinear,regression,MIFS,difference,sum,mutual_info_sklearn,mutual_info_sklearn,threshold,2,0.0,2,0.0,0.0,0.0,0.0,0.5,0.9855972857118009,0.07716845799586736
parabola,nonlinear,regression,MIFS,difference,sum,mutual_info_sklearn,mutual_info_sklearn,threshold,1,0.05,2,0.0,0.0,0.0,0.0,0.0,0.9862655283663183,0.07525016702129506
parabola,nonlinear,regression,MIFS,difference,sum,mutual_info_sklearn,mutual_info_sklearn,threshold,1,0.1,2,0.0,0.0,0.0,0.0,0.0,0.9862655283663183,0.07693166701938026
parabola,nonlinear,regression,FCD,difference,mean,f_regression,pearson_abs,fixed_k,1,,2,0.0,0.0,0.0,0.0,0.0,0.9862655283663183,0.0073998750012833625
parabola,nonlinear,regression,FCD,difference,mean,f_regression,pearson_abs,fixed_k,2,,2,0.0,0.0,0.0,0.0,0.5,0.9865951134269628,0.008012250007595867
parabola,nonlinear,regression,FCD,difference,mean,f_regression,pearson_abs,fixed_k,5,,2,0.2,1.0,0.33333333333333337,0.2,0.4,0.9846352224922593,0.009389499988174066
parabola,nonlinear,regression,FCD,difference,mean,f_regression,pearson_abs,threshold,6,0.0,2,0.16666666666666666,1.0,0.2857142857142857,0.16666666666666666,0.5,0.9860231154650548,0.010313167003914714
parabola,nonlinear,regression,FCD,difference,mean,f_regression,pearson_abs,threshold,6,0.05,2,0.16666666666666666,1.0,0.2857142857142857,0.16666666666666666,0.5,0.9860231154650548,0.010515250003663823
parabola,nonlinear,regression,FCD,difference,mean,f_regression,pearson_abs,threshold,6,0.1,2,0.16666666666666666,1.0,0.2857142857142857,0.16666666666666666,0.5,0.9860231154650548,0.01026974999695085
parabola,nonlinear,regression,FCQ,quotient,mean,f_regression,pearson_abs,fixed_k,1,,2,0.0,0.0,0.0,0.0,0.0,0.9862655283663183,0.007569082983536646
parabola,nonlinear,regression,FCQ,quotient,mean,f_regression,pearson_abs,fixed_k,2,,2,0.0,0.0,0.0,0.0,0.5,0.9865951134269628,0.008093000011285767
parabola,nonlinear,regression,FCQ,quotient,mean,f_regression,pearson_abs,fixed_k,5,,2,0.0,0.0,0.0,0.2,0.6,0.9856175771358536,0.009948916005669162
parabola,nonlinear,regression,FCQ,quotient,mean,f_regression,pearson_abs,threshold,8,0.0,2,0.125,1.0,0.2222222222222222,0.125,0.625,0.9850423945613411,0.011258792015723884
parabola,nonlinear,regression,FCQ,quotient,mean,f_regression,pearson_abs,threshold,8,0.05,2,0.125,1.0,0.2222222222222222,0.125,0.625,0.9850423945613411,0.011249250004766509
parabola,nonlinear,regression,FCQ,quotient,mean,f_regression,pearson_abs,threshold,7,0.1,2,0.14285714285714285,1.0,0.25,0.14285714285714285,0.5714285714285714,0.9847706290648417,0.011617584008490667
parabola,nonlinear,regression,ModMRMR,multiplicative,max,f_regression,pearson_abs,fixed_k,1,,2,0.0,0.0,0.0,0.0,0.0,0.9862655283663183,0.0077648330188822
parabola,nonlinear,regression,ModMRMR,multiplicative,max,f_regression,pearson_abs,fixed_k,2,,2,0.0,0.0,0.0,0.0,0.5,0.9865951134269628,0.010943875007797033
parabola,nonlinear,regression,ModMRMR,multiplicative,max,f_regression,pearson_abs,fixed_k,5,,2,0.0,0.0,0.0,0.2,0.6,0.9856175771358536,0.009855624986812472
parabola,nonlinear,regression,ModMRMR,multiplicative,max,f_regression,pearson_abs,threshold,8,0.0,2,0.125,1.0,0.2222222222222222,0.125,0.625,0.9849882766665329,0.011076957976911217
parabola,nonlinear,regression,ModMRMR,multiplicative,max,f_regression,pearson_abs,threshold,5,0.05,2,0.0,0.0,0.0,0.2,0.6,0.9856175771358536,0.010351499979151413
parabola,nonlinear,regression,ModMRMR,multiplicative,max,f_regression,pearson_abs,threshold,5,0.1,2,0.0,0.0,0.0,0.2,0.6,0.9856175771358536,0.010477666015503928
parabola,nonlinear,regression,ModMRMR_dcor,multiplicative,max,f_regression,distance_corr,fixed_k,1,,2,0.0,0.0,0.0,0.0,0.0,0.9862655283663183,0.015265791997080669
parabola,nonlinear,regression,ModMRMR_dcor,multiplicative,max,f_regression,distance_corr,fixed_k,2,,2,0.0,0.0,0.0,0.0,0.5,0.9865951134269628,0.01610929099842906
parabola,nonlinear,regression,ModMRMR_dcor,multiplicative,max,f_regression,distance_corr,fixed_k,5,,2,0.0,0.0,0.0,0.2,0.6,0.9856175771358536,0.017687874991679564
parabola,nonlinear,regression,ModMRMR_dcor,multiplicative,max,f_regression,distance_corr,threshold,8,0.0,2,0.125,1.0,0.2222222222222222,0.125,0.625,0.9850423945613411,0.01949570799479261
parabola,nonlinear,regression,ModMRMR_dcor,multiplicative,max,f_regression,distance_corr,threshold,5,0.05,2,0.0,0.0,0.0,0.2,0.6,0.9856175771358536,0.01826049998635426
parabola,nonlinear,regression,ModMRMR_dcor,multiplicative,max,f_regression,distance_corr,threshold,5,0.1,2,0.0,0.0,0.0,0.2,0.6,0.9856175771358536,0.01875479202135466
parabola,nonlinear,regression,skb_f,,,,,fixed_k,1,,2,0.0,0.0,0.0,0.0,0.0,0.9862655283663183,0.00025879201712086797
parabola,nonlinear,regression,skb_f,,,,,fixed_k,2,,2,0.0,0.0,0.0,0.0,0.5,0.9867411990708502,0.0002371660084463656
parabola,nonlinear,regression,skb_f,,,,,fixed_k,5,,2,0.2,1.0,0.33333333333333337,0.2,0.4,0.9866960696048105,0.0002454579807817936
parabola,nonlinear,regression,skb_mi,,,,,fixed_k,1,,2,0.0,0.0,0.0,0.0,0.0,0.9862655283663183,0.007352333981543779
parabola,nonlinear,regression,skb_mi,,,,,fixed_k,2,,2,0.5,1.0,0.6666666666666666,0.0,0.0,0.9880976666955938,0.007420334004564211
parabola,nonlinear,regression,skb_mi,,,,,fixed_k,5,,2,0.2,1.0,0.33333333333333337,0.2,0.4,0.9867462756308647,0.0074048749811481684
radial,nonlinear,classification,MID,difference,mean,mutual_info_classif,mutual_info_sklearn,fixed_k,1,,0,0.0,0.0,0.0,0.0,0.0,0.6791666666666667,0.07318320797639899
radial,nonlinear,classification,MID,difference,mean,mutual_info_classif,mutual_info_sklearn,fixed_k,2,,0,0.5,0.5,0.5,0.0,0.0,0.9791666666666667,0.07602545799454674
radial,nonlinear,classification,MID,difference,mean,mutual_info_classif,mutual_info_sklearn,fixed_k,5,,0,0.2,0.5,0.28571428571428575,0.0,0.6,0.9541666666666666,0.07870954199461266
radial,nonlinear,classification,MID,difference,mean,mutual_info_classif,mutual_info_sklearn,threshold,3,0.0,0,0.3333333333333333,0.5,0.4,0.0,0.3333333333333333,0.9624999999999999,0.07621266599744558
radial,nonlinear,classification,MID,difference,mean,mutual_info_classif,mutual_info_sklearn,threshold,2,0.05,0,0.5,0.5,0.5,0.0,0.0,0.9791666666666667,0.07621012500021607
radial,nonlinear,classification,MID,difference,mean,mutual_info_classif,mutual_info_sklearn,threshold,2,0.1,0,0.5,0.5,0.5,0.0,0.0,0.9791666666666667,0.07545504198060371
radial,nonlinear,classification,MIQ,quotient,mean,mutual_info_classif,mutual_info_sklearn,fixed_k,1,,0,0.0,0.0,0.0,0.0,0.0,0.6791666666666667,0.0763222920068074
radial,nonlinear,classification,MIQ,quotient,mean,mutual_info_classif,mutual_info_sklearn,fixed_k,2,,0,0.5,0.5,0.5,0.0,0.0,0.9791666666666667,0.07451016598497517
radial,nonlinear,classification,MIQ,quotient,mean,mutual_info_classif,mutual_info_sklearn,fixed_k,5,,0,0.2,0.5,0.28571428571428575,0.0,0.6,0.9541666666666666,0.07610495798871852
radial,nonlinear,classification,MIQ,quotient,mean,mutual_info_classif,mutual_info_sklearn,threshold,8,0.0,0,0.25,1.0,0.4,0.0,0.625,0.9458333333333333,0.07705591697595082
radial,nonlinear,classification,MIQ,quotient,mean,mutual_info_classif,mutual_info_sklearn,threshold,6,0.05,0,0.3333333333333333,1.0,0.5,0.0,0.5,0.9458333333333333,0.0783825000107754
radial,nonlinear,classification,MIQ,quotient,mean,mutual_info_classif,mutual_info_sklearn,threshold,6,0.1,0,0.3333333333333333,1.0,0.5,0.0,0.5,0.9458333333333333,0.07702774999779649
radial,nonlinear,classification,MIFS,difference,sum,mutual_info_classif,mutual_info_sklearn,fixed_k,1,,0,0.0,0.0,0.0,0.0,0.0,0.6791666666666667,0.07460954200359993
radial,nonlinear,classification,MIFS,difference,sum,mutual_info_classif,mutual_info_sklearn,fixed_k,2,,0,0.5,0.5,0.5,0.0,0.0,0.9791666666666667,0.07507062499644235
radial,nonlinear,classification,MIFS,difference,sum,mutual_info_classif,mutual_info_sklearn,fixed_k,5,,0,0.2,0.5,0.28571428571428575,0.0,0.6,0.9583333333333333,0.07513629202730954
radial,nonlinear,classification,MIFS,difference,sum,mutual_info_classif,mutual_info_sklearn,threshold,3,0.0,0,0.3333333333333333,0.5,0.4,0.0,0.3333333333333333,0.9624999999999999,0.07586045798962004
radial,nonlinear,classification,MIFS,difference,sum,mutual_info_classif,mutual_info_sklearn,threshold,2,0.05,0,0.5,0.5,0.5,0.0,0.0,0.9791666666666667,0.07445349998306483
radial,nonlinear,classification,MIFS,difference,sum,mutual_info_classif,mutual_info_sklearn,threshold,2,0.1,0,0.5,0.5,0.5,0.0,0.0,0.9791666666666667,0.0752052080060821
radial,nonlinear,classification,FCD,difference,mean,f_classif,pearson_abs,fixed_k,1,,0,0.0,0.0,0.0,0.0,0.0,0.6791666666666667,0.007666332996450365
radial,nonlinear,classification,FCD,difference,mean,f_classif,pearson_abs,fixed_k,2,,0,0.0,0.0,0.0,0.0,0.5,0.7208333333333333,0.00842091700178571
radial,nonlinear,classification,FCD,difference,mean,f_classif,pearson_abs,fixed_k,5,,0,0.2,0.5,0.28571428571428575,0.0,0.6,0.9583333333333333,0.009502332977717742
radial,nonlinear,classification,FCD,difference,mean,f_classif,pearson_abs,threshold,6,0.0,0,0.3333333333333333,1.0,0.5,0.0,0.5,0.9541666666666666,0.010504750011023134
radial,nonlinear,classification,FCD,difference,mean,f_classif,pearson_abs,threshold,5,0.05,0,0.2,0.5,0.28571428571428575,0.0,0.6,0.9583333333333333,0.009792791999643669
radial,nonlinear,classification,FCD,difference,mean,f_classif,pearson_abs,threshold,5,0.1,0,0.2,0.5,0.28571428571428575,0.0,0.6,0.9583333333333333,0.009856500022578984
radial,nonlinear,classification,FCQ,quotient,mean,f_classif,pearson_abs,fixed_k,1,,0,0.0,0.0,0.0,0.0,0.0,0.6791666666666667,0.007571583992103115
radial,nonlinear,classification,FCQ,quotient,mean,f_classif,pearson_abs,fixed_k,2,,0,0.0,0.0,0.0,0.0,0.5,0.7208333333333333,0.00819216700620018
radial,nonlinear,classification,FCQ,quotient,mean,f_classif,pearson_abs,fixed_k,5,,0,0.2,0.5,0.28571428571428575,0.0,0.6,0.9583333333333333,0.010111334006069228
radial,nonlinear,classification,FCQ,quotient,mean,f_classif,pearson_abs,threshold,8,0.0,0,0.25,1.0,0.4,0.0,0.625,0.9375,0.011495917016873136
radial,nonlinear,classification,FCQ,quotient,mean,f_classif,pearson_abs,threshold,7,0.05,0,0.2857142857142857,1.0,0.4444444444444445,0.0,0.5714285714285714,0.9458333333333333,0.011512249999213964
radial,nonlinear,classification,FCQ,quotient,mean,f_classif,pearson_abs,threshold,7,0.1,0,0.2857142857142857,1.0,0.4444444444444445,0.0,0.5714285714285714,0.9458333333333333,0.011327832995448261
radial,nonlinear,classification,ModMRMR,multiplicative,max,f_classif,pearson_abs,fixed_k,1,,0,0.0,0.0,0.0,0.0,0.0,0.6791666666666667,0.00754070800030604
radial,nonlinear,classification,ModMRMR,multiplicative,max,f_classif,pearson_abs,fixed_k,2,,0,0.0,0.0,0.0,0.0,0.5,0.7208333333333333,0.00812708301236853
radial,nonlinear,classification,ModMRMR,multiplicative,max,f_classif,pearson_abs,fixed_k,5,,0,0.2,0.5,0.28571428571428575,0.0,0.6,0.9583333333333333,0.009747959004016593
radial,nonlinear,classification,ModMRMR,multiplicative,max,f_classif,pearson_abs,threshold,8,0.0,0,0.25,1.0,0.4,0.0,0.625,0.95,0.011501542001497
radial,nonlinear,classification,ModMRMR,multiplicative,max,f_classif,pearson_abs,threshold,6,0.05,0,0.3333333333333333,1.0,0.5,0.0,0.5,0.9541666666666666,0.011172833008458838
radial,nonlinear,classification,ModMRMR,multiplicative,max,f_classif,pearson_abs,threshold,5,0.1,0,0.2,0.5,0.28571428571428575,0.0,0.6,0.9583333333333333,0.01081029197666794
radial,nonlinear,classification,ModMRMR_dcor,multiplicative,max,f_classif,distance_corr,fixed_k,1,,0,0.0,0.0,0.0,0.0,0.0,0.6791666666666667,0.015844125009607524
radial,nonlinear,classification,ModMRMR_dcor,multiplicative,max,f_classif,distance_corr,fixed_k,2,,0,0.0,0.0,0.0,0.0,0.5,0.7208333333333333,0.016486207983689383
radial,nonlinear,classification,ModMRMR_dcor,multiplicative,max,f_classif,distance_corr,fixed_k,5,,0,0.2,0.5,0.28571428571428575,0.0,0.6,0.9583333333333333,0.01823924999916926
radial,nonlinear,classification,ModMRMR_dcor,multiplicative,max,f_classif,distance_corr,threshold,8,0.0,0,0.25,1.0,0.4,0.0,0.625,0.95,0.019581208005547523
radial,nonlinear,classification,ModMRMR_dcor,multiplicative,max,f_classif,distance_corr,threshold,5,0.05,0,0.2,0.5,0.28571428571428575,0.0,0.6,0.9583333333333333,0.01900433297851123
radial,nonlinear,classification,ModMRMR_dcor,multiplicative,max,f_classif,distance_corr,threshold,5,0.1,0,0.2,0.5,0.28571428571428575,0.0,0.6,0.9583333333333333,0.01984995900420472
radial,nonlinear,classification,skb_f,,,,,fixed_k,1,,0,0.0,0.0,0.0,0.0,0.0,0.6791666666666667,0.00022308301413431764
radial,nonlinear,classification,skb_f,,,,,fixed_k,2,,0,0.0,0.0,0.0,0.0,0.5,0.7208333333333333,0.00020041700918227434
radial,nonlinear,classification,skb_f,,,,,fixed_k,5,,0,0.2,0.5,0.28571428571428575,0.0,0.6,0.9541666666666666,0.00021712499437853694
radial,nonlinear,classification,skb_mi,,,,,fixed_k,1,,0,0.0,0.0,0.0,0.0,0.0,0.6791666666666667,0.00656499998876825
radial,nonlinear,classification,skb_mi,,,,,fixed_k,2,,0,0.5,0.5,0.5,0.0,0.0,0.7749999999999999,0.0069557499955408275
radial,nonlinear,classification,skb_mi,,,,,fixed_k,5,,0,0.4,1.0,0.5714285714285715,0.0,0.4,0.95,0.0071751250070519745
radial,nonlinear,classification,MID,difference,mean,mutual_info_classif,mutual_info_sklearn,fixed_k,1,,1,1.0,0.5,0.6666666666666666,0.0,0.0,0.7,0.07511941698612645
radial,nonlinear,classification,MID,difference,mean,mutual_info_classif,mutual_info_sklearn,fixed_k,2,,1,1.0,1.0,1.0,0.0,0.0,0.9625,0.07609904199489392
radial,nonlinear,classification,MID,difference,mean,mutual_info_classif,mutual_info_sklearn,fixed_k,5,,1,0.4,1.0,0.5714285714285715,0.0,0.6,0.9375,0.07729454099899158
radial,nonlinear,classification,MID,difference,mean,mutual_info_classif,mutual_info_sklearn,threshold,3,0.0,1,0.6666666666666666,1.0,0.8,0.0,0.3333333333333333,0.9541666666666666,0.07704258299781941
radial,nonlinear,classification,MID,difference,mean,mutual_info_classif,mutual_info_sklearn,threshold,2,0.05,1,1.0,1.0,1.0,0.0,0.0,0.9625,0.07662204199004918
radial,nonlinear,classification,MID,difference,mean,mutual_info_classif,mutual_info_sklearn,threshold,2,0.1,1,1.0,1.0,1.0,0.0,0.0,0.9625,0.0759388750011567
radial,nonlinear,classification,MIQ,quotient,mean,mutual_info_classif,mutual_info_sklearn,fixed_k,1,,1,1.0,0.5,0.6666666666666666,0.0,0.0,0.7,0.07486670798971318
radial,nonlinear,classification,MIQ,quotient,mean,mutual_info_classif,mutual_info_sklearn,fixed_k,2,,1,0.5,0.5,0.5,0.0,0.5,0.7333333333333334,0.07390033299452625
radial,nonlinear,classification,MIQ,quotient,mean,mutual_info_classif,mutual_info_sklearn,fixed_k,5,,1,0.4,1.0,0.5714285714285715,0.0,0.4,0.9666666666666667,0.07708995800931007
radial,nonlinear,classification,MIQ,quotient,mean,mutual_info_classif,mutual_info_sklearn,threshold,8,0.0,1,0.25,1.0,0.4,0.0,0.625,0.9624999999999999,0.0843244580028113
radial,nonlinear,classification,MIQ,quotient,mean,mutual_info_classif,mutual_info_sklearn,threshold,5,0.05,1,0.4,1.0,0.5714285714285715,0.0,0.4,0.9666666666666667,0.07905904200742953
radial,nonlinear,classification,MIQ,quotient,mean,mutual_info_classif,mutual_info_sklearn,threshold,5,0.1,1,0.4,1.0,0.5714285714285715,0.0,0.4,0.9666666666666667,0.08156925000366755
radial,nonlinear,classification,MIFS,difference,sum,mutual_info_classif,mutual_info_sklearn,fixed_k,1,,1,1.0,0.5,0.6666666666666666,0.0,0.0,0.7,0.07580895800492726
radial,nonlinear,classification,MIFS,difference,sum,mutual_info_classif,mutual_info_sklearn,fixed_k,2,,1,1.0,1.0,1.0,0.0,0.0,0.9625,0.07702158301253803
radial,nonlinear,classification,MIFS,difference,sum,mutual_info_classif,mutual_info_sklearn,fixed_k,5,,1,0.4,1.0,0.5714285714285715,0.0,0.6,0.9458333333333333,0.07792087501729839
radial,nonlinear,classification,MIFS,difference,sum,mutual_info_classif,mutual_info_sklearn,threshold,3,0.0,1,0.6666666666666666,1.0,0.8,0.0,0.3333333333333333,0.9541666666666666,0.07726975000696257
radial,nonlinear,classification,MIFS,difference,sum,mutual_info_classif,mutual_info_sklearn,threshold,2,0.05,1,1.0,1.0,1.0,0.0,0.0,0.9625,0.07742466698982753
radial,nonlinear,classification,MIFS,difference,sum,mutual_info_classif,mutual_info_sklearn,threshold,2,0.1,1,1.0,1.0,1.0,0.0,0.0,0.9625,0.0760825419856701
radial,nonlinear,classification,FCD,difference,mean,f_classif,pearson_abs,fixed_k,1,,1,0.0,0.0,0.0,0.0,0.0,0.6875,0.008281791000626981
radial,nonlinear,classification,FCD,difference,mean,f_classif,pearson_abs,fixed_k,2,,1,0.0,0.0,0.0,0.0,0.5,0.7291666666666666,0.008333791978657246
radial,nonlinear,classification,FCD,difference,mean,f_classif,pearson_abs,fixed_k,5,,1,0.2,0.5,0.28571428571428575,0.0,0.6,0.7375,0.009544874978018925
radial,nonlinear,classification,FCD,difference,mean,f_classif,pearson_abs,threshold,5,0.0,1,0.2,0.5,0.28571428571428575,0.0,0.6,0.7375,0.010036750027211383
radial,nonlinear,classification,FCD,difference,mean,f_classif,pearson_abs,threshold,5,0.05,1,0.2,0.5,0.28571428571428575,0.0,0.6,0.7375,0.010096582991536707
radial,nonlinear,classification,FCD,difference,mean,f_classif,pearson_abs,threshold,5,0.1,1,0.2,0.5,0.28571428571428575,0.0,0.6,0.7375,0.010385541012510657
radial,nonlinear,classification,FCQ,quotient,mean,f_classif,pearson_abs,fixed_k,1,,1,0.0,0.0,0.0,0.0,0.0,0.6875,0.0074465840007178485
radial,nonlinear,classification,FCQ,quotient,mean,f_classif,pearson_abs,fixed_k,2,,1,0.0,0.0,0.0,0.0,0.5,0.7166666666666666,0.008408125024288893
radial,nonlinear,classification,FCQ,quotient,mean,f_classif,pearson_abs,fixed_k,5,,1,0.2,0.5,0.28571428571428575,0.0,0.6,0.7375,0.009774125006515533
radial,nonlinear,classification,FCQ,quotient,mean,f_classif,pearson_abs,threshold,8,0.0,1,0.25,1.0,0.4,0.0,0.625,0.9541666666666666,0.011633708025328815
radial,nonlinear,classification,FCQ,quotient,mean,f_classif,pearson_abs,threshold,8,0.05,1,0.25,1.0,0.4,0.0,0.625,0.9541666666666666,0.011998125002719462
radial,nonlinear,classification,FCQ,quotient,mean,f_classif,pearson_abs,threshold,8,0.1,1,0.25,1.0,0.4,0.0,0.625,0.9541666666666666,0.012301500013563782
radial,nonlinear,classification,ModMRMR,multiplicative,max,f_classif,pearson_abs,fixed_k,1,,1,0.0,0.0,0.0,0.0,0.0,0.6875,0.008235207991674542
radial,nonlinear,classification,ModMRMR,multiplicative,max,f_classif,pearson_abs,fixed_k,2,,1,0.0,0.0,0.0,0.0,0.5,0.7291666666666666,0.008515958004863933
radial,nonlinear,classification,ModMRMR,multiplicative,max,f_classif,pearson_abs,fixed_k,5,,1,0.2,0.5,0.28571428571428575,0.0,0.6,0.7375,0.010235374997137114
radial,nonlinear,classification,ModMRMR,multiplicative,max,f_classif,pearson_abs,threshold,8,0.0,1,0.25,1.0,0.4,0.0,0.625,0.9624999999999999,0.011808833020040765
radial,nonlinear,classification,ModMRMR,multiplicative,max,f_classif,pearson_abs,threshold,5,0.05,1,0.2,0.5,0.28571428571428575,0.0,0.6,0.7375,0.01090829199529253
radial,nonlinear,classification,ModMRMR,multiplicative,max,f_classif,pearson_abs,threshold,5,0.1,1,0.2,0.5,0.28571428571428575,0.0,0.6,0.7375,0.010737167001934722
radial,nonlinear,classification,ModMRMR_dcor,multiplicative,max,f_classif,distance_corr,fixed_k,1,,1,0.0,0.0,0.0,0.0,0.0,0.6875,0.015768040990224108
radial,nonlinear,classification,ModMRMR_dcor,multiplicative,max,f_classif,distance_corr,fixed_k,2,,1,0.0,0.0,0.0,0.0,0.5,0.7291666666666666,0.01647395800682716
radial,nonlinear,classification,ModMRMR_dcor,multiplicative,max,f_classif,distance_corr,fixed_k,5,,1,0.2,0.5,0.28571428571428575,0.0,0.6,0.7375,0.018105249997461215
radial,nonlinear,classification,ModMRMR_dcor,multiplicative,max,f_classif,distance_corr,threshold,8,0.0,1,0.25,1.0,0.4,0.0,0.625,0.9624999999999999,0.02009187499061227
radial,nonlinear,classification,ModMRMR_dcor,multiplicative,max,f_classif,distance_corr,threshold,5,0.05,1,0.2,0.5,0.28571428571428575,0.0,0.6,0.7375,0.018335417000344023
radial,nonlinear,classification,ModMRMR_dcor,multiplicative,max,f_classif,distance_corr,threshold,5,0.1,1,0.2,0.5,0.28571428571428575,0.0,0.6,0.7375,0.01797929100575857
radial,nonlinear,classification,skb_f,,,,,fixed_k,1,,1,0.0,0.0,0.0,0.0,0.0,0.6875,0.0002343749802093953
radial,nonlinear,classification,skb_f,,,,,fixed_k,2,,1,0.0,0.0,0.0,0.0,0.5,0.7291666666666666,0.00021670799469575286
radial,nonlinear,classification,skb_f,,,,,fixed_k,5,,1,0.2,0.5,0.28571428571428575,0.0,0.6,0.7458333333333333,0.00023816601606085896
radial,nonlinear,classification,skb_mi,,,,,fixed_k,1,,1,1.0,0.5,0.6666666666666666,0.0,0.0,0.7,0.006616124999709427
radial,nonlinear,classification,skb_mi,,,,,fixed_k,2,,1,0.5,0.5,0.5,0.0,0.0,0.7083333333333333,0.0066119160037487745
radial,nonlinear,classification,skb_mi,,,,,fixed_k,5,,1,0.4,1.0,0.5714285714285715,0.0,0.4,0.9624999999999999,0.006782834010664374
radial,nonlinear,classification,MID,difference,mean,mutual_info_classif,mutual_info_sklearn,fixed_k,1,,2,1.0,0.5,0.6666666666666666,0.0,0.0,0.6583333333333333,0.07657637499505654
radial,nonlinear,classification,MID,difference,mean,mutual_info_classif,mutual_info_sklearn,fixed_k,2,,2,1.0,1.0,1.0,0.0,0.0,0.9625,0.07452529200236313
radial,nonlinear,classification,MID,difference,mean,mutual_info_classif,mutual_info_sklearn,fixed_k,5,,2,0.4,1.0,0.5714285714285715,0.0,0.6,0.9375,0.07835108300787397
radial,nonlinear,classification,MID,difference,mean,mutual_info_classif,mutual_info_sklearn,threshold,3,0.0,2,0.6666666666666666,1.0,0.8,0.0,0.3333333333333333,0.95,0.07679229200584814
radial,nonlinear,classification,MID,difference,mean,mutual_info_classif,mutual_info_sklearn,threshold,2,0.05,2,1.0,1.0,1.0,0.0,0.0,0.9625,0.07686100000864826
radial,nonlinear,classification,MID,difference,mean,mutual_info_classif,mutual_info_sklearn,threshold,2,0.1,2,1.0,1.0,1.0,0.0,0.0,0.9625,0.07538366699009202
radial,nonlinear,classification,MIQ,quotient,mean,mutual_info_classif,mutual_info_sklearn,fixed_k,1,,2,1.0,0.5,0.6666666666666666,0.0,0.0,0.6583333333333333,0.07488262499100529
radial,nonlinear,classification,MIQ,quotient,mean,mutual_info_classif,mutual_info_sklearn,fixed_k,2,,2,1.0,1.0,1.0,0.0,0.0,0.9625,0.07575870800064877
radial,nonlinear,classification,MIQ,quotient,mean,mutual_info_classif,mutual_info_sklearn,fixed_k,5,,2,0.4,1.0,0.5714285714285715,0.0,0.4,0.975,0.07791166700189933
radial,nonlinear,classification,MIQ,quotient,mean,mutual_info_classif,mutual_info_sklearn,threshold,8,0.0,2,0.25,1.0,0.4,0.0,0.625,0.9625,0.0791621660173405
radial,nonlinear,classification,MIQ,quotient,mean,mutual_info_classif,mutual_info_sklearn,threshold,5,0.05,2,0.4,1.0,0.5714285714285715,0.0,0.4,0.975,0.0780869169975631
radial,nonlinear,classification,MIQ,quotient,mean,mutual_info_classif,mutual_info_sklearn,threshold,5,0.1,2,0.4,1.0,0.5714285714285715,0.0,0.4,0.975,0.0779440829937812
radial,nonlinear,classification,MIFS,difference,sum,mutual_info_classif,mutual_info_sklearn,fixed_k,1,,2,1.0,0.5,0.6666666666666666,0.0,0.0,0.6583333333333333,0.07528604101389647
radial,nonlinear,classification,MIFS,difference,sum,mutual_info_classif,mutual_info_sklearn,fixed_k,2,,2,1.0,1.0,1.0,0.0,0.0,0.9625,0.0756890419870615
radial,nonlinear,classification,MIFS,difference,sum,mutual_info_classif,mutual_info_sklearn,fixed_k,5,,2,0.4,1.0,0.5714285714285715,0.0,0.6,0.9416666666666667,0.078216916997917
radial,nonlinear,classification,MIFS,difference,sum,mutual_info_classif,mutual_info_sklearn,threshold,2,0.0,2,1.0,1.0,1.0,0.0,0.0,0.9625,0.07742870799847879
radial,nonlinear,classification,MIFS,difference,sum,mutual_info_classif,mutual_info_sklearn,threshold,2,0.05,2,1.0,1.0,1.0,0.0,0.0,0.9625,0.07678333399235271
radial,nonlinear,classification,MIFS,difference,sum,mutual_info_classif,mutual_info_sklearn,threshold,2,0.1,2,1.0,1.0,1.0,0.0,0.0,0.9625,0.0793581249890849
radial,nonlinear,classification,FCD,difference,mean,f_classif,pearson_abs,fixed_k,1,,2,0.0,0.0,0.0,0.0,0.0,0.6625000000000001,0.007954208995215595
radial,nonlinear,classification,FCD,difference,mean,f_classif,pearson_abs,fixed_k,2,,2,0.0,0.0,0.0,0.0,0.5,0.7541666666666667,0.008179875003406778
radial,nonlinear,classification,FCD,difference,mean,f_classif,pearson_abs,fixed_k,5,,2,0.0,0.0,0.0,0.0,0.8,0.7416666666666667,0.009739417000673711
radial,nonlinear,classification,FCD,difference,mean,f_classif,pearson_abs,threshold,8,0.0,2,0.25,1.0,0.4,0.0,0.625,0.9666666666666667,0.011007958004483953
radial,nonlinear,classification,FCD,difference,mean,f_classif,pearson_abs,threshold,8,0.05,2,0.25,1.0,0.4,0.0,0.625,0.9666666666666667,0.011041874997317791
radial,nonlinear,classification,FCD,difference,mean,f_classif,pearson_abs,threshold,8,0.1,2,0.25,1.0,0.4,0.0,0.625,0.9666666666666667,0.010649457981344312
radial,nonlinear,classification,FCQ,quotient,mean,f_classif,pearson_abs,fixed_k,1,,2,0.0,0.0,0.0,0.0,0.0,0.6625000000000001,0.007610625005327165
radial,nonlinear,classification,FCQ,quotient,mean,f_classif,pearson_abs,fixed_k,2,,2,0.0,0.0,0.0,0.0,0.5,0.7333333333333334,0.008097915997495875
radial,nonlinear,classification,FCQ,quotient,mean,f_classif,pearson_abs,fixed_k,5,,2,0.0,0.0,0.0,0.0,0.8,0.7291666666666666,0.010217125003691763
radial,nonlinear,classification,FCQ,quotient,mean,f_classif,pearson_abs,threshold,8,0.0,2,0.25,1.0,0.4,0.0,0.625,0.9666666666666666,0.012096624996047467
radial,nonlinear,classification,FCQ,quotient,mean,f_classif,pearson_abs,threshold,8,0.05,2,0.25,1.0,0.4,0.0,0.625,0.9666666666666666,0.011774209007853642
radial,nonlinear,classification,FCQ,quotient,mean,f_classif,pearson_abs,threshold,8,0.1,2,0.25,1.0,0.4,0.0,0.625,0.9666666666666666,0.011503541027195752
radial,nonlinear,classification,ModMRMR,multiplicative,max,f_classif,pearson_abs,fixed_k,1,,2,0.0,0.0,0.0,0.0,0.0,0.6625000000000001,0.007707917015068233
radial,nonlinear,classification,ModMRMR,multiplicative,max,f_classif,pearson_abs,fixed_k,2,,2,0.0,0.0,0.0,0.0,0.5,0.7541666666666667,0.008374625002034009
radial,nonlinear,classification,ModMRMR,multiplicative,max,f_classif,pearson_abs,fixed_k,5,,2,0.0,0.0,0.0,0.0,0.8,0.7416666666666667,0.01005779200932011
radial,nonlinear,classification,ModMRMR,multiplicative,max,f_classif,pearson_abs,threshold,8,0.0,2,0.25,1.0,0.4,0.0,0.625,0.9666666666666667,0.011872250004671514
radial,nonlinear,classification,ModMRMR,multiplicative,max,f_classif,pearson_abs,threshold,8,0.05,2,0.25,1.0,0.4,0.0,0.625,0.9666666666666667,0.011815583013230935
radial,nonlinear,classification,ModMRMR,multiplicative,max,f_classif,pearson_abs,threshold,8,0.1,2,0.25,1.0,0.4,0.0,0.625,0.9666666666666667,0.011633165995590389
radial,nonlinear,classification,ModMRMR_dcor,multiplicative,max,f_classif,distance_corr,fixed_k,1,,2,0.0,0.0,0.0,0.0,0.0,0.6625000000000001,0.015600000013364479
radial,nonlinear,classification,ModMRMR_dcor,multiplicative,max,f_classif,distance_corr,fixed_k,2,,2,0.0,0.0,0.0,0.0,0.5,0.7541666666666667,0.016270457999780774
radial,nonlinear,classification,ModMRMR_dcor,multiplicative,max,f_classif,distance_corr,fixed_k,5,,2,0.0,0.0,0.0,0.0,0.8,0.7416666666666667,0.018238207994727418
radial,nonlinear,classification,ModMRMR_dcor,multiplicative,max,f_classif,distance_corr,threshold,8,0.0,2,0.25,1.0,0.4,0.0,0.625,0.9625,0.01963983298628591
radial,nonlinear,classification,ModMRMR_dcor,multiplicative,max,f_classif,distance_corr,threshold,8,0.05,2,0.25,1.0,0.4,0.0,0.625,0.9625,0.01996454197796993
radial,nonlinear,classification,ModMRMR_dcor,multiplicative,max,f_classif,distance_corr,threshold,8,0.1,2,0.25,1.0,0.4,0.0,0.625,0.9625,0.019459959003143013
radial,nonlinear,classification,skb_f,,,,,fixed_k,1,,2,0.0,0.0,0.0,0.0,0.0,0.6625000000000001,0.00023274999693967402
radial,nonlinear,classification,skb_f,,,,,fixed_k,2,,2,0.0,0.0,0.0,0.0,0.5,0.75,0.0002443749981466681
radial,nonlinear,classification,skb_f,,,,,fixed_k,5,,2,0.0,0.0,0.0,0.0,0.8,0.7541666666666667,0.0002298339968547225
radial,nonlinear,classification,skb_mi,,,,,fixed_k,1,,2,1.0,0.5,0.6666666666666666,0.0,0.0,0.6583333333333333,0.0072373330185655504
radial,nonlinear,classification,skb_mi,,,,,fixed_k,2,,2,0.5,0.5,0.5,0.0,0.0,0.7083333333333333,0.006594999984372407
radial,nonlinear,classification,skb_mi,,,,,fixed_k,5,,2,0.4,1.0,0.5714285714285715,0.0,0.4,0.9833333333333334,0.00657266701455228
sine,nonlinear,regression,MID,difference,mean,mutual_info_sklearn,mutual_info_sklearn,fixed_k,1,,0,1.0,1.0,1.0,0.0,0.0,0.960164397057938,0.07685350000974722
sine,nonlinear,regression,MID,difference,mean,mutual_info_sklearn,mutual_info_sklearn,fixed_k,2,,0,0.5,1.0,0.6666666666666666,0.0,0.5,0.9622050468317027,0.07873383298283443
sine,nonlinear,regression,MID,difference,mean,mutual_info_sklearn,mutual_info_sklearn,fixed_k,5,,0,0.2,1.0,0.33333333333333337,0.0,0.6,0.9547833239167797,0.07947299999068491
sine,nonlinear,regression,MID,difference,mean,mutual_info_sklearn,mutual_info_sklearn,threshold,4,0.0,0,0.25,1.0,0.4,0.0,0.5,0.9579187061169344,0.10177062498405576
sine,nonlinear,regression,MID,difference,mean,mutual_info_sklearn,mutual_info_sklearn,threshold,1,0.05,0,1.0,1.0,1.0,0.0,0.0,0.960164397057938,0.07866749999811873
sine,nonlinear,regression,MID,difference,mean,mutual_info_sklearn,mutual_info_sklearn,threshold,1,0.1,0,1.0,1.0,1.0,0.0,0.0,0.960164397057938,0.07838299998547882
sine,nonlinear,regression,MIQ,quotient,mean,mutual_info_sklearn,mutual_info_sklearn,fixed_k,1,,0,1.0,1.0,1.0,0.0,0.0,0.960164397057938,0.07800354098435491
sine,nonlinear,regression,MIQ,quotient,mean,mutual_info_sklearn,mutual_info_sklearn,fixed_k,2,,0,0.5,1.0,0.6666666666666666,0.0,0.5,0.9622050468317027,0.07797366700833663
sine,nonlinear,regression,MIQ,quotient,mean,mutual_info_sklearn,mutual_info_sklearn,fixed_k,5,,0,0.2,1.0,0.33333333333333337,0.2,0.4,0.9596866023103262,0.0793978750007227
sine,nonlinear,regression,MIQ,quotient,mean,mutual_info_sklearn,mutual_info_sklearn,threshold,8,0.0,0,0.125,1.0,0.2222222222222222,0.125,0.625,0.9497403242704776,0.08136524999281392
sine,nonlinear,regression,MIQ,quotient,mean,mutual_info_sklearn,mutual_info_sklearn,threshold,6,0.05,0,0.16666666666666666,1.0,0.2857142857142857,0.16666666666666666,0.5,0.9577208149472355,0.08132054100860842
sine,nonlinear,regression,MIQ,quotient,mean,mutual_info_sklearn,mutual_info_sklearn,threshold,6,0.1,0,0.16666666666666666,1.0,0.2857142857142857,0.16666666666666666,0.5,0.9577208149472355,0.08154208300402388
sine,nonlinear,regression,MIFS,difference,sum,mutual_info_sklearn,mutual_info_sklearn,fixed_k,1,,0,1.0,1.0,1.0,0.0,0.0,0.960164397057938,0.07813441698090173
sine,nonlinear,regression,MIFS,difference,sum,mutual_info_sklearn,mutual_info_sklearn,fixed_k,2,,0,0.5,1.0,0.6666666666666666,0.0,0.5,0.9622050468317027,0.078611707984237
sine,nonlinear,regression,MIFS,difference,sum,mutual_info_sklearn,mutual_info_sklearn,fixed_k,5,,0,0.2,1.0,0.33333333333333337,0.0,0.8,0.9508171442382722,0.08044849999714643
sine,nonlinear,regression,MIFS,difference,sum,mutual_info_sklearn,mutual_info_sklearn,threshold,3,0.0,0,0.3333333333333333,1.0,0.5,0.0,0.6666666666666666,0.9578166121310165,0.07848462500260212
sine,nonlinear,regression,MIFS,difference,sum,mutual_info_sklearn,mutual_info_sklearn,threshold,1,0.05,0,1.0,1.0,1.0,0.0,0.0,0.960164397057938,0.07903004199033603
sine,nonlinear,regression,MIFS,difference,sum,mutual_info_sklearn,mutual_info_sklearn,threshold,1,0.1,0,1.0,1.0,1.0,0.0,0.0,0.960164397057938,0.07808420900255442
sine,nonlinear,regression,FCD,difference,mean,f_regression,pearson_abs,fixed_k,1,,0,0.0,0.0,0.0,0.0,1.0,-0.5103988322170103,0.007744291011476889
sine,nonlinear,regression,FCD,difference,mean,f_regression,pearson_abs,fixed_k,2,,0,0.0,0.0,0.0,0.0,1.0,-0.24818093495514493,0.008631666976725683
sine,nonlinear,regression,FCD,difference,mean,f_regression,pearson_abs,fixed_k,5,,0,0.2,1.0,0.33333333333333337,0.2,0.4,0.9580216529583367,0.009405707998666912
sine,nonlinear,regression,FCD,difference,mean,f_regression,pearson_abs,threshold,8,0.0,0,0.125,1.0,0.2222222222222222,0.125,0.625,0.950273963235692,0.010920625005383044
sine,nonlinear,regression,FCD,difference,mean,f_regression,pearson_abs,threshold,7,0.05,0,0.14285714285714285,1.0,0.25,0.14285714285714285,0.5714285714285714,0.9529615874000197,0.010717124998336658
sine,nonlinear,regression,FCD,difference,mean,f_regression,pearson_abs,threshold,6,0.1,0,0.16666666666666666,1.0,0.2857142857142857,0.16666666666666666,0.5,0.9535351987228583,0.010763541999040172
sine,nonlinear,regression,FCQ,quotient,mean,f_regression,pearson_abs,fixed_k,1,,0,0.0,0.0,0.0,0.0,1.0,-0.5103988322170103,0.007549166999524459
sine,nonlinear,regression,FCQ,quotient,mean,f_regression,pearson_abs,fixed_k,2,,0,0.0,0.0,0.0,0.0,1.0,-0.24818093495514493,0.008305458002723753
sine,nonlinear,regression,FCQ,quotient,mean,f_regression,pearson_abs,fixed_k,5,,0,0.2,1.0,0.33333333333333337,0.0,0.6,0.9514875223400496,0.010341791028622538
sine,nonlinear,regression,FCQ,quotient,mean,f_regression,pearson_abs,threshold,8,0.0,0,0.125,1.0,0.2222222222222222,0.125,0.625,0.9483107918658759,0.011970624997047707
sine,nonlinear,regression,FCQ,quotient,mean,f_regression,pearson_abs,threshold,8,0.05,0,0.125,1.0,0.2222222222222222,0.125,0.625,0.9483107918658759,0.011987832986051217
sine,nonlinear,regression,FCQ,quotient,mean,f_regression,pearson_abs,threshold,8,0.1,0,0.125,1.0,0.2222222222222222,0.125,0.625,0.9483107918658759,0.01168154098559171
sine,nonlinear,regression,ModMRMR,multiplicative,max,f_regression,pearson_abs,fixed_k,1,,0,0.0,0.0,0.0,0.0,1.0,-0.5103988322170103,0.007592999987537041
sine,nonlinear,regression,ModMRMR,multiplicative,max,f_regression,pearson_abs,fixed_k,2,,0,0.0,0.0,0.0,0.0,1.0,-0.24818093495514493,0.008382291998714209
sine,nonlinear,regression,ModMRMR,multiplicative,max,f_regression,pearson_abs,fixed_k,5,,0,0.2,1.0,0.33333333333333337,0.0,0.6,0.9514875223400496,0.010021207999670878
sine,nonlinear,regression,ModMRMR,multiplicative,max,f_regression,pearson_abs,threshold,8,0.0,0,0.125,1.0,0.2222222222222222,0.125,0.625,0.9475745524405903,0.012133040989283472
sine,nonlinear,regression,ModMRMR,multiplicative,max,f_regression,pearson_abs,threshold,6,0.05,0,0.16666666666666666,1.0,0.2857142857142857,0.0,0.6666666666666666,0.9514731431982753,0.01113254198571667
sine,nonlinear,regression,ModMRMR,multiplicative,max,f_regression,pearson_abs,threshold,6,0.1,0,0.16666666666666666,1.0,0.2857142857142857,0.0,0.6666666666666666,0.9514731431982753,0.011408374994061887
sine,nonlinear,regression,ModMRMR_dcor,multiplicative,max,f_regression,distance_corr,fixed_k,1,,0,0.0,0.0,0.0,0.0,1.0,-0.5103988322170103,0.015490666992263868
sine,nonlinear,regression,ModMRMR_dcor,multiplicative,max,f_regression,distance_corr,fixed_k,2,,0,0.0,0.0,0.0,0.0,1.0,-0.24818093495514493,0.016454582975711673
sine,nonlinear,regression,ModMRMR_dcor,multiplicative,max,f_regression,distance_corr,fixed_k,5,,0,0.2,1.0,0.33333333333333337,0.0,0.6,0.9531436017386289,0.01836595800705254
sine,nonlinear,regression,ModMRMR_dcor,multiplicative,max,f_regression,distance_corr,threshold,8,0.0,0,0.125,1.0,0.2222222222222222,0.125,0.625,0.9487758499977857,0.020113957987632602
sine,nonlinear,regression,ModMRMR_dcor,multiplicative,max,f_regression,distance_corr,threshold,6,0.05,0,0.16666666666666666,1.0,0.2857142857142857,0.0,0.6666666666666666,0.9521046995049509,0.01927158297621645
sine,nonlinear,regression,ModMRMR_dcor,multiplicative,max,f_regression,distance_corr,threshold,6,0.1,0,0.16666666666666666,1.0,0.2857142857142857,0.0,0.6666666666666666,0.9521046995049509,0.019352290983079
sine,nonlinear,regression,skb_f,,,,,fixed_k,1,,0,0.0,0.0,0.0,0.0,1.0,-0.5103988322170103,0.00033466698369011283
sine,nonlinear,regression,skb_f,,,,,fixed_k,2,,0,0.0,0.0,0.0,0.0,1.0,-0.25199595236801065,0.00022458299645222723
sine,nonlinear,regression,skb_f,,,,,fixed_k,5,,0,0.2,1.0,0.33333333333333337,0.2,0.4,0.9570177643638157,0.0002343749802093953
sine,nonlinear,regression,skb_mi,,,,,fixed_k,1,,0,1.0,1.0,1.0,0.0,0.0,0.960164397057938,0.007805917004588991
sine,nonlinear,regression,skb_mi,,,,,fixed_k,2,,0,0.5,1.0,0.6666666666666666,0.0,0.0,0.96142568174684,0.007752250006888062
sine,nonlinear,regression,skb_mi,,,,,fixed_k,5,,0,0.2,1.0,0.33333333333333337,0.2,0.4,0.9590854638625158,0.007626709004398435
sine,nonlinear,regression,MID,difference,mean,mutual_info_sklearn,mutual_info_sklearn,fixed_k,1,,1,1.0,1.0,1.0,0.0,0.0,0.9711624891244287,0.07749841699842364
sine,nonlinear,regression,MID,difference,mean,mutual_info_sklearn,mutual_info_sklearn,fixed_k,2,,1,0.5,1.0,0.6666666666666666,0.0,0.5,0.959257949031145,0.07859345801989548
sine,nonlinear,regression,MID,difference,mean,mutual_info_sklearn,mutual_info_sklearn,fixed_k,5,,1,0.2,1.0,0.33333333333333337,0.0,0.6,0.9413279750281844,0.07971729099517688
sine,nonlinear,regression,MID,difference,mean,mutual_info_sklearn,mutual_info_sklearn,threshold,2,0.0,1,0.5,1.0,0.6666666666666666,0.0,0.5,0.959257949031145,0.08626512499176897
sine,nonlinear,regression,MID,difference,mean,mutual_info_sklearn,mutual_info_sklearn,threshold,2,0.05,1,0.5,1.0,0.6666666666666666,0.0,0.5,0.959257949031145,0.0779690419731196
sine,nonlinear,regression,MID,difference,mean,mutual_info_sklearn,mutual_info_sklearn,threshold,1,0.1,1,1.0,1.0,1.0,0.0,0.0,0.9711624891244287,0.07812070799991488
sine,nonlinear,regression,MIQ,quotient,mean,mutual_info_sklearn,mutual_info_sklearn,fixed_k,1,,1,1.0,1.0,1.0,0.0,0.0,0.9711624891244287,0.07754120798199438
sine,nonlinear,regression,MIQ,quotient,mean,mutual_info_sklearn,mutual_info_sklearn,fixed_k,2,,1,0.5,1.0,0.6666666666666666,0.0,0.5,0.959257949031145,0.07787633300176822
sine,nonlinear,regression,MIQ,quotient,mean,mutual_info_sklearn,mutual_info_sklearn,fixed_k,5,,1,0.2,1.0,0.33333333333333337,0.2,0.4,0.9437555289585108,0.08002841600682586
sine,nonlinear,regression,MIQ,quotient,mean,mutual_info_sklearn,mutual_info_sklearn,threshold,8,0.0,1,0.125,1.0,0.2222222222222222,0.125,0.625,0.9266897736088892,0.08466220900299959
sine,nonlinear,regression,MIQ,quotient,mean,mutual_info_sklearn,mutual_info_sklearn,threshold,5,0.05,1,0.2,1.0,0.33333333333333337,0.2,0.4,0.9437555289585108,0.08045704200048931
sine,nonlinear,regression,MIQ,quotient,mean,mutual_info_sklearn,mutual_info_sklearn,threshold,5,0.1,1,0.2,1.0,0.33333333333333337,0.2,0.4,0.9437555289585108,0.08168420800939202
sine,nonlinear,regression,MIFS,difference,sum,mutual_info_sklearn,mutual_info_sklearn,fixed_k,1,,1,1.0,1.0,1.0,0.0,0.0,0.9711624891244287,0.0785956250037998
sine,nonlinear,regression,MIFS,difference,sum,mutual_info_sklearn,mutual_info_sklearn,fixed_k,2,,1,0.5,1.0,0.6666666666666666,0.0,0.5,0.959257949031145,0.07901700001093559
sine,nonlinear,regression,MIFS,difference,sum,mutual_info_sklearn,mutual_info_sklearn,fixed_k,5,,1,0.2,1.0,0.33333333333333337,0.0,0.8,0.9284777507310338,0.08087920901016332
sine,nonlinear,regression,MIFS,difference,sum,mutual_info_sklearn,mutual_info_sklearn,threshold,2,0.0,1,0.5,1.0,0.6666666666666666,0.0,0.5,0.959257949031145,0.07939137498033233
sine,nonlinear,regression,MIFS,difference,sum,mutual_info_sklearn,mutual_info_sklearn,threshold,2,0.05,1,0.5,1.0,0.6666666666666666,0.0,0.5,0.959257949031145,0.0776132500031963
sine,nonlinear,regression,MIFS,difference,sum,mutual_info_sklearn,mutual_info_sklearn,threshold,1,0.1,1,1.0,1.0,1.0,0.0,0.0,0.9711624891244287,0.08066124998731539
sine,nonlinear,regression,FCD,difference,mean,f_regression,pearson_abs,fixed_k,1,,1,0.0,0.0,0.0,0.0,1.0,-0.2751227232479476,0.007873583992477506
sine,nonlinear,regression,FCD,difference,mean,f_regression,pearson_abs,fixed_k,2,,1,0.0,0.0,0.0,0.0,0.5,-0.16683926898628298,0.008449749991996214
sine,nonlinear,regression,FCD,difference,mean,f_regression,pearson_abs,fixed_k,5,,1,0.2,1.0,0.33333333333333337,0.0,0.6,0.9373438330687538,0.009583957988070324
sine,nonlinear,regression,FCD,difference,mean,f_regression,pearson_abs,threshold,8,0.0,1,0.125,1.0,0.2222222222222222,0.125,0.625,0.926976783397454,0.011043542006518692
sine,nonlinear,regression,FCD,difference,mean,f_regression,pearson_abs,threshold,7,0.05,1,0.14285714285714285,1.0,0.25,0.14285714285714285,0.5714285714285714,0.9324488111643491,0.024266374995931983
sine,nonlinear,regression,FCD,difference,mean,f_regression,pearson_abs,threshold,7,0.1,1,0.14285714285714285,1.0,0.25,0.14285714285714285,0.5714285714285714,0.9324488111643491,0.011146999982884154
sine,nonlinear,regression,FCQ,quotient,mean,f_regression,pearson_abs,fixed_k,1,,1,0.0,0.0,0.0,0.0,1.0,-0.2751227232479476,0.007516540994402021
sine,nonlinear,regression,FCQ,quotient,mean,f_regression,pearson_abs,fixed_k,2,,1,0.0,0.0,0.0,0.0,1.0,-0.12204394252873385,0.008658791979542002
sine,nonlinear,regression,FCQ,quotient,mean,f_regression,pearson_abs,fixed_k,5,,1,0.2,1.0,0.33333333333333337,0.0,0.6,0.9412801732257872,0.00992412498453632
sine,nonlinear,regression,FCQ,quotient,mean,f_regression,pearson_abs,threshold,8,0.0,1,0.125,1.0,0.2222222222222222,0.125,0.625,0.9243706160682201,0.011911084002349526
sine,nonlinear,regression,FCQ,quotient,mean,f_regression,pearson_abs,threshold,8,0.05,1,0.125,1.0,0.2222222222222222,0.125,0.625,0.9243706160682201,0.011831042007543147
sine,nonlinear,regression,FCQ,quotient,mean,f_regression,pearson_abs,threshold,8,0.1,1,0.125,1.0,0.2222222222222222,0.125,0.625,0.9243706160682201,0.01159425001242198
sine,nonlinear,regression,ModMRMR,multiplicative,max,f_regression,pearson_abs,fixed_k,1,,1,0.0,0.0,0.0,0.0,1.0,-0.2751227232479476,0.007661916984943673
sine,nonlinear,regression,ModMRMR,multiplicative,max,f_regression,pearson_abs,fixed_k,2,,1,0.0,0.0,0.0,0.0,0.5,-0.16683926898628298,0.008529999991878867
sine,nonlinear,regression,ModMRMR,multiplicative,max,f_regression,pearson_abs,fixed_k,5,,1,0.2,1.0,0.33333333333333337,0.0,0.6,0.9373438330687538,0.009872249996988103
sine,nonlinear,regression,ModMRMR,multiplicative,max,f_regression,pearson_abs,threshold,8,0.0,1,0.125,1.0,0.2222222222222222,0.125,0.625,0.9278606811545153,0.01199370899121277
sine,nonlinear,regression,ModMRMR,multiplicative,max,f_regression,pearson_abs,threshold,7,0.05,1,0.14285714285714285,1.0,0.25,0.0,0.7142857142857143,0.9253357478313167,0.012135458004195243
sine,nonlinear,regression,ModMRMR,multiplicative,max,f_regression,pearson_abs,threshold,6,0.1,1,0.16666666666666666,1.0,0.2857142857142857,0.0,0.6666666666666666,0.9310976166847582,0.01129145800950937
sine,nonlinear,regression,ModMRMR_dcor,multiplicative,max,f_regression,distance_corr,fixed_k,1,,1,0.0,0.0,0.0,0.0,1.0,-0.2751227232479476,0.01598141700378619
sine,nonlinear,regression,ModMRMR_dcor,multiplicative,max,f_regression,distance_corr,fixed_k,2,,1,0.0,0.0,0.0,0.0,0.5,-0.16683926898628298,0.016609416983556002
sine,nonlinear,regression,ModMRMR_dcor,multiplicative,max,f_regression,distance_corr,fixed_k,5,,1,0.0,0.0,0.0,0.0,0.8,-0.01772601664417084,0.018174875003751367
sine,nonlinear,regression,ModMRMR_dcor,multiplicative,max,f_regression,distance_corr,threshold,8,0.0,1,0.125,1.0,0.2222222222222222,0.125,0.625,0.9268099858129996,0.0201922080013901
sine,nonlinear,regression,ModMRMR_dcor,multiplicative,max,f_regression,distance_corr,threshold,7,0.05,1,0.14285714285714285,1.0,0.25,0.0,0.7142857142857143,0.9242301139695058,0.02039758299360983
sine,nonlinear,regression,ModMRMR_dcor,multiplicative,max,f_regression,distance_corr,threshold,6,0.1,1,0.16666666666666666,1.0,0.2857142857142857,0.0,0.6666666666666666,0.9308637909212476,0.019192459003534168
sine,nonlinear,regression,skb_f,,,,,fixed_k,1,,1,0.0,0.0,0.0,0.0,1.0,-0.2751227232479476,0.0002655420103110373
sine,nonlinear,regression,skb_f,,,,,fixed_k,2,,1,0.0,0.0,0.0,0.0,0.5,-0.17219691676041915,0.00025174999609589577
sine,nonlinear,regression,skb_f,,,,,fixed_k,5,,1,0.2,1.0,0.33333333333333337,0.2,0.4,0.9462438156047825,0.00027091699303127825
sine,nonlinear,regression,skb_mi,,,,,fixed_k,1,,1,1.0,1.0,1.0,0.0,0.0,0.9711624891244287,0.007822749990737066
sine,nonlinear,regression,skb_mi,,,,,fixed_k,2,,1,0.5,1.0,0.6666666666666666,0.0,0.0,0.9714810413659767,0.007940708979731426
sine,nonlinear,regression,skb_mi,,,,,fixed_k,5,,1,0.2,1.0,0.33333333333333337,0.2,0.4,0.9439486492650796,0.007827207999071106
sine,nonlinear,regression,MID,difference,mean,mutual_info_sklearn,mutual_info_sklearn,fixed_k,1,,2,1.0,1.0,1.0,0.0,0.0,0.96749276210295,0.07873816601932049
sine,nonlinear,regression,MID,difference,mean,mutual_info_sklearn,mutual_info_sklearn,fixed_k,2,,2,0.5,1.0,0.6666666666666666,0.0,0.5,0.9686939387811564,0.07935225000255741
sine,nonlinear,regression,MID,difference,mean,mutual_info_sklearn,mutual_info_sklearn,fixed_k,5,,2,0.2,1.0,0.33333333333333337,0.0,0.6,0.9649620232677383,0.07971166601055302
sine,nonlinear,regression,MID,difference,mean,mutual_info_sklearn,mutual_info_sklearn,threshold,2,0.0,2,0.5,1.0,0.6666666666666666,0.0,0.5,0.9686939387811564,0.07841375001589768
sine,nonlinear,regression,MID,difference,mean,mutual_info_sklearn,mutual_info_sklearn,threshold,1,0.05,2,1.0,1.0,1.0,0.0,0.0,0.96749276210295,0.07813499998883344
sine,nonlinear,regression,MID,difference,mean,mutual_info_sklearn,mutual_info_sklearn,threshold,1,0.1,2,1.0,1.0,1.0,0.0,0.0,0.96749276210295,0.07830029199249111
sine,nonlinear,regression,MIQ,quotient,mean,mutual_info_sklearn,mutual_info_sklearn,fixed_k,1,,2,1.0,1.0,1.0,0.0,0.0,0.96749276210295,0.07755699998233467
sine,nonlinear,regression,MIQ,quotient,mean,mutual_info_sklearn,mutual_info_sklearn,fixed_k,2,,2,0.5,1.0,0.6666666666666666,0.0,0.5,0.9686939387811564,0.078976832999615
sine,nonlinear,regression,MIQ,quotient,mean,mutual_info_sklearn,mutual_info_sklearn,fixed_k,5,,2,0.2,1.0,0.33333333333333337,0.2,0.4,0.9683244544588918,0.08012966701062396
sine,nonlinear,regression,MIQ,quotient,mean,mutual_info_sklearn,mutual_info_sklearn,threshold,8,0.0,2,0.125,1.0,0.2222222222222222,0.125,0.625,0.9659949880558621,0.08224066701950505
sine,nonlinear,regression,MIQ,quotient,mean,mutual_info_sklearn,mutual_info_sklearn,threshold,5,0.05,2,0.2,1.0,0.33333333333333337,0.2,0.4,0.9683244544588918,0.08091041698935442
sine,nonlinear,regression,MIQ,quotient,mean,mutual_info_sklearn,mutual_info_sklearn,threshold,5,0.1,2,0.2,1.0,0.33333333333333337,0.2,0.4,0.9683244544588918,0.07971379099762999
sine,nonlinear,regression,MIFS,difference,sum,mutual_info_sklearn,mutual_info_sklearn,fixed_k,1,,2,1.0,1.0,1.0,0.0,0.0,0.96749276210295,0.07761604199185967
sine,nonlinear,regression,MIFS,difference,sum,mutual_info_sklearn,mutual_info_sklearn,fixed_k,2,,2,0.5,1.0,0.6666666666666666,0.0,0.5,0.9686939387811564,0.0781312080216594
sine,nonlinear,regression,MIFS,difference,sum,mutual_info_sklearn,mutual_info_sklearn,fixed_k,5,,2,0.2,1.0,0.33333333333333337,0.0,0.8,0.9669679136073766,0.08075079199625179
sine,nonlinear,regression,MIFS,difference,sum,mutual_info_sklearn,mutual_info_sklearn,threshold,2,0.0,2,0.5,1.0,0.6666666666666666,0.0,0.5,0.9686939387811564,0.07980058298562653
sine,nonlinear,regression,MIFS,difference,sum,mutual_info_sklearn,mutual_info_sklearn,threshold,1,0.05,2,1.0,1.0,1.0,0.0,0.0,0.96749276210295,0.07798858298338018
sine,nonlinear,regression,MIFS,difference,sum,mutual_info_sklearn,mutual_info_sklearn,threshold,1,0.1,2,1.0,1.0,1.0,0.0,0.0,0.96749276210295,0.07859704198199324
sine,nonlinear,regression,FCD,difference,mean,f_regression,pearson_abs,fixed_k,1,,2,0.0,0.0,0.0,0.0,1.0,-0.49025428876533517,0.007832915987819433
sine,nonlinear,regression,FCD,difference,mean,f_regression,pearson_abs,fixed_k,2,,2,0.0,0.0,0.0,0.0,1.0,-0.3254780166411104,0.00825454099685885
sine,nonlinear,regression,FCD,difference,mean,f_regression,pearson_abs,fixed_k,5,,2,0.2,1.0,0.33333333333333337,0.0,0.6,0.9698936472300745,0.00972937498590909
sine,nonlinear,regression,FCD,difference,mean,f_regression,pearson_abs,threshold,8,0.0,2,0.125,1.0,0.2222222222222222,0.125,0.625,0.9660141708742999,0.01144829101394862
sine,nonlinear,regression,FCD,difference,mean,f_regression,pearson_abs,threshold,6,0.05,2,0.16666666666666666,1.0,0.2857142857142857,0.0,0.6666666666666666,0.9682441950648796,0.010374832985689864
sine,nonlinear,regression,FCD,difference,mean,f_regression,pearson_abs,threshold,5,0.1,2,0.2,1.0,0.33333333333333337,0.0,0.6,0.9698936472300745,0.010407291003502905
sine,nonlinear,regression,FCQ,quotient,mean,f_regression,pearson_abs,fixed_k,1,,2,0.0,0.0,0.0,0.0,1.0,-0.49025428876533517,0.007698666013311595
sine,nonlinear,regression,FCQ,quotient,mean,f_regression,pearson_abs,fixed_k,2,,2,0.0,0.0,0.0,0.0,0.5,-0.24002879203691108,0.008681625011377037
sine,nonlinear,regression,FCQ,quotient,mean,f_regression,pearson_abs,fixed_k,5,,2,0.2,1.0,0.33333333333333337,0.0,0.6,0.9706295541085774,0.010370624979259446
sine,nonlinear,regression,FCQ,quotient,mean,f_regression,pearson_abs,threshold,8,0.0,2,0.125,1.0,0.2222222222222222,0.125,0.625,0.9663234223402734,0.011842165986308828
sine,nonlinear,regression,FCQ,quotient,mean,f_regression,pearson_abs,threshold,8,0.05,2,0.125,1.0,0.2222222222222222,0.125,0.625,0.9663234223402734,0.011685250006848946
sine,nonlinear,regression,FCQ,quotient,mean,f_regression,pearson_abs,threshold,8,0.1,2,0.125,1.0,0.2222222222222222,0.125,0.625,0.9663234223402734,0.01188937498955056
sine,nonlinear,regression,ModMRMR,multiplicative,max,f_regression,pearson_abs,fixed_k,1,,2,0.0,0.0,0.0,0.0,1.0,-0.49025428876533517,0.007683374977204949
sine,nonlinear,regression,ModMRMR,multiplicative,max,f_regression,pearson_abs,fixed_k,2,,2,0.0,0.0,0.0,0.0,1.0,-0.3254780166411104,0.008300499990582466
sine,nonlinear,regression,ModMRMR,multiplicative,max,f_regression,pearson_abs,fixed_k,5,,2,0.2,1.0,0.33333333333333337,0.0,0.6,0.9698936472300745,0.010181749996263534
sine,nonlinear,regression,ModMRMR,multiplicative,max,f_regression,pearson_abs,threshold,8,0.0,2,0.125,1.0,0.2222222222222222,0.125,0.625,0.9664532657865509,0.011796083999797702
sine,nonlinear,regression,ModMRMR,multiplicative,max,f_regression,pearson_abs,threshold,7,0.05,2,0.14285714285714285,1.0,0.25,0.0,0.7142857142857143,0.9667599119517731,0.011971875006565824
sine,nonlinear,regression,ModMRMR,multiplicative,max,f_regression,pearson_abs,threshold,6,0.1,2,0.16666666666666666,1.0,0.2857142857142857,0.0,0.6666666666666666,0.9682441950648796,0.011588332999963313
sine,nonlinear,regression,ModMRMR_dcor,multiplicative,max,f_regression,distance_corr,fixed_k,1,,2,0.0,0.0,0.0,0.0,1.0,-0.49025428876533517,0.016012042004149407
sine,nonlinear,regression,ModMRMR_dcor,multiplicative,max,f_regression,distance_corr,fixed_k,2,,2,0.0,0.0,0.0,0.0,1.0,-0.3254780166411104,0.01603008300298825
sine,nonlinear,regression,ModMRMR_dcor,multiplicative,max,f_regression,distance_corr,fixed_k,5,,2,0.2,1.0,0.33333333333333337,0.0,0.6,0.9702763445871959,0.018640417023561895
sine,nonlinear,regression,ModMRMR_dcor,multiplicative,max,f_regression,distance_corr,threshold,8,0.0,2,0.125,1.0,0.2222222222222222,0.125,0.625,0.9660088315244539,0.02017945802072063
sine,nonlinear,regression,ModMRMR_dcor,multiplicative,max,f_regression,distance_corr,threshold,7,0.05,2,0.14285714285714285,1.0,0.25,0.0,0.7142857142857143,0.9667776017324311,0.02020300002186559
sine,nonlinear,regression,ModMRMR_dcor,multiplicative,max,f_regression,distance_corr,threshold,5,0.1,2,0.2,1.0,0.33333333333333337,0.0,0.6,0.9702763445871959,0.01884208299452439
sine,nonlinear,regression,skb_f,,,,,fixed_k,1,,2,0.0,0.0,0.0,0.0,1.0,-0.49025428876533517,0.00026316600269638
sine,nonlinear,regression,skb_f,,,,,fixed_k,2,,2,0.0,0.0,0.0,0.0,1.0,-0.31278477474559185,0.00023712500114925206
sine,nonlinear,regression,skb_f,,,,,fixed_k,5,,2,0.2,1.0,0.33333333333333337,0.2,0.4,0.9701236986252749,0.00023274999693967402
sine,nonlinear,regression,skb_mi,,,,,fixed_k,1,,2,1.0,1.0,1.0,0.0,0.0,0.96749276210295,0.007794959004968405
sine,nonlinear,regression,skb_mi,,,,,fixed_k,2,,2,0.5,1.0,0.6666666666666666,0.0,0.0,0.9673909909032381,0.0077097500034142286
sine,nonlinear,regression,skb_mi,,,,,fixed_k,5,,2,0.2,1.0,0.33333333333333337,0.2,0.4,0.9692741497118379,0.007787292008288205
nonlin_redundancy_clf,mixed,classification,MID,difference,mean,mutual_info_classif,mutual_info_sklearn,fixed_k,1,,0,1.0,1.0,1.0,0.0,0.0,0.8576195773081201,0.06471179198706523
nonlin_redundancy_clf,mixed,classification,MID,difference,mean,mutual_info_classif,mutual_info_sklearn,fixed_k,2,,0,0.5,1.0,0.6666666666666666,0.0,0.5,0.9122636262513903,0.05959516600705683
nonlin_redundancy_clf,mixed,classification,MID,difference,mean,mutual_info_classif,mutual_info_sklearn,fixed_k,5,,0,0.2,1.0,0.33333333333333337,0.0,0.8,0.903642936596218,0.06258962498395704
nonlin_redundancy_clf,mixed,classification,MID,difference,mean,mutual_info_classif,mutual_info_sklearn,threshold,3,0.0,0,0.3333333333333333,1.0,0.5,0.0,0.6666666666666666,0.8912680756395995,0.059665000007953495
nonlin_redundancy_clf,mixed,classification,MID,difference,mean,mutual_info_classif,mutual_info_sklearn,threshold,2,0.05,0,0.5,1.0,0.6666666666666666,0.0,0.5,0.9122636262513903,0.059668875008355826
nonlin_redundancy_clf,mixed,classification,MID,difference,mean,mutual_info_classif,mutual_info_sklearn,threshold,1,0.1,0,1.0,1.0,1.0,0.0,0.0,0.8576195773081201,0.05864270799793303
nonlin_redundancy_clf,mixed,classification,MIQ,quotient,mean,mutual_info_classif,mutual_info_sklearn,fixed_k,1,,0,1.0,1.0,1.0,0.0,0.0,0.8576195773081201,0.057921749976230785
nonlin_redundancy_clf,mixed,classification,MIQ,quotient,mean,mutual_info_classif,mutual_info_sklearn,fixed_k,2,,0,0.5,1.0,0.6666666666666666,0.0,0.5,0.9122636262513903,0.05872425000416115
nonlin_redundancy_clf,mixed,classification,MIQ,quotient,mean,mutual_info_classif,mutual_info_sklearn,fixed_k,5,,0,0.2,1.0,0.33333333333333337,0.0,0.8,0.9079532814238043,0.06075674999738112
nonlin_redundancy_clf,mixed,classification,MIQ,quotient,mean,mutual_info_classif,mutual_info_sklearn,threshold,7,0.0,0,0.14285714285714285,1.0,0.25,0.0,0.7142857142857143,0.9122636262513903,0.0612150419910904
nonlin_redundancy_clf,mixed,classification,MIQ,quotient,mean,mutual_info_classif,mutual_info_sklearn,threshold,3,0.05,0,0.3333333333333333,1.0,0.5,0.0,0.6666666666666666,0.9085094549499444,0.05975554100587033
nonlin_redundancy_clf,mixed,classification,MIQ,quotient,mean,mutual_info_classif,mutual_info_sklearn,threshold,3,0.1,0,0.3333333333333333,1.0,0.5,0.0,0.6666666666666666,0.9085094549499444,0.05985579200205393
nonlin_redundancy_clf,mixed,classification,MIFS,difference,sum,mutual_info_classif,mutual_info_sklearn,fixed_k,1,,0,1.0,1.0,1.0,0.0,0.0,0.8576195773081201,0.058582665980793536
nonlin_redundancy_clf,mixed,classification,MIFS,difference,sum,mutual_info_classif,mutual_info_sklearn,fixed_k,2,,0,0.5,1.0,0.6666666666666666,0.0,0.5,0.9122636262513903,0.05858633297611959
nonlin_redundancy_clf,mixed,classification,MIFS,difference,sum,mutual_info_classif,mutual_info_sklearn,fixed_k,5,,0,0.2,1.0,0.33333333333333337,0.0,0.8,0.9076751946607342,0.05910391701036133
nonlin_redundancy_clf,mixed,classification,MIFS,difference,sum,mutual_info_classif,mutual_info_sklearn,threshold,3,0.0,0,0.3333333333333333,1.0,0.5,0.0,0.6666666666666666,0.8912680756395995,0.05987479200121015
nonlin_redundancy_clf,mixed,classification,MIFS,difference,sum,mutual_info_classif,mutual_info_sklearn,threshold,2,0.05,0,0.5,1.0,0.6666666666666666,0.0,0.5,0.9122636262513903,0.05904037499567494
nonlin_redundancy_clf,mixed,classification,MIFS,difference,sum,mutual_info_classif,mutual_info_sklearn,threshold,1,0.1,0,1.0,1.0,1.0,0.0,0.0,0.8576195773081201,0.05846045899670571
nonlin_redundancy_clf,mixed,classification,FCD,difference,mean,f_classif,pearson_abs,fixed_k,1,,0,1.0,1.0,1.0,0.0,0.0,0.8576195773081201,0.006115416996181011
nonlin_redundancy_clf,mixed,classification,FCD,difference,mean,f_classif,pearson_abs,fixed_k,2,,0,0.5,1.0,0.6666666666666666,0.0,0.0,0.9068409343715239,0.006475542002590373
nonlin_redundancy_clf,mixed,classification,FCD,difference,mean,f_classif,pearson_abs,fixed_k,5,,0,0.2,1.0,0.33333333333333337,0.0,0.6,0.9079532814238043,0.007852041017031297
nonlin_redundancy_clf,mixed,classification,FCD,difference,mean,f_classif,pearson_abs,threshold,6,0.0,0,0.16666666666666666,1.0,0.2857142857142857,0.0,0.6666666666666666,0.9082313681868743,0.008886583003913984
nonlin_redundancy_clf,mixed,classification,FCD,difference,mean,f_classif,pearson_abs,threshold,4,0.05,0,0.25,1.0,0.4,0.0,0.5,0.903921023359288,0.009366124984808266
nonlin_redundancy_clf,mixed,classification,FCD,difference,mean,f_classif,pearson_abs,threshold,4,0.1,0,0.25,1.0,0.4,0.0,0.5,0.903921023359288,0.007710417005000636
nonlin_redundancy_clf,mixed,classification,FCQ,quotient,mean,f_classif,pearson_abs,fixed_k,1,,0,1.0,1.0,1.0,0.0,0.0,0.8576195773081201,0.006082708016037941
nonlin_redundancy_clf,mixed,classification,FCQ,quotient,mean,f_classif,pearson_abs,fixed_k,2,,0,0.5,1.0,0.6666666666666666,0.0,0.5,0.8912680756395995,0.0070220000052358955
nonlin_redundancy_clf,mixed,classification,FCQ,quotient,mean,f_classif,pearson_abs,fixed_k,5,,0,0.2,1.0,0.33333333333333337,0.0,0.6,0.9079532814238043,0.008488916995702311
nonlin_redundancy_clf,mixed,classification,FCQ,quotient,mean,f_classif,pearson_abs,threshold,7,0.0,0,0.14285714285714285,1.0,0.25,0.0,0.7142857142857143,0.9206062291434928,0.009581749996868894
nonlin_redundancy_clf,mixed,classification,FCQ,quotient,mean,f_classif,pearson_abs,threshold,6,0.05,0,0.16666666666666666,1.0,0.2857142857142857,0.0,0.6666666666666666,0.903921023359288,0.009676082991063595
nonlin_redundancy_clf,mixed,classification,FCQ,quotient,mean,f_classif,pearson_abs,threshold,6,0.1,0,0.16666666666666666,1.0,0.2857142857142857,0.0,0.6666666666666666,0.903921023359288,0.009547958994517103
nonlin_redundancy_clf,mixed,classification,ModMRMR,multiplicative,max,f_classif,pearson_abs,fixed_k,1,,0,1.0,1.0,1.0,0.0,0.0,0.8576195773081201,0.006456041999626905
nonlin_redundancy_clf,mixed,classification,ModMRMR,multiplicative,max,f_classif,pearson_abs,fixed_k,2,,0,0.5,1.0,0.6666666666666666,0.0,0.0,0.9068409343715239,0.0068283340078778565
nonlin_redundancy_clf,mixed,classification,ModMRMR,multiplicative,max,f_classif,pearson_abs,fixed_k,5,,0,0.2,1.0,0.33333333333333337,0.0,0.6,0.9079532814238043,0.008681040984811261
nonlin_redundancy_clf,mixed,classification,ModMRMR,multiplicative,max,f_classif,pearson_abs,threshold,7,0.0,0,0.14285714285714285,1.0,0.25,0.0,0.7142857142857143,0.9122636262513903,0.009794332989258692
nonlin_redundancy_clf,mixed,classification,ModMRMR,multiplicative,max,f_classif,pearson_abs,threshold,6,0.05,0,0.16666666666666666,1.0,0.2857142857142857,0.0,0.6666666666666666,0.9082313681868743,0.009773540979949757
nonlin_redundancy_clf,mixed,classification,ModMRMR,multiplicative,max,f_classif,pearson_abs,threshold,4,0.1,0,0.25,1.0,0.4,0.0,0.5,0.903921023359288,0.008520208008121699
nonlin_redundancy_clf,mixed,classification,ModMRMR_dcor,multiplicative,max,f_classif,distance_corr,fixed_k,1,,0,1.0,1.0,1.0,0.0,0.0,0.8576195773081201,0.012447082990547642
nonlin_redundancy_clf,mixed,classification,ModMRMR_dcor,multiplicative,max,f_classif,distance_corr,fixed_k,2,,0,0.5,1.0,0.6666666666666666,0.0,0.0,0.9068409343715239,0.013131332991179079
nonlin_redundancy_clf,mixed,classification,ModMRMR_dcor,multiplicative,max,f_classif,distance_corr,fixed_k,5,,0,0.2,1.0,0.33333333333333337,0.0,0.6,0.9079532814238043,0.01510795799549669
nonlin_redundancy_clf,mixed,classification,ModMRMR_dcor,multiplicative,max,f_classif,distance_corr,threshold,7,0.0,0,0.14285714285714285,1.0,0.25,0.0,0.7142857142857143,0.9122636262513903,0.01659937499789521
nonlin_redundancy_clf,mixed,classification,ModMRMR_dcor,multiplicative,max,f_classif,distance_corr,threshold,6,0.05,0,0.16666666666666666,1.0,0.2857142857142857,0.0,0.6666666666666666,0.9082313681868743,0.015875749988481402
nonlin_redundancy_clf,mixed,classification,ModMRMR_dcor,multiplicative,max,f_classif,distance_corr,threshold,4,0.1,0,0.25,1.0,0.4,0.0,0.5,0.903921023359288,0.01470125000923872
nonlin_redundancy_clf,mixed,classification,skb_f,,,,,fixed_k,1,,0,1.0,1.0,1.0,0.0,0.0,0.8576195773081201,0.00024033299996517599
nonlin_redundancy_clf,mixed,classification,skb_f,,,,,fixed_k,2,,0,0.5,1.0,0.6666666666666666,0.0,0.0,0.9071190211345941,0.00021699999342672527
nonlin_redundancy_clf,mixed,classification,skb_f,,,,,fixed_k,5,,0,0.2,1.0,0.33333333333333337,0.0,0.6,0.9122636262513903,0.00020799998310394585
nonlin_redundancy_clf,mixed,classification,skb_mi,,,,,fixed_k,1,,0,1.0,1.0,1.0,0.0,0.0,0.8576195773081201,0.005898750008782372
nonlin_redundancy_clf,mixed,classification,skb_mi,,,,,fixed_k,2,,0,0.5,1.0,0.6666666666666666,0.0,0.5,0.9082313681868743,0.00580720801372081
nonlin_redundancy_clf,mixed,classification,skb_mi,,,,,fixed_k,5,,0,0.2,1.0,0.33333333333333337,0.0,0.6,0.9168520578420467,0.005881832999875769
nonlin_redundancy_clf,mixed,classification,MID,difference,mean,mutual_info_classif,mutual_info_sklearn,fixed_k,1,,1,1.0,1.0,1.0,0.0,0.0,0.8385706340378198,0.05725933299981989
nonlin_redundancy_clf,mixed,classification,MID,difference,mean,mutual_info_classif,mutual_info_sklearn,fixed_k,2,,1,0.5,1.0,0.6666666666666666,0.0,0.5,0.8805617352614016,0.05803958300384693
nonlin_redundancy_clf,mixed,classification,MID,difference,mean,mutual_info_classif,mutual_info_sklearn,fixed_k,5,,1,0.2,1.0,0.33333333333333337,0.0,0.8,0.8900166852057843,0.05926245800219476
nonlin_redundancy_clf,mixed,classification,MID,difference,mean,mutual_info_classif,mutual_info_sklearn,threshold,3,0.0,1,0.3333333333333333,1.0,0.5,0.0,0.6666666666666666,0.885706340378198,0.05896695799310692
nonlin_redundancy_clf,mixed,classification,MID,difference,mean,mutual_info_classif,mutual_info_sklearn,threshold,1,0.05,1,1.0,1.0,1.0,0.0,0.0,0.8385706340378198,0.05771004199050367
nonlin_redundancy_clf,mixed,classification,MID,difference,mean,mutual_info_classif,mutual_info_sklearn,threshold,1,0.1,1,1.0,1.0,1.0,0.0,0.0,0.8385706340378198,0.056752792006591335
nonlin_redundancy_clf,mixed,classification,MIQ,quotient,mean,mutual_info_classif,mutual_info_sklearn,fixed_k,1,,1,1.0,1.0,1.0,0.0,0.0,0.8385706340378198,0.05726729100570083
nonlin_redundancy_clf,mixed,classification,MIQ,quotient,mean,mutual_info_classif,mutual_info_sklearn,fixed_k,2,,1,0.5,1.0,0.6666666666666666,0.0,0.5,0.8805617352614016,0.05790595800499432
nonlin_redundancy_clf,mixed,classification,MIQ,quotient,mean,mutual_info_classif,mutual_info_sklearn,fixed_k,5,,1,0.2,1.0,0.33333333333333337,0.0,0.8,0.8813959955506119,0.060099583002738655
nonlin_redundancy_clf,mixed,classification,MIQ,quotient,mean,mutual_info_classif,mutual_info_sklearn,threshold,7,0.0,1,0.14285714285714285,1.0,0.25,0.0,0.7142857142857143,0.8932146829810901,0.06139445799635723
nonlin_redundancy_clf,mixed,classification,MIQ,quotient,mean,mutual_info_classif,mutual_info_sklearn,threshold,3,0.05,1,0.3333333333333333,1.0,0.5,0.0,0.6666666666666666,0.885706340378198,0.05971095900167711
nonlin_redundancy_clf,mixed,classification,MIQ,quotient,mean,mutual_info_classif,mutual_info_sklearn,threshold,3,0.1,1,0.3333333333333333,1.0,0.5,0.0,0.6666666666666666,0.885706340378198,0.05852437499561347
nonlin_redundancy_clf,mixed,classification,MIFS,difference,sum,mutual_info_classif,mutual_info_sklearn,fixed_k,1,,1,1.0,1.0,1.0,0.0,0.0,0.8385706340378198,0.056874875008361414
nonlin_redundancy_clf,mixed,classification,MIFS,difference,sum,mutual_info_classif,mutual_info_sklearn,fixed_k,2,,1,0.5,1.0,0.6666666666666666,0.0,0.5,0.8805617352614016,0.05770825000945479
nonlin_redundancy_clf,mixed,classification,MIFS,difference,sum,mutual_info_classif,mutual_info_sklearn,fixed_k,5,,1,0.2,1.0,0.33333333333333337,0.0,0.8,0.8900166852057843,0.05938583301031031
nonlin_redundancy_clf,mixed,classification,MIFS,difference,sum,mutual_info_classif,mutual_info_sklearn,threshold,3,0.0,1,0.3333333333333333,1.0,0.5,0.0,0.6666666666666666,0.885706340378198,0.05903075000969693
nonlin_redundancy_clf,mixed,classification,MIFS,difference,sum,mutual_info_classif,mutual_info_sklearn,threshold,1,0.05,1,1.0,1.0,1.0,0.0,0.0,0.8385706340378198,0.05808983399765566
nonlin_redundancy_clf,mixed,classification,MIFS,difference,sum,mutual_info_classif,mutual_info_sklearn,threshold,1,0.1,1,1.0,1.0,1.0,0.0,0.0,0.8385706340378198,0.05711608301498927
nonlin_redundancy_clf,mixed,classification,FCD,difference,mean,f_classif,pearson_abs,fixed_k,1,,1,1.0,1.0,1.0,0.0,0.0,0.8385706340378198,0.005937208974501118
nonlin_redundancy_clf,mixed,classification,FCD,difference,mean,f_classif,pearson_abs,fixed_k,2,,1,0.5,1.0,0.6666666666666666,0.0,0.0,0.8684649610678532,0.006395791977411136
nonlin_redundancy_clf,mixed,classification,FCD,difference,mean,f_classif,pearson_abs,fixed_k,5,,1,0.2,1.0,0.33333333333333337,0.0,0.6,0.8934927697441601,0.0079812909825705
nonlin_redundancy_clf,mixed,classification,FCD,difference,mean,f_classif,pearson_abs,threshold,7,0.0,1,0.14285714285714285,1.0,0.25,0.0,0.7142857142857143,0.9101779755283649,0.008827874989947304
nonlin_redundancy_clf,mixed,classification,FCD,difference,mean,f_classif,pearson_abs,threshold,5,0.05,1,0.2,1.0,0.33333333333333337,0.0,0.6,0.8934927697441601,0.008283125003799796
nonlin_redundancy_clf,mixed,classification,FCD,difference,mean,f_classif,pearson_abs,threshold,5,0.1,1,0.2,1.0,0.33333333333333337,0.0,0.6,0.8934927697441601,0.00833791701006703
nonlin_redundancy_clf,mixed,classification,FCQ,quotient,mean,f_classif,pearson_abs,fixed_k,1,,1,1.0,1.0,1.0,0.0,0.0,0.8385706340378198,0.0059147499850951135
nonlin_redundancy_clf,mixed,classification,FCQ,quotient,mean,f_classif,pearson_abs,fixed_k,2,,1,0.5,1.0,0.6666666666666666,0.0,0.5,0.8566462736373748,0.006564167008036748
nonlin_redundancy_clf,mixed,classification,FCQ,quotient,mean,f_classif,pearson_abs,fixed_k,5,,1,0.2,1.0,0.33333333333333337,0.0,0.6,0.8937708565072302,0.008334624988492578
nonlin_redundancy_clf,mixed,classification,FCQ,quotient,mean,f_classif,pearson_abs,threshold,7,0.0,1,0.14285714285714285,1.0,0.25,0.0,0.7142857142857143,0.8940489432703004,0.009353917004773393
nonlin_redundancy_clf,mixed,classification,FCQ,quotient,mean,f_classif,pearson_abs,threshold,7,0.05,1,0.14285714285714285,1.0,0.25,0.0,0.7142857142857143,0.8940489432703004,0.009309957997174934
nonlin_redundancy_clf,mixed,classification,FCQ,quotient,mean,f_classif,pearson_abs,threshold,7,0.1,1,0.14285714285714285,1.0,0.25,0.0,0.7142857142857143,0.8940489432703004,0.009552958013955504
nonlin_redundancy_clf,mixed,classification,ModMRMR,multiplicative,max,f_classif,pearson_abs,fixed_k,1,,1,1.0,1.0,1.0,0.0,0.0,0.8385706340378198,0.0059234590153209865
nonlin_redundancy_clf,mixed,classification,ModMRMR,multiplicative,max,f_classif,pearson_abs,fixed_k,2,,1,0.5,1.0,0.6666666666666666,0.0,0.0,0.8684649610678532,0.006634749996010214
nonlin_redundancy_clf,mixed,classification,ModMRMR,multiplicative,max,f_classif,pearson_abs,fixed_k,5,,1,0.2,1.0,0.33333333333333337,0.0,0.6,0.8934927697441601,0.008448166016023606
nonlin_redundancy_clf,mixed,classification,ModMRMR,multiplicative,max,f_classif,pearson_abs,threshold,7,0.0,1,0.14285714285714285,1.0,0.25,0.0,0.7142857142857143,0.9101779755283649,0.009560542006511241
nonlin_redundancy_clf,mixed,classification,ModMRMR,multiplicative,max,f_classif,pearson_abs,threshold,6,0.05,1,0.16666666666666666,1.0,0.2857142857142857,0.0,0.6666666666666666,0.9018353726362625,0.00961104201269336
nonlin_redundancy_clf,mixed,classification,ModMRMR,multiplicative,max,f_classif,pearson_abs,threshold,5,0.1,1,0.2,1.0,0.33333333333333337,0.0,0.6,0.8934927697441601,0.008770124986767769
nonlin_redundancy_clf,mixed,classification,ModMRMR_dcor,multiplicative,max,f_classif,distance_corr,fixed_k,1,,1,1.0,1.0,1.0,0.0,0.0,0.8385706340378198,0.01212699999450706
nonlin_redundancy_clf,mixed,classification,ModMRMR_dcor,multiplicative,max,f_classif,distance_corr,fixed_k,2,,1,0.5,1.0,0.6666666666666666,0.0,0.0,0.8684649610678532,0.012726499990094453
nonlin_redundancy_clf,mixed,classification,ModMRMR_dcor,multiplicative,max,f_classif,distance_corr,fixed_k,5,,1,0.2,1.0,0.33333333333333337,0.0,0.6,0.8934927697441601,0.014825083024334162
nonlin_redundancy_clf,mixed,classification,ModMRMR_dcor,multiplicative,max,f_classif,distance_corr,threshold,7,0.0,1,0.14285714285714285,1.0,0.25,0.0,0.7142857142857143,0.9101779755283649,0.015466250013560057
nonlin_redundancy_clf,mixed,classification,ModMRMR_dcor,multiplicative,max,f_classif,distance_corr,threshold,6,0.05,1,0.16666666666666666,1.0,0.2857142857142857,0.0,0.6666666666666666,0.9018353726362625,0.015544291003607213
nonlin_redundancy_clf,mixed,classification,ModMRMR_dcor,multiplicative,max,f_classif,distance_corr,threshold,5,0.1,1,0.2,1.0,0.33333333333333337,0.0,0.6,0.8934927697441601,0.015045749983983114
nonlin_redundancy_clf,mixed,classification,skb_f,,,,,fixed_k,1,,1,1.0,1.0,1.0,0.0,0.0,0.8385706340378198,0.00023566701565869153
nonlin_redundancy_clf,mixed,classification,skb_f,,,,,fixed_k,2,,1,0.5,1.0,0.6666666666666666,0.0,0.0,0.864432703003337,0.00023095798678696156
nonlin_redundancy_clf,mixed,classification,skb_f,,,,,fixed_k,5,,1,0.2,1.0,0.33333333333333337,0.0,0.6,0.8891824249165741,0.00021216701134108007
nonlin_redundancy_clf,mixed,classification,skb_mi,,,,,fixed_k,1,,1,1.0,1.0,1.0,0.0,0.0,0.8385706340378198,0.005848041997523978
nonlin_redundancy_clf,mixed,classification,skb_mi,,,,,fixed_k,2,,1,0.5,1.0,0.6666666666666666,0.0,0.5,0.8851501668520578,0.005853083013789728
nonlin_redundancy_clf,mixed,classification,skb_mi,,,,,fixed_k,5,,1,0.2,1.0,0.33333333333333337,0.0,0.6,0.8816740823136818,0.0056092079903464764
nonlin_redundancy_clf,mixed,classification,MID,difference,mean,mutual_info_classif,mutual_info_sklearn,fixed_k,1,,2,1.0,1.0,1.0,0.0,0.0,0.8624860956618465,0.05725183300091885
nonlin_redundancy_clf,mixed,classification,MID,difference,mean,mutual_info_classif,mutual_info_sklearn,fixed_k,2,,2,0.5,1.0,0.6666666666666666,0.0,0.5,0.9128197997775306,0.05746487498981878
nonlin_redundancy_clf,mixed,classification,MID,difference,mean,mutual_info_classif,mutual_info_sklearn,fixed_k,5,,2,0.2,1.0,0.33333333333333337,0.0,0.8,0.8909899888765295,0.05967258400050923
nonlin_redundancy_clf,mixed,classification,MID,difference,mean,mutual_info_classif,mutual_info_sklearn,threshold,4,0.0,2,0.25,1.0,0.4,0.0,0.75,0.903642936596218,0.05917112500173971
nonlin_redundancy_clf,mixed,classification,MID,difference,mean,mutual_info_classif,mutual_info_sklearn,threshold,1,0.05,2,1.0,1.0,1.0,0.0,0.0,0.8624860956618465,0.05802083300659433
nonlin_redundancy_clf,mixed,classification,MID,difference,mean,mutual_info_classif,mutual_info_sklearn,threshold,1,0.1,2,1.0,1.0,1.0,0.0,0.0,0.8624860956618465,0.07940283400239423
nonlin_redundancy_clf,mixed,classification,MIQ,quotient,mean,mutual_info_classif,mutual_info_sklearn,fixed_k,1,,2,1.0,1.0,1.0,0.0,0.0,0.8624860956618465,0.05664358401554637
nonlin_redundancy_clf,mixed,classification,MIQ,quotient,mean,mutual_info_classif,mutual_info_sklearn,fixed_k,2,,2,0.5,1.0,0.6666666666666666,0.0,0.5,0.9071190211345941,0.05782108299899846
nonlin_redundancy_clf,mixed,classification,MIQ,quotient,mean,mutual_info_classif,mutual_info_sklearn,fixed_k,5,,2,0.2,1.0,0.33333333333333337,0.0,0.6,0.878615127919911,0.0595650420000311
nonlin_redundancy_clf,mixed,classification,MIQ,quotient,mean,mutual_info_classif,mutual_info_sklearn,threshold,7,0.0,2,0.14285714285714285,1.0,0.25,0.0,0.7142857142857143,0.878615127919911,0.06008566601667553
nonlin_redundancy_clf,mixed,classification,MIQ,quotient,mean,mutual_info_classif,mutual_info_sklearn,threshold,5,0.05,2,0.2,1.0,0.33333333333333337,0.0,0.6,0.878615127919911,0.05985383299412206
nonlin_redundancy_clf,mixed,classification,MIQ,quotient,mean,mutual_info_classif,mutual_info_sklearn,threshold,4,0.1,2,0.25,1.0,0.4,0.0,0.75,0.899610678531702,0.05916179099585861
nonlin_redundancy_clf,mixed,classification,MIFS,difference,sum,mutual_info_classif,mutual_info_sklearn,fixed_k,1,,2,1.0,1.0,1.0,0.0,0.0,0.8624860956618465,0.056808583001839
nonlin_redundancy_clf,mixed,classification,MIFS,difference,sum,mutual_info_classif,mutual_info_sklearn,fixed_k,2,,2,0.5,1.0,0.6666666666666666,0.0,0.5,0.9128197997775306,0.05784049999783747
nonlin_redundancy_clf,mixed,classification,MIFS,difference,sum,mutual_info_classif,mutual_info_sklearn,fixed_k,5,,2,0.2,1.0,0.33333333333333337,0.0,0.8,0.8950222469410456,0.05932658299570903
nonlin_redundancy_clf,mixed,classification,MIFS,difference,sum,mutual_info_classif,mutual_info_sklearn,threshold,3,0.0,2,0.3333333333333333,1.0,0.5,0.0,0.6666666666666666,0.899610678531702,0.05834487499669194
nonlin_redundancy_clf,mixed,classification,MIFS,difference,sum,mutual_info_classif,mutual_info_sklearn,threshold,1,0.05,2,1.0,1.0,1.0,0.0,0.0,0.8624860956618465,0.057741541997529566
nonlin_redundancy_clf,mixed,classification,MIFS,difference,sum,mutual_info_classif,mutual_info_sklearn,threshold,1,0.1,2,1.0,1.0,1.0,0.0,0.0,0.8624860956618465,0.05715254199458286
nonlin_redundancy_clf,mixed,classification,FCD,difference,mean,f_classif,pearson_abs,fixed_k,1,,2,1.0,1.0,1.0,0.0,0.0,0.8624860956618465,0.005863375001354143
nonlin_redundancy_clf,mixed,classification,FCD,difference,mean,f_classif,pearson_abs,fixed_k,2,,2,0.5,1.0,0.6666666666666666,0.0,0.5,0.8743047830923247,0.006495042005553842
nonlin_redundancy_clf,mixed,classification,FCD,difference,mean,f_classif,pearson_abs,fixed_k,5,,2,0.2,1.0,0.33333333333333337,0.0,0.6,0.8869577308120133,0.00779433298157528
nonlin_redundancy_clf,mixed,classification,FCD,difference,mean,f_classif,pearson_abs,threshold,6,0.0,2,0.16666666666666666,1.0,0.2857142857142857,0.0,0.6666666666666666,0.8909899888765295,0.008846957993227988
nonlin_redundancy_clf,mixed,classification,FCD,difference,mean,f_classif,pearson_abs,threshold,5,0.05,2,0.2,1.0,0.33333333333333337,0.0,0.6,0.8869577308120133,0.00843066698871553
nonlin_redundancy_clf,mixed,classification,FCD,difference,mean,f_classif,pearson_abs,threshold,5,0.1,2,0.2,1.0,0.33333333333333337,0.0,0.6,0.8869577308120133,0.008339499996509403
nonlin_redundancy_clf,mixed,classification,FCQ,quotient,mean,f_classif,pearson_abs,fixed_k,1,,2,1.0,1.0,1.0,0.0,0.0,0.8624860956618465,0.006055500009097159
nonlin_redundancy_clf,mixed,classification,FCQ,quotient,mean,f_classif,pearson_abs,fixed_k,2,,2,0.5,1.0,0.6666666666666666,0.0,0.5,0.8743047830923247,0.006682167004328221
nonlin_redundancy_clf,mixed,classification,FCQ,quotient,mean,f_classif,pearson_abs,fixed_k,5,,2,0.2,1.0,0.33333333333333337,0.0,0.6,0.8947441601779755,0.008249999984400347
nonlin_redundancy_clf,mixed,classification,FCQ,quotient,mean,f_classif,pearson_abs,threshold,7,0.0,2,0.14285714285714285,1.0,0.25,0.0,0.7142857142857143,0.8745828698553948,0.009313207992818207
nonlin_redundancy_clf,mixed,classification,FCQ,quotient,mean,f_classif,pearson_abs,threshold,7,0.05,2,0.14285714285714285,1.0,0.25,0.0,0.7142857142857143,0.8745828698553948,0.009799583000130951
nonlin_redundancy_clf,mixed,classification,FCQ,quotient,mean,f_classif,pearson_abs,threshold,7,0.1,2,0.14285714285714285,1.0,0.25,0.0,0.7142857142857143,0.8745828698553948,0.009458374988753349
nonlin_redundancy_clf,mixed,classification,ModMRMR,multiplicative,max,f_classif,pearson_abs,fixed_k,1,,2,1.0,1.0,1.0,0.0,0.0,0.8624860956618465,0.005946749995928258
nonlin_redundancy_clf,mixed,classification,ModMRMR,multiplicative,max,f_classif,pearson_abs,fixed_k,2,,2,0.5,1.0,0.6666666666666666,0.0,0.5,0.8743047830923247,0.006573542021214962
nonlin_redundancy_clf,mixed,classification,ModMRMR,multiplicative,max,f_classif,pearson_abs,fixed_k,5,,2,0.2,1.0,0.33333333333333337,0.0,0.6,0.8869577308120133,0.008309541997732595
nonlin_redundancy_clf,mixed,classification,ModMRMR,multiplicative,max,f_classif,pearson_abs,threshold,7,0.0,2,0.14285714285714285,1.0,0.25,0.0,0.7142857142857143,0.878337041156841,0.00945383301586844
nonlin_redundancy_clf,mixed,classification,ModMRMR,multiplicative,max,f_classif,pearson_abs,threshold,5,0.05,2,0.2,1.0,0.33333333333333337,0.0,0.6,0.8869577308120133,0.00886825000634417
nonlin_redundancy_clf,mixed,classification,ModMRMR,multiplicative,max,f_classif,pearson_abs,threshold,5,0.1,2,0.2,1.0,0.33333333333333337,0.0,0.6,0.8869577308120133,0.008951083000283688
nonlin_redundancy_clf,mixed,classification,ModMRMR_dcor,multiplicative,max,f_classif,distance_corr,fixed_k,1,,2,1.0,1.0,1.0,0.0,0.0,0.8624860956618465,0.012224791978951544
nonlin_redundancy_clf,mixed,classification,ModMRMR_dcor,multiplicative,max,f_classif,distance_corr,fixed_k,2,,2,0.5,1.0,0.6666666666666666,0.0,0.5,0.8743047830923247,0.012845457997173071
nonlin_redundancy_clf,mixed,classification,ModMRMR_dcor,multiplicative,max,f_classif,distance_corr,fixed_k,5,,2,0.2,1.0,0.33333333333333337,0.0,0.6,0.8947441601779755,0.014153500000247732
nonlin_redundancy_clf,mixed,classification,ModMRMR_dcor,multiplicative,max,f_classif,distance_corr,threshold,7,0.0,2,0.14285714285714285,1.0,0.25,0.0,0.7142857142857143,0.8745828698553948,0.015585916000418365
nonlin_redundancy_clf,mixed,classification,ModMRMR_dcor,multiplicative,max,f_classif,distance_corr,threshold,5,0.05,2,0.2,1.0,0.33333333333333337,0.0,0.6,0.8947441601779755,0.015035582997370511
nonlin_redundancy_clf,mixed,classification,ModMRMR_dcor,multiplicative,max,f_classif,distance_corr,threshold,5,0.1,2,0.2,1.0,0.33333333333333337,0.0,0.6,0.8947441601779755,0.01493904201197438
nonlin_redundancy_clf,mixed,classification,skb_f,,,,,fixed_k,1,,2,1.0,1.0,1.0,0.0,0.0,0.8624860956618465,0.0002295419981237501
nonlin_redundancy_clf,mixed,classification,skb_f,,,,,fixed_k,2,,2,0.5,1.0,0.6666666666666666,0.0,0.5,0.8743047830923247,0.00022791701485402882
nonlin_redundancy_clf,mixed,classification,skb_f,,,,,fixed_k,5,,2,0.2,1.0,0.33333333333333337,0.0,0.6,0.8915461624026697,0.00022008398082107306
nonlin_redundancy_clf,mixed,classification,skb_mi,,,,,fixed_k,1,,2,1.0,1.0,1.0,0.0,0.0,0.8624860956618465,0.005907540995394811
nonlin_redundancy_clf,mixed,classification,skb_mi,,,,,fixed_k,2,,2,0.5,1.0,0.6666666666666666,0.0,0.5,0.8918242491657398,0.005752917000791058
nonlin_redundancy_clf,mixed,classification,skb_mi,,,,,fixed_k,5,,2,0.2,1.0,0.33333333333333337,0.0,0.6,0.8950222469410456,0.005787875008536503
nonlin_redundancy_reg,mixed,regression,MID,difference,mean,mutual_info_sklearn,mutual_info_sklearn,fixed_k,1,,0,1.0,1.0,1.0,0.0,0.0,0.9785222993895493,0.05972962500527501
nonlin_redundancy_reg,mixed,regression,MID,difference,mean,mutual_info_sklearn,mutual_info_sklearn,fixed_k,2,,0,0.5,1.0,0.6666666666666666,0.0,0.5,0.9819177995914841,0.060389457998098806
nonlin_redundancy_reg,mixed,regression,MID,difference,mean,mutual_info_sklearn,mutual_info_sklearn,fixed_k,5,,0,0.2,1.0,0.33333333333333337,0.0,0.6,0.9819329519107869,0.06220558297354728
nonlin_redundancy_reg,mixed,regression,MID,difference,mean,mutual_info_sklearn,mutual_info_sklearn,threshold,4,0.0,0,0.25,1.0,0.4,0.0,0.5,0.9820741700908789,0.06165037502069026
nonlin_redundancy_reg,mixed,regression,MID,difference,mean,mutual_info_sklearn,mutual_info_sklearn,threshold,1,0.05,0,1.0,1.0,1.0,0.0,0.0,0.9785222993895493,0.06055779100279324
nonlin_redundancy_reg,mixed,regression,MID,difference,mean,mutual_info_sklearn,mutual_info_sklearn,threshold,1,0.1,0,1.0,1.0,1.0,0.0,0.0,0.9785222993895493,0.05991170901688747
nonlin_redundancy_reg,mixed,regression,MIQ,quotient,mean,mutual_info_sklearn,mutual_info_sklearn,fixed_k,1,,0,1.0,1.0,1.0,0.0,0.0,0.9785222993895493,0.06002054101554677
nonlin_redundancy_reg,mixed,regression,MIQ,quotient,mean,mutual_info_sklearn,mutual_info_sklearn,fixed_k,2,,0,0.5,1.0,0.6666666666666666,0.0,0.5,0.980212434004514,0.060322957986500114
nonlin_redundancy_reg,mixed,regression,MIQ,quotient,mean,mutual_info_sklearn,mutual_info_sklearn,fixed_k,5,,0,0.2,1.0,0.33333333333333337,0.0,0.6,0.9811449708581612,0.061733666982036084
nonlin_redundancy_reg,mixed,regression,MIQ,quotient,mean,mutual_info_sklearn,mutual_info_sklearn,threshold,7,0.0,0,0.14285714285714285,1.0,0.25,0.0,0.7142857142857143,0.9807794323779271,0.07041937499889173
nonlin_redundancy_reg,mixed,regression,MIQ,quotient,mean,mutual_info_sklearn,mutual_info_sklearn,threshold,5,0.05,0,0.2,1.0,0.33333333333333337,0.0,0.6,0.9811449708581612,0.06276337499730289
nonlin_redundancy_reg,mixed,regression,MIQ,quotient,mean,mutual_info_sklearn,mutual_info_sklearn,threshold,5,0.1,0,0.2,1.0,0.33333333333333337,0.0,0.6,0.9811449708581612,0.06273541698465124
nonlin_redundancy_reg,mixed,regression,MIFS,difference,sum,mutual_info_sklearn,mutual_info_sklearn,fixed_k,1,,0,1.0,1.0,1.0,0.0,0.0,0.9785222993895493,0.0594009580090642
nonlin_redundancy_reg,mixed,regression,MIFS,difference,sum,mutual_info_sklearn,mutual_info_sklearn,fixed_k,2,,0,0.5,1.0,0.6666666666666666,0.0,0.5,0.9819177995914841,0.06037629101774655
nonlin_redundancy_reg,mixed,regression,MIFS,difference,sum,mutual_info_sklearn,mutual_info_sklearn,fixed_k,5,,0,0.2,1.0,0.33333333333333337,0.0,0.8,0.9801026792078207,0.062042417004704475
nonlin_redundancy_reg,mixed,regression,MIFS,difference,sum,mutual_info_sklearn,mutual_info_sklearn,threshold,3,0.0,0,0.3333333333333333,1.0,0.5,0.0,0.6666666666666666,0.9809567316619922,0.06146908301161602
nonlin_redundancy_reg,mixed,regression,MIFS,difference,sum,mutual_info_sklearn,mutual_info_sklearn,threshold,1,0.05,0,1.0,1.0,1.0,0.0,0.0,0.9785222993895493,0.0606094170070719
nonlin_redundancy_reg,mixed,regression,MIFS,difference,sum,mutual_info_sklearn,mutual_info_sklearn,threshold,1,0.1,0,1.0,1.0,1.0,0.0,0.0,0.9785222993895493,0.06271616602316499
nonlin_redundancy_reg,mixed,regression,FCD,difference,mean,f_regression,pearson_abs,fixed_k,1,,0,1.0,1.0,1.0,0.0,0.0,0.9785222993895493,0.006062458996893838
nonlin_redundancy_reg,mixed,regression,FCD,difference,mean,f_regression,pearson_abs,fixed_k,2,,0,0.5,1.0,0.6666666666666666,0.0,0.0,0.9805895180062284,0.0065637500083539635
nonlin_redundancy_reg,mixed,regression,FCD,difference,mean,f_regression,pearson_abs,fixed_k,5,,0,0.2,1.0,0.33333333333333337,0.0,0.6,0.9813726176427877,0.007844042003853247
nonlin_redundancy_reg,mixed,regression,FCD,difference,mean,f_regression,pearson_abs,threshold,6,0.0,0,0.16666666666666666,1.0,0.2857142857142857,0.0,0.6666666666666666,0.9812701112713481,0.008978917001513764
nonlin_redundancy_reg,mixed,regression,FCD,difference,mean,f_regression,pearson_abs,threshold,6,0.05,0,0.16666666666666666,1.0,0.2857142857142857,0.0,0.6666666666666666,0.9812701112713481,0.008618124993517995
nonlin_redundancy_reg,mixed,regression,FCD,difference,mean,f_regression,pearson_abs,threshold,5,0.1,0,0.2,1.0,0.33333333333333337,0.0,0.6,0.9813726176427877,0.008330375014338642
nonlin_redundancy_reg,mixed,regression,FCQ,quotient,mean,f_regression,pearson_abs,fixed_k,1,,0,1.0,1.0,1.0,0.0,0.0,0.9785222993895493,0.00587674998678267
nonlin_redundancy_reg,mixed,regression,FCQ,quotient,mean,f_regression,pearson_abs,fixed_k,2,,0,0.5,1.0,0.6666666666666666,0.0,0.0,0.9805895180062284,0.006443999998737127
nonlin_redundancy_reg,mixed,regression,FCQ,quotient,mean,f_regression,pearson_abs,fixed_k,5,,0,0.2,1.0,0.33333333333333337,0.0,0.6,0.9813726176427877,0.008297416003188118
nonlin_redundancy_reg,mixed,regression,FCQ,quotient,mean,f_regression,pearson_abs,threshold,7,0.0,0,0.14285714285714285,1.0,0.25,0.0,0.7142857142857143,0.9809104803054333,0.009285875014029443
nonlin_redundancy_reg,mixed,regression,FCQ,quotient,mean,f_regression,pearson_abs,threshold,6,0.05,0,0.16666666666666666,1.0,0.2857142857142857,0.0,0.6666666666666666,0.9812701112713481,0.009806124988244846
nonlin_redundancy_reg,mixed,regression,FCQ,quotient,mean,f_regression,pearson_abs,threshold,6,0.1,0,0.16666666666666666,1.0,0.2857142857142857,0.0,0.6666666666666666,0.9812701112713481,0.00947983399964869
nonlin_redundancy_reg,mixed,regression,ModMRMR,multiplicative,max,f_regression,pearson_abs,fixed_k,1,,0,1.0,1.0,1.0,0.0,0.0,0.9785222993895493,0.006072084011975676
nonlin_redundancy_reg,mixed,regression,ModMRMR,multiplicative,max,f_regression,pearson_abs,fixed_k,2,,0,0.5,1.0,0.6666666666666666,0.0,0.0,0.9805895180062284,0.0066485000133980066
nonlin_redundancy_reg,mixed,regression,ModMRMR,multiplicative,max,f_regression,pearson_abs,fixed_k,5,,0,0.2,1.0,0.33333333333333337,0.0,0.6,0.9813726176427877,0.008162250014720485
nonlin_redundancy_reg,mixed,regression,ModMRMR,multiplicative,max,f_regression,pearson_abs,threshold,7,0.0,0,0.14285714285714285,1.0,0.25,0.0,0.7142857142857143,0.9809104803054333,0.009488457988481969
nonlin_redundancy_reg,mixed,regression,ModMRMR,multiplicative,max,f_regression,pearson_abs,threshold,6,0.05,0,0.16666666666666666,1.0,0.2857142857142857,0.0,0.6666666666666666,0.9812701112713481,0.009696167020592839
nonlin_redundancy_reg,mixed,regression,ModMRMR,multiplicative,max,f_regression,pearson_abs,threshold,5,0.1,0,0.2,1.0,0.33333333333333337,0.0,0.6,0.9813726176427877,0.008835957996780053
nonlin_redundancy_reg,mixed,regression,ModMRMR_dcor,multiplicative,max,f_regression,distance_corr,fixed_k,1,,0,1.0,1.0,1.0,0.0,0.0,0.9785222993895493,0.01213016698602587
nonlin_redundancy_reg,mixed,regression,ModMRMR_dcor,multiplicative,max,f_regression,distance_corr,fixed_k,2,,0,0.5,1.0,0.6666666666666666,0.0,0.5,0.9819177995914841,0.012143250001827255
nonlin_redundancy_reg,mixed,regression,ModMRMR_dcor,multiplicative,max,f_regression,distance_corr,fixed_k,5,,0,0.2,1.0,0.33333333333333337,0.0,0.6,0.9812598518308748,0.014517792005790398
nonlin_redundancy_reg,mixed,regression,ModMRMR_dcor,multiplicative,max,f_regression,distance_corr,threshold,7,0.0,0,0.14285714285714285,1.0,0.25,0.0,0.7142857142857143,0.9803988207427269,0.015170708007644862
nonlin_redundancy_reg,mixed,regression,ModMRMR_dcor,multiplicative,max,f_regression,distance_corr,threshold,6,0.05,0,0.16666666666666666,1.0,0.2857142857142857,0.0,0.6666666666666666,0.9806374564602838,0.015590625000186265
nonlin_redundancy_reg,mixed,regression,ModMRMR_dcor,multiplicative,max,f_regression,distance_corr,threshold,5,0.1,0,0.2,1.0,0.33333333333333337,0.0,0.6,0.9812598518308748,0.015118125011213124
nonlin_redundancy_reg,mixed,regression,skb_f,,,,,fixed_k,1,,0,1.0,1.0,1.0,0.0,0.0,0.9785222993895493,0.0002177499991375953
nonlin_redundancy_reg,mixed,regression,skb_f,,,,,fixed_k,2,,0,0.5,1.0,0.6666666666666666,0.0,0.0,0.9804020745485601,0.0002055829972960055
nonlin_redundancy_reg,mixed,regression,skb_f,,,,,fixed_k,5,,0,0.2,1.0,0.33333333333333337,0.0,0.6,0.9813059530675449,0.00019737501861527562
nonlin_redundancy_reg,mixed,regression,skb_mi,,,,,fixed_k,1,,0,1.0,1.0,1.0,0.0,0.0,0.9785222993895493,0.006896540988236666
nonlin_redundancy_reg,mixed,regression,skb_mi,,,,,fixed_k,2,,0,0.5,1.0,0.6666666666666666,0.0,0.0,0.9804020745485601,0.006902083987370133
nonlin_redundancy_reg,mixed,regression,skb_mi,,,,,fixed_k,5,,0,0.2,1.0,0.33333333333333337,0.0,0.6,0.9812479868398492,0.0070364999992307276
nonlin_redundancy_reg,mixed,regression,MID,difference,mean,mutual_info_sklearn,mutual_info_sklearn,fixed_k,1,,1,1.0,1.0,1.0,0.0,0.0,0.9813592146584064,0.06391083399648778
nonlin_redundancy_reg,mixed,regression,MID,difference,mean,mutual_info_sklearn,mutual_info_sklearn,fixed_k,2,,1,0.5,1.0,0.6666666666666666,0.0,0.5,0.9835992757420488,0.06121124999481253
nonlin_redundancy_reg,mixed,regression,MID,difference,mean,mutual_info_sklearn,mutual_info_sklearn,fixed_k,5,,1,0.2,1.0,0.33333333333333337,0.0,0.6,0.9836557475131991,0.06170508300419897
nonlin_redundancy_reg,mixed,regression,MID,difference,mean,mutual_info_sklearn,mutual_info_sklearn,threshold,3,0.0,1,0.3333333333333333,1.0,0.5,0.0,0.3333333333333333,0.9837040946489568,0.06158066602074541
nonlin_redundancy_reg,mixed,regression,MID,difference,mean,mutual_info_sklearn,mutual_info_sklearn,threshold,1,0.05,1,1.0,1.0,1.0,0.0,0.0,0.9813592146584064,0.06135750000248663
nonlin_redundancy_reg,mixed,regression,MID,difference,mean,mutual_info_sklearn,mutual_info_sklearn,threshold,1,0.1,1,1.0,1.0,1.0,0.0,0.0,0.9813592146584064,0.06037995801307261
nonlin_redundancy_reg,mixed,regression,MIQ,quotient,mean,mutual_info_sklearn,mutual_info_sklearn,fixed_k,1,,1,1.0,1.0,1.0,0.0,0.0,0.9813592146584064,0.060165333008626476
nonlin_redundancy_reg,mixed,regression,MIQ,quotient,mean,mutual_info_sklearn,mutual_info_sklearn,fixed_k,2,,1,0.5,1.0,0.6666666666666666,0.0,0.5,0.9835992757420488,0.0602531659824308
nonlin_redundancy_reg,mixed,regression,MIQ,quotient,mean,mutual_info_sklearn,mutual_info_sklearn,fixed_k,5,,1,0.2,1.0,0.33333333333333337,0.0,0.6,0.9841696199303117,0.07687170899589546
nonlin_redundancy_reg,mixed,regression,MIQ,quotient,mean,mutual_info_sklearn,mutual_info_sklearn,threshold,7,0.0,1,0.14285714285714285,1.0,0.25,0.0,0.7142857142857143,0.9835577464694514,0.06289591599488631
nonlin_redundancy_reg,mixed,regression,MIQ,quotient,mean,mutual_info_sklearn,mutual_info_sklearn,threshold,4,0.05,1,0.25,1.0,0.4,0.0,0.5,0.9839587986250865,0.06143129200791009
nonlin_redundancy_reg,mixed,regression,MIQ,quotient,mean,mutual_info_sklearn,mutual_info_sklearn,threshold,4,0.1,1,0.25,1.0,0.4,0.0,0.5,0.9839587986250865,0.0618607499927748
nonlin_redundancy_reg,mixed,regression,MIFS,difference,sum,mutual_info_sklearn,mutual_info_sklearn,fixed_k,1,,1,1.0,1.0,1.0,0.0,0.0,0.9813592146584064,0.05934300000080839
nonlin_redundancy_reg,mixed,regression,MIFS,difference,sum,mutual_info_sklearn,mutual_info_sklearn,fixed_k,2,,1,0.5,1.0,0.6666666666666666,0.0,0.5,0.9835992757420488,0.06001329200807959
nonlin_redundancy_reg,mixed,regression,MIFS,difference,sum,mutual_info_sklearn,mutual_info_sklearn,fixed_k,5,,1,0.2,1.0,0.33333333333333337,0.0,0.8,0.983018682632054,0.06095462499069981
nonlin_redundancy_reg,mixed,regression,MIFS,difference,sum,mutual_info_sklearn,mutual_info_sklearn,threshold,2,0.0,1,0.5,1.0,0.6666666666666666,0.0,0.5,0.9835992757420488,0.06041916599497199
nonlin_redundancy_reg,mixed,regression,MIFS,difference,sum,mutual_info_sklearn,mutual_info_sklearn,threshold,1,0.05,1,1.0,1.0,1.0,0.0,0.0,0.9813592146584064,0.05999916698783636
nonlin_redundancy_reg,mixed,regression,MIFS,difference,sum,mutual_info_sklearn,mutual_info_sklearn,threshold,1,0.1,1,1.0,1.0,1.0,0.0,0.0,0.9813592146584064,0.06000354199204594
nonlin_redundancy_reg,mixed,regression,FCD,difference,mean,f_regression,pearson_abs,fixed_k,1,,1,1.0,1.0,1.0,0.0,0.0,0.9813592146584064,0.006000416004098952
nonlin_redundancy_reg,mixed,regression,FCD,difference,mean,f_regression,pearson_abs,fixed_k,2,,1,0.5,1.0,0.6666666666666666,0.0,0.0,0.9824935370613781,0.006292584002949297
nonlin_redundancy_reg,mixed,regression,FCD,difference,mean,f_regression,pearson_abs,fixed_k,5,,1,0.2,1.0,0.33333333333333337,0.0,0.6,0.9837979868550142,0.007959832990309224
nonlin_redundancy_reg,mixed,regression,FCD,difference,mean,f_regression,pearson_abs,threshold,7,0.0,1,0.14285714285714285,1.0,0.25,0.0,0.7142857142857143,0.9834693800197897,0.008728125016205013
nonlin_redundancy_reg,mixed,regression,FCD,difference,mean,f_regression,pearson_abs,threshold,6,0.05,1,0.16666666666666666,1.0,0.2857142857142857,0.0,0.6666666666666666,0.9836534906119991,0.0089431669912301
nonlin_redundancy_reg,mixed,regression,FCD,difference,mean,f_regression,pearson_abs,threshold,6,0.1,1,0.16666666666666666,1.0,0.2857142857142857,0.0,0.6666666666666666,0.9836534906119991,0.008809958002530038
nonlin_redundancy_reg,mixed,regression,FCQ,quotient,mean,f_regression,pearson_abs,fixed_k,1,,1,1.0,1.0,1.0,0.0,0.0,0.9813592146584064,0.00591395900119096
nonlin_redundancy_reg,mixed,regression,FCQ,quotient,mean,f_regression,pearson_abs,fixed_k,2,,1,0.5,1.0,0.6666666666666666,0.0,0.0,0.9824935370613781,0.00634833300136961
nonlin_redundancy_reg,mixed,regression,FCQ,quotient,mean,f_regression,pearson_abs,fixed_k,5,,1,0.2,1.0,0.33333333333333337,0.0,0.6,0.9837979868550142,0.008377375022973865
nonlin_redundancy_reg,mixed,regression,FCQ,quotient,mean,f_regression,pearson_abs,threshold,7,0.0,1,0.14285714285714285,1.0,0.25,0.0,0.7142857142857143,0.9834693800197897,0.009571417002007365
nonlin_redundancy_reg,mixed,regression,FCQ,quotient,mean,f_regression,pearson_abs,threshold,7,0.05,1,0.14285714285714285,1.0,0.25,0.0,0.7142857142857143,0.9834693800197897,0.009591375011950731
nonlin_redundancy_reg,mixed,regression,FCQ,quotient,mean,f_regression,pearson_abs,threshold,7,0.1,1,0.14285714285714285,1.0,0.25,0.0,0.7142857142857143,0.9834693800197897,0.009451541991438717
nonlin_redundancy_reg,mixed,regression,ModMRMR,multiplicative,max,f_regression,pearson_abs,fixed_k,1,,1,1.0,1.0,1.0,0.0,0.0,0.9813592146584064,0.005831207992741838
nonlin_redundancy_reg,mixed,regression,ModMRMR,multiplicative,max,f_regression,pearson_abs,fixed_k,2,,1,0.5,1.0,0.6666666666666666,0.0,0.0,0.9824935370613781,0.006527874997118488
nonlin_redundancy_reg,mixed,regression,ModMRMR,multiplicative,max,f_regression,pearson_abs,fixed_k,5,,1,0.2,1.0,0.33333333333333337,0.0,0.6,0.9837979868550142,0.008382749976590276
nonlin_redundancy_reg,mixed,regression,ModMRMR,multiplicative,max,f_regression,pearson_abs,threshold,7,0.0,1,0.14285714285714285,1.0,0.25,0.0,0.7142857142857143,0.9834693800197897,0.009559833008097485
nonlin_redundancy_reg,mixed,regression,ModMRMR,multiplicative,max,f_regression,pearson_abs,threshold,6,0.05,1,0.16666666666666666,1.0,0.2857142857142857,0.0,0.6666666666666666,0.9836534906119991,0.009521041996777058
nonlin_redundancy_reg,mixed,regression,ModMRMR,multiplicative,max,f_regression,pearson_abs,threshold,6,0.1,1,0.16666666666666666,1.0,0.2857142857142857,0.0,0.6666666666666666,0.9836534906119991,0.009560458012856543
nonlin_redundancy_reg,mixed,regression,ModMRMR_dcor,multiplicative,max,f_regression,distance_corr,fixed_k,1,,1,1.0,1.0,1.0,0.0,0.0,0.9813592146584064,0.012190042005386204
nonlin_redundancy_reg,mixed,regression,ModMRMR_dcor,multiplicative,max,f_regression,distance_corr,fixed_k,2,,1,0.5,1.0,0.6666666666666666,0.0,0.0,0.9824935370613781,0.012647874973481521
nonlin_redundancy_reg,mixed,regression,ModMRMR_dcor,multiplicative,max,f_regression,distance_corr,fixed_k,5,,1,0.2,1.0,0.33333333333333337,0.0,0.6,0.9837979868550142,0.014399124978808686
nonlin_redundancy_reg,mixed,regression,ModMRMR_dcor,multiplicative,max,f_regression,distance_corr,threshold,7,0.0,1,0.14285714285714285,1.0,0.25,0.0,0.7142857142857143,0.9834693800197897,0.01576166701852344
nonlin_redundancy_reg,mixed,regression,ModMRMR_dcor,multiplicative,max,f_regression,distance_corr,threshold,6,0.05,1,0.16666666666666666,1.0,0.2857142857142857,0.0,0.6666666666666666,0.9836534906119991,0.015923625003779307
nonlin_redundancy_reg,mixed,regression,ModMRMR_dcor,multiplicative,max,f_regression,distance_corr,threshold,6,0.1,1,0.16666666666666666,1.0,0.2857142857142857,0.0,0.6666666666666666,0.9836534906119991,0.015612957999110222
nonlin_redundancy_reg,mixed,regression,skb_f,,,,,fixed_k,1,,1,1.0,1.0,1.0,0.0,0.0,0.9813592146584064,0.00021170900436118245
nonlin_redundancy_reg,mixed,regression,skb_f,,,,,fixed_k,2,,1,0.5,1.0,0.6666666666666666,0.0,0.0,0.9828156782891884,0.00021612498676404357
nonlin_redundancy_reg,mixed,regression,skb_f,,,,,fixed_k,5,,1,0.2,1.0,0.33333333333333337,0.0,0.6,0.9836785470296184,0.0002152909873984754
nonlin_redundancy_reg,mixed,regression,skb_mi,,,,,fixed_k,1,,1,1.0,1.0,1.0,0.0,0.0,0.9813592146584064,0.00690312500228174
nonlin_redundancy_reg,mixed,regression,skb_mi,,,,,fixed_k,2,,1,0.5,1.0,0.6666666666666666,0.0,0.0,0.9828156782891884,0.006795833993237466
nonlin_redundancy_reg,mixed,regression,skb_mi,,,,,fixed_k,5,,1,0.2,1.0,0.33333333333333337,0.0,0.6,0.9837692759640587,0.006826291995821521
nonlin_redundancy_reg,mixed,regression,MID,difference,mean,mutual_info_sklearn,mutual_info_sklearn,fixed_k,1,,2,1.0,1.0,1.0,0.0,0.0,0.9778540575321977,0.06000374999712221
nonlin_redundancy_reg,mixed,regression,MID,difference,mean,mutual_info_sklearn,mutual_info_sklearn,fixed_k,2,,2,0.5,1.0,0.6666666666666666,0.0,0.5,0.9801001345345044,0.06120933301281184
nonlin_redundancy_reg,mixed,regression,MID,difference,mean,mutual_info_sklearn,mutual_info_sklearn,fixed_k,5,,2,0.2,1.0,0.33333333333333337,0.0,0.6,0.9817895100883675,0.062001499987673014
nonlin_redundancy_reg,mixed,regression,MID,difference,mean,mutual_info_sklearn,mutual_info_sklearn,threshold,5,0.0,2,0.2,1.0,0.33333333333333337,0.0,0.6,0.9817895100883675,0.06238004198530689
nonlin_redundancy_reg,mixed,regression,MID,difference,mean,mutual_info_sklearn,mutual_info_sklearn,threshold,1,0.05,2,1.0,1.0,1.0,0.0,0.0,0.9778540575321977,0.0604541250213515
nonlin_redundancy_reg,mixed,regression,MID,difference,mean,mutual_info_sklearn,mutual_info_sklearn,threshold,1,0.1,2,1.0,1.0,1.0,0.0,0.0,0.9778540575321977,0.06038041698047891
nonlin_redundancy_reg,mixed,regression,MIQ,quotient,mean,mutual_info_sklearn,mutual_info_sklearn,fixed_k,1,,2,1.0,1.0,1.0,0.0,0.0,0.9778540575321977,0.05961187498178333
nonlin_redundancy_reg,mixed,regression,MIQ,quotient,mean,mutual_info_sklearn,mutual_info_sklearn,fixed_k,2,,2,0.5,1.0,0.6666666666666666,0.0,0.5,0.9806971565208734,0.0605531670153141
nonlin_redundancy_reg,mixed,regression,MIQ,quotient,mean,mutual_info_sklearn,mutual_info_sklearn,fixed_k,5,,2,0.2,1.0,0.33333333333333337,0.0,0.6,0.9814224211339373,0.061985166976228356
nonlin_redundancy_reg,mixed,regression,MIQ,quotient,mean,mutual_info_sklearn,mutual_info_sklearn,threshold,7,0.0,2,0.14285714285714285,1.0,0.25,0.0,0.7142857142857143,0.9807957811328322,0.06358474999433383
nonlin_redundancy_reg,mixed,regression,MIQ,quotient,mean,mutual_info_sklearn,mutual_info_sklearn,threshold,5,0.05,2,0.2,1.0,0.33333333333333337,0.0,0.6,0.9814224211339373,0.06265716699999757
nonlin_redundancy_reg,mixed,regression,MIQ,quotient,mean,mutual_info_sklearn,mutual_info_sklearn,threshold,5,0.1,2,0.2,1.0,0.33333333333333337,0.0,0.6,0.9814224211339373,0.06333299999823794
nonlin_redundancy_reg,mixed,regression,MIFS,difference,sum,mutual_info_sklearn,mutual_info_sklearn,fixed_k,1,,2,1.0,1.0,1.0,0.0,0.0,0.9778540575321977,0.06001858299714513
nonlin_redundancy_reg,mixed,regression,MIFS,difference,sum,mutual_info_sklearn,mutual_info_sklearn,fixed_k,2,,2,0.5,1.0,0.6666666666666666,0.0,0.5,0.9801001345345044,0.060207458009244874
nonlin_redundancy_reg,mixed,regression,MIFS,difference,sum,mutual_info_sklearn,mutual_info_sklearn,fixed_k,5,,2,0.2,1.0,0.33333333333333337,0.0,0.8,0.9816441134133982,0.0613562089856714
nonlin_redundancy_reg,mixed,regression,MIFS,difference,sum,mutual_info_sklearn,mutual_info_sklearn,threshold,4,0.0,2,0.25,1.0,0.4,0.0,0.75,0.981187215138929,0.06188179101445712
nonlin_redundancy_reg,mixed,regression,MIFS,difference,sum,mutual_info_sklearn,mutual_info_sklearn,threshold,1,0.05,2,1.0,1.0,1.0,0.0,0.0,0.9778540575321977,0.06090995800332166
nonlin_redundancy_reg,mixed,regression,MIFS,difference,sum,mutual_info_sklearn,mutual_info_sklearn,threshold,1,0.1,2,1.0,1.0,1.0,0.0,0.0,0.9778540575321977,0.060705582989612594
nonlin_redundancy_reg,mixed,regression,FCD,difference,mean,f_regression,pearson_abs,fixed_k,1,,2,1.0,1.0,1.0,0.0,0.0,0.9778540575321977,0.005972165992716327
nonlin_redundancy_reg,mixed,regression,FCD,difference,mean,f_regression,pearson_abs,fixed_k,2,,2,0.5,1.0,0.6666666666666666,0.0,0.0,0.9806197096892245,0.006410416011931375
nonlin_redundancy_reg,mixed,regression,FCD,difference,mean,f_regression,pearson_abs,fixed_k,5,,2,0.2,1.0,0.33333333333333337,0.0,0.6,0.9806075842910162,0.007818417012458667
nonlin_redundancy_reg,mixed,regression,FCD,difference,mean,f_regression,pearson_abs,threshold,4,0.0,2,0.25,1.0,0.4,0.0,0.5,0.9801267278518718,0.007738416024949402
nonlin_redundancy_reg,mixed,regression,FCD,difference,mean,f_regression,pearson_abs,threshold,4,0.05,2,0.25,1.0,0.4,0.0,0.5,0.9801267278518718,0.007968040998093784
nonlin_redundancy_reg,mixed,regression,FCD,difference,mean,f_regression,pearson_abs,threshold,4,0.1,2,0.25,1.0,0.4,0.0,0.5,0.9801267278518718,0.008001584006706253
nonlin_redundancy_reg,mixed,regression,FCQ,quotient,mean,f_regression,pearson_abs,fixed_k,1,,2,1.0,1.0,1.0,0.0,0.0,0.9778540575321977,0.006053499993868172
nonlin_redundancy_reg,mixed,regression,FCQ,quotient,mean,f_regression,pearson_abs,fixed_k,2,,2,0.5,1.0,0.6666666666666666,0.0,0.0,0.9806197096892245,0.0066350830020383
nonlin_redundancy_reg,mixed,regression,FCQ,quotient,mean,f_regression,pearson_abs,fixed_k,5,,2,0.2,1.0,0.33333333333333337,0.0,0.6,0.9806075842910162,0.00861920800525695
nonlin_redundancy_reg,mixed,regression,FCQ,quotient,mean,f_regression,pearson_abs,threshold,7,0.0,2,0.14285714285714285,1.0,0.25,0.0,0.7142857142857143,0.9810764990832217,0.009531541989417747
nonlin_redundancy_reg,mixed,regression,FCQ,quotient,mean,f_regression,pearson_abs,threshold,7,0.05,2,0.14285714285714285,1.0,0.25,0.0,0.7142857142857143,0.9810764990832217,0.009317499992903322
nonlin_redundancy_reg,mixed,regression,FCQ,quotient,mean,f_regression,pearson_abs,threshold,7,0.1,2,0.14285714285714285,1.0,0.25,0.0,0.7142857142857143,0.9810764990832217,0.009238208003807813
nonlin_redundancy_reg,mixed,regression,ModMRMR,multiplicative,max,f_regression,pearson_abs,fixed_k,1,,2,1.0,1.0,1.0,0.0,0.0,0.9778540575321977,0.005965582997305319
nonlin_redundancy_reg,mixed,regression,ModMRMR,multiplicative,max,f_regression,pearson_abs,fixed_k,2,,2,0.5,1.0,0.6666666666666666,0.0,0.0,0.9806197096892245,0.006645083019975573
nonlin_redundancy_reg,mixed,regression,ModMRMR,multiplicative,max,f_regression,pearson_abs,fixed_k,5,,2,0.2,1.0,0.33333333333333337,0.0,0.6,0.9806075842910162,0.008324458001879975
nonlin_redundancy_reg,mixed,regression,ModMRMR,multiplicative,max,f_regression,pearson_abs,threshold,7,0.0,2,0.14285714285714285,1.0,0.25,0.0,0.7142857142857143,0.9810764990832217,0.00953474998823367
nonlin_redundancy_reg,mixed,regression,ModMRMR,multiplicative,max,f_regression,pearson_abs,threshold,4,0.05,2,0.25,1.0,0.4,0.0,0.5,0.9801267278518718,0.008436749980319291
nonlin_redundancy_reg,mixed,regression,ModMRMR,multiplicative,max,f_regression,pearson_abs,threshold,4,0.1,2,0.25,1.0,0.4,0.0,0.5,0.9801267278518718,0.008452292007859796
nonlin_redundancy_reg,mixed,regression,ModMRMR_dcor,multiplicative,max,f_regression,distance_corr,fixed_k,1,,2,1.0,1.0,1.0,0.0,0.0,0.9778540575321977,0.01234062502044253
nonlin_redundancy_reg,mixed,regression,ModMRMR_dcor,multiplicative,max,f_regression,distance_corr,fixed_k,2,,2,0.5,1.0,0.6666666666666666,0.0,0.0,0.9806197096892245,0.012608167016878724
nonlin_redundancy_reg,mixed,regression,ModMRMR_dcor,multiplicative,max,f_regression,distance_corr,fixed_k,5,,2,0.2,1.0,0.33333333333333337,0.0,0.6,0.9806075842910162,0.014537250011926517
nonlin_redundancy_reg,mixed,regression,ModMRMR_dcor,multiplicative,max,f_regression,distance_corr,threshold,7,0.0,2,0.14285714285714285,1.0,0.25,0.0,0.7142857142857143,0.9810764990832217,0.018321250012377277
nonlin_redundancy_reg,mixed,regression,ModMRMR_dcor,multiplicative,max,f_regression,distance_corr,threshold,4,0.05,2,0.25,1.0,0.4,0.0,0.5,0.9801267278518718,0.014885167009197176
nonlin_redundancy_reg,mixed,regression,ModMRMR_dcor,multiplicative,max,f_regression,distance_corr,threshold,4,0.1,2,0.25,1.0,0.4,0.0,0.5,0.9801267278518718,0.01480704199639149
nonlin_redundancy_reg,mixed,regression,skb_f,,,,,fixed_k,1,,2,1.0,1.0,1.0,0.0,0.0,0.9778540575321977,0.0002288329997099936
nonlin_redundancy_reg,mixed,regression,skb_f,,,,,fixed_k,2,,2,0.5,1.0,0.6666666666666666,0.0,0.0,0.980905941262344,0.0002067500026896596
nonlin_redundancy_reg,mixed,regression,skb_f,,,,,fixed_k,5,,2,0.2,1.0,0.33333333333333337,0.0,0.6,0.9810039601159418,0.00023975002113729715
nonlin_redundancy_reg,mixed,regression,skb_mi,,,,,fixed_k,1,,2,1.0,1.0,1.0,0.0,0.0,0.9778540575321977,0.006908542010933161
nonlin_redundancy_reg,mixed,regression,skb_mi,,,,,fixed_k,2,,2,0.5,1.0,0.6666666666666666,0.0,0.0,0.980905941262344,0.006862209003884345
nonlin_redundancy_reg,mixed,regression,skb_mi,,,,,fixed_k,5,,2,0.2,1.0,0.33333333333333337,0.0,0.6,0.9815632355238826,0.006784666999010369
linear_control_clf,linear,classification,MID,difference,mean,mutual_info_classif,mutual_info_sklearn,fixed_k,1,,0,1.0,0.5,0.6666666666666666,0.0,0.0,0.7000486144871172,0.07502695798757486
linear_control_clf,linear,classification,MID,difference,mean,mutual_info_classif,mutual_info_sklearn,fixed_k,2,,0,1.0,1.0,1.0,0.0,0.0,0.9165219806931038,0.07645900000352412
linear_control_clf,linear,classification,MID,difference,mean,mutual_info_classif,mutual_info_sklearn,fixed_k,5,,0,0.4,1.0,0.5714285714285715,0.0,0.6,0.9039863879436072,0.07689166700583883
linear_control_clf,linear,classification,MID,difference,mean,mutual_info_classif,mutual_info_sklearn,threshold,4,0.0,0,0.5,1.0,0.6666666666666666,0.0,0.5,0.9247169942357109,0.07658795901807025
linear_control_clf,linear,classification,MID,difference,mean,mutual_info_classif,mutual_info_sklearn,threshold,2,0.05,0,1.0,1.0,1.0,0.0,0.0,0.9165219806931038,0.0759259159967769
linear_control_clf,linear,classification,MID,difference,mean,mutual_info_classif,mutual_info_sklearn,threshold,2,0.1,0,1.0,1.0,1.0,0.0,0.0,0.9165219806931038,0.0758980409882497
linear_control_clf,linear,classification,MIQ,quotient,mean,mutual_info_classif,mutual_info_sklearn,fixed_k,1,,0,1.0,0.5,0.6666666666666666,0.0,0.0,0.7000486144871172,0.0756566250056494
linear_control_clf,linear,classification,MIQ,quotient,mean,mutual_info_classif,mutual_info_sklearn,fixed_k,2,,0,0.5,0.5,0.5,0.0,0.0,0.9331898048475589,0.07556066699908115
linear_control_clf,linear,classification,MIQ,quotient,mean,mutual_info_classif,mutual_info_sklearn,fixed_k,5,,0,0.2,0.5,0.28571428571428575,0.0,0.6,0.9206542120980623,0.07694075000472367
linear_control_clf,linear,classification,MIQ,quotient,mean,mutual_info_classif,mutual_info_sklearn,threshold,8,0.0,0,0.25,1.0,0.4,0.0,0.625,0.9248558927703312,0.07998004098772071
linear_control_clf,linear,classification,MIQ,quotient,mean,mutual_info_classif,mutual_info_sklearn,threshold,6,0.05,0,0.3333333333333333,1.0,0.5,0.0,0.5,0.9164525314257934,0.07843524997588247
linear_control_clf,linear,classification,MIQ,quotient,mean,mutual_info_classif,mutual_info_sklearn,threshold,6,0.1,0,0.3333333333333333,1.0,0.5,0.0,0.5,0.9164525314257934,0.07930358298472129
linear_control_clf,linear,classification,MIFS,difference,sum,mutual_info_classif,mutual_info_sklearn,fixed_k,1,,0,1.0,0.5,0.6666666666666666,0.0,0.0,0.7000486144871172,0.07530233301804401
linear_control_clf,linear,classification,MIFS,difference,sum,mutual_info_classif,mutual_info_sklearn,fixed_k,2,,0,1.0,1.0,1.0,0.0,0.0,0.9165219806931038,0.07534791599027812
linear_control_clf,linear,classification,MIFS,difference,sum,mutual_info_classif,mutual_info_sklearn,fixed_k,5,,0,0.4,1.0,0.5714285714285715,0.0,0.6,0.9290575734426001,0.07742133401916362
linear_control_clf,linear,classification,MIFS,difference,sum,mutual_info_classif,mutual_info_sklearn,threshold,3,0.0,0,0.6666666666666666,1.0,0.8,0.0,0.3333333333333333,0.9290575734426001,0.07646620800369419
linear_control_clf,linear,classification,MIFS,difference,sum,mutual_info_classif,mutual_info_sklearn,threshold,2,0.05,0,1.0,1.0,1.0,0.0,0.0,0.9165219806931038,0.07675533401197754
linear_control_clf,linear,classification,MIFS,difference,sum,mutual_info_classif,mutual_info_sklearn,threshold,2,0.1,0,1.0,1.0,1.0,0.0,0.0,0.9165219806931038,0.076247916003922
linear_control_clf,linear,classification,FCD,difference,mean,f_classif,pearson_abs,fixed_k,1,,0,1.0,0.5,0.6666666666666666,0.0,0.0,0.7000486144871172,0.0077647500147577375
linear_control_clf,linear,classification,FCD,difference,mean,f_classif,pearson_abs,fixed_k,2,,0,1.0,1.0,1.0,0.0,0.0,0.9165219806931038,0.008255207998445258
linear_control_clf,linear,classification,FCD,difference,mean,f_classif,pearson_abs,fixed_k,5,,0,0.4,1.0,0.5714285714285715,0.0,0.4,0.9207236613653726,0.009496250015217811
linear_control_clf,linear,classification,FCD,difference,mean,f_classif,pearson_abs,threshold,8,0.0,0,0.25,1.0,0.4,0.0,0.625,0.9205847628307522,0.010856749984668568
linear_control_clf,linear,classification,FCD,difference,mean,f_classif,pearson_abs,threshold,8,0.05,0,0.25,1.0,0.4,0.0,0.625,0.9205847628307522,0.010486874991329387
linear_control_clf,linear,classification,FCD,difference,mean,f_classif,pearson_abs,threshold,8,0.1,0,0.25,1.0,0.4,0.0,0.625,0.9205847628307522,0.01084262499352917
linear_control_clf,linear,classification,FCQ,quotient,mean,f_classif,pearson_abs,fixed_k,1,,0,1.0,0.5,0.6666666666666666,0.0,0.0,0.7000486144871172,0.008413000003201887
linear_control_clf,linear,classification,FCQ,quotient,mean,f_classif,pearson_abs,fixed_k,2,,0,1.0,1.0,1.0,0.0,0.0,0.9165219806931038,0.008392541989451274
linear_control_clf,linear,classification,FCQ,quotient,mean,f_classif,pearson_abs,fixed_k,5,,0,0.4,1.0,0.5714285714285715,0.0,0.4,0.9207236613653726,0.010052583005744964
linear_control_clf,linear,classification,FCQ,quotient,mean,f_classif,pearson_abs,threshold,8,0.0,0,0.25,1.0,0.4,0.0,0.625,0.9247864435030211,0.012155667005572468
linear_control_clf,linear,classification,FCQ,quotient,mean,f_classif,pearson_abs,threshold,8,0.05,0,0.25,1.0,0.4,0.0,0.625,0.9247864435030211,0.011632125009782612
linear_control_clf,linear,classification,FCQ,quotient,mean,f_classif,pearson_abs,threshold,8,0.1,0,0.25,1.0,0.4,0.0,0.625,0.9247864435030211,0.011612540984060615
linear_control_clf,linear,classification,ModMRMR,multiplicative,max,f_classif,pearson_abs,fixed_k,1,,0,1.0,0.5,0.6666666666666666,0.0,0.0,0.7000486144871172,0.007414874999085441
linear_control_clf,linear,classification,ModMRMR,multiplicative,max,f_classif,pearson_abs,fixed_k,2,,0,1.0,1.0,1.0,0.0,0.0,0.9165219806931038,0.008197082992410287
linear_control_clf,linear,classification,ModMRMR,multiplicative,max,f_classif,pearson_abs,fixed_k,5,,0,0.4,1.0,0.5714285714285715,0.0,0.6,0.9164525314257934,0.00992637500166893
linear_control_clf,linear,classification,ModMRMR,multiplicative,max,f_classif,pearson_abs,threshold,8,0.0,0,0.25,1.0,0.4,0.0,0.625,0.9122508507535245,0.011709417012752965
linear_control_clf,linear,classification,ModMRMR,multiplicative,max,f_classif,pearson_abs,threshold,8,0.05,0,0.25,1.0,0.4,0.0,0.625,0.9122508507535245,0.011640000011539087
linear_control_clf,linear,classification,ModMRMR,multiplicative,max,f_classif,pearson_abs,threshold,8,0.1,0,0.25,1.0,0.4,0.0,0.625,0.9122508507535245,0.011755499988794327
linear_control_clf,linear,classification,ModMRMR_dcor,multiplicative,max,f_classif,distance_corr,fixed_k,1,,0,1.0,0.5,0.6666666666666666,0.0,0.0,0.7000486144871172,0.016050500009441748
linear_control_clf,linear,classification,ModMRMR_dcor,multiplicative,max,f_classif,distance_corr,fixed_k,2,,0,1.0,1.0,1.0,0.0,0.0,0.9165219806931038,0.01615179199143313
linear_control_clf,linear,classification,ModMRMR_dcor,multiplicative,max,f_classif,distance_corr,fixed_k,5,,0,0.4,1.0,0.5714285714285715,0.0,0.6,0.9164525314257934,0.01828508300241083
linear_control_clf,linear,classification,ModMRMR_dcor,multiplicative,max,f_classif,distance_corr,threshold,8,0.0,0,0.25,1.0,0.4,0.0,0.625,0.9122508507535245,0.020332125015556812
linear_control_clf,linear,classification,ModMRMR_dcor,multiplicative,max,f_classif,distance_corr,threshold,8,0.05,0,0.25,1.0,0.4,0.0,0.625,0.9122508507535245,0.019916749995900318
linear_control_clf,linear,classification,ModMRMR_dcor,multiplicative,max,f_classif,distance_corr,threshold,8,0.1,0,0.25,1.0,0.4,0.0,0.625,0.9122508507535245,0.019797500019194558
linear_control_clf,linear,classification,skb_f,,,,,fixed_k,1,,0,1.0,0.5,0.6666666666666666,0.0,0.0,0.7000486144871172,0.00021983301849104464
linear_control_clf,linear,classification,skb_f,,,,,fixed_k,2,,0,1.0,1.0,1.0,0.0,0.0,0.9165219806931038,0.00022529199486598372
linear_control_clf,linear,classification,skb_f,,,,,fixed_k,5,,0,0.4,1.0,0.5714285714285715,0.0,0.4,0.92898812417529,0.0002303329820279032
linear_control_clf,linear,classification,skb_mi,,,,,fixed_k,1,,0,1.0,0.5,0.6666666666666666,0.0,0.0,0.7000486144871172,0.006673958996543661
linear_control_clf,linear,classification,skb_mi,,,,,fixed_k,2,,0,1.0,1.0,1.0,0.0,0.0,0.9165219806931038,0.006582749978406355
linear_control_clf,linear,classification,skb_mi,,,,,fixed_k,5,,0,0.4,1.0,0.5714285714285715,0.0,0.4,0.9039863879436072,0.00655508300405927
linear_control_clf,linear,classification,MID,difference,mean,mutual_info_classif,mutual_info_sklearn,fixed_k,1,,1,1.0,0.5,0.6666666666666666,0.0,0.0,0.6791096603930828,0.07546337498934008
linear_control_clf,linear,classification,MID,difference,mean,mutual_info_classif,mutual_info_sklearn,fixed_k,2,,1,1.0,1.0,1.0,0.0,0.0,0.9582609903465518,0.07683104200987145
linear_control_clf,linear,classification,MID,difference,mean,mutual_info_classif,mutual_info_sklearn,fixed_k,5,,1,0.4,1.0,0.5714285714285715,0.0,0.6,0.9541287589415932,0.07688150001922622
linear_control_clf,linear,classification,MID,difference,mean,mutual_info_classif,mutual_info_sklearn,threshold,3,0.0,1,0.6666666666666666,1.0,0.8,0.0,0.3333333333333333,0.9582609903465518,0.07651874999282882
linear_control_clf,linear,classification,MID,difference,mean,mutual_info_classif,mutual_info_sklearn,threshold,2,0.05,1,1.0,1.0,1.0,0.0,0.0,0.9582609903465518,0.07653808299801312
linear_control_clf,linear,classification,MID,difference,mean,mutual_info_classif,mutual_info_sklearn,threshold,2,0.1,1,1.0,1.0,1.0,0.0,0.0,0.9582609903465518,0.07672662500408478
linear_control_clf,linear,classification,MIQ,quotient,mean,mutual_info_classif,mutual_info_sklearn,fixed_k,1,,1,1.0,0.5,0.6666666666666666,0.0,0.0,0.6791096603930828,0.07435420900583267
linear_control_clf,linear,classification,MIQ,quotient,mean,mutual_info_classif,mutual_info_sklearn,fixed_k,2,,1,0.5,0.5,0.5,0.0,0.5,0.7377248420029168,0.07574299999396317
linear_control_clf,linear,classification,MIQ,quotient,mean,mutual_info_classif,mutual_info_sklearn,fixed_k,5,,1,0.4,1.0,0.5714285714285715,0.0,0.4,0.9624626710188208,0.07786545800627209
linear_control_clf,linear,classification,MIQ,quotient,mean,mutual_info_classif,mutual_info_sklearn,threshold,8,0.0,1,0.25,1.0,0.4,0.0,0.625,0.9582609903465518,0.07928704199730419
linear_control_clf,linear,classification,MIQ,quotient,mean,mutual_info_classif,mutual_info_sklearn,threshold,6,0.05,1,0.3333333333333333,1.0,0.5,0.0,0.5,0.9583304396138621,0.07909654200193472
linear_control_clf,linear,classification,MIQ,quotient,mean,mutual_info_classif,mutual_info_sklearn,threshold,5,0.1,1,0.4,1.0,0.5714285714285715,0.0,0.4,0.9624626710188208,0.09988770799827762
linear_control_clf,linear,classification,MIFS,difference,sum,mutual_info_classif,mutual_info_sklearn,fixed_k,1,,1,1.0,0.5,0.6666666666666666,0.0,0.0,0.6791096603930828,0.07515145800425671
linear_control_clf,linear,classification,MIFS,difference,sum,mutual_info_classif,mutual_info_sklearn,fixed_k,2,,1,1.0,1.0,1.0,0.0,0.0,0.9582609903465518,0.07566008300636895
linear_control_clf,linear,classification,MIFS,difference,sum,mutual_info_classif,mutual_info_sklearn,fixed_k,5,,1,0.4,1.0,0.5714285714285715,0.0,0.6,0.9541287589415932,0.07762708299560472
linear_control_clf,linear,classification,MIFS,difference,sum,mutual_info_classif,mutual_info_sklearn,threshold,3,0.0,1,0.6666666666666666,1.0,0.8,0.0,0.3333333333333333,0.9582609903465518,0.07665224999072962
linear_control_clf,linear,classification,MIFS,difference,sum,mutual_info_classif,mutual_info_sklearn,threshold,2,0.05,1,1.0,1.0,1.0,0.0,0.0,0.9582609903465518,0.07621058300719596
linear_control_clf,linear,classification,MIFS,difference,sum,mutual_info_classif,mutual_info_sklearn,threshold,2,0.1,1,1.0,1.0,1.0,0.0,0.0,0.9582609903465518,0.07679654099047184
linear_control_clf,linear,classification,FCD,difference,mean,f_classif,pearson_abs,fixed_k,1,,1,1.0,0.5,0.6666666666666666,0.0,0.0,0.6791096603930828,0.007767165981931612
linear_control_clf,linear,classification,FCD,difference,mean,f_classif,pearson_abs,fixed_k,2,,1,1.0,1.0,1.0,0.0,0.0,0.9582609903465518,0.008149667002726346
linear_control_clf,linear,classification,FCD,difference,mean,f_classif,pearson_abs,fixed_k,5,,1,0.4,1.0,0.5714285714285715,0.0,0.4,0.962532120286131,0.009577416989486665
linear_control_clf,linear,classification,FCD,difference,mean,f_classif,pearson_abs,threshold,7,0.0,1,0.2857142857142857,1.0,0.4444444444444445,0.0,0.5714285714285714,0.9665949024237794,0.010950666997814551
linear_control_clf,linear,classification,FCD,difference,mean,f_classif,pearson_abs,threshold,7,0.05,1,0.2857142857142857,1.0,0.4444444444444445,0.0,0.5714285714285714,0.9665949024237794,0.010923208988970146
linear_control_clf,linear,classification,FCD,difference,mean,f_classif,pearson_abs,threshold,7,0.1,1,0.2857142857142857,1.0,0.4444444444444445,0.0,0.5714285714285714,0.9665949024237794,0.0109013750043232
linear_control_clf,linear,classification,FCQ,quotient,mean,f_classif,pearson_abs,fixed_k,1,,1,1.0,0.5,0.6666666666666666,0.0,0.0,0.6791096603930828,0.007686708006076515
linear_control_clf,linear,classification,FCQ,quotient,mean,f_classif,pearson_abs,fixed_k,2,,1,1.0,1.0,1.0,0.0,0.0,0.9582609903465518,0.008279750007204711
linear_control_clf,linear,classification,FCQ,quotient,mean,f_classif,pearson_abs,fixed_k,5,,1,0.4,1.0,0.5714285714285715,0.0,0.4,0.9624626710188208,0.009889583016047254
linear_control_clf,linear,classification,FCQ,quotient,mean,f_classif,pearson_abs,threshold,8,0.0,1,0.25,1.0,0.4,0.0,0.625,0.962532120286131,0.011905958002898842
linear_control_clf,linear,classification,FCQ,quotient,mean,f_classif,pearson_abs,threshold,8,0.05,1,0.25,1.0,0.4,0.0,0.625,0.962532120286131,0.011738790984963998
linear_control_clf,linear,classification,FCQ,quotient,mean,f_classif,pearson_abs,threshold,8,0.1,1,0.25,1.0,0.4,0.0,0.625,0.962532120286131,0.011707875004503876
linear_control_clf,linear,classification,ModMRMR,multiplicative,max,f_classif,pearson_abs,fixed_k,1,,1,1.0,0.5,0.6666666666666666,0.0,0.0,0.6791096603930828,0.007442625006660819
linear_control_clf,linear,classification,ModMRMR,multiplicative,max,f_classif,pearson_abs,fixed_k,2,,1,1.0,1.0,1.0,0.0,0.0,0.9582609903465518,0.008156166994012892
linear_control_clf,linear,classification,ModMRMR,multiplicative,max,f_classif,pearson_abs,fixed_k,5,,1,0.4,1.0,0.5714285714285715,0.0,0.6,0.9541287589415932,0.009994666994316503
linear_control_clf,linear,classification,ModMRMR,multiplicative,max,f_classif,pearson_abs,threshold,8,0.0,1,0.25,1.0,0.4,0.0,0.625,0.9624626710188208,0.011696208006469533
linear_control_clf,linear,classification,ModMRMR,multiplicative,max,f_classif,pearson_abs,threshold,7,0.05,1,0.2857142857142857,1.0,0.4444444444444445,0.0,0.5714285714285714,0.9624626710188208,0.011590999987674877
linear_control_clf,linear,classification,ModMRMR,multiplicative,max,f_classif,pearson_abs,threshold,7,0.1,1,0.2857142857142857,1.0,0.4444444444444445,0.0,0.5714285714285714,0.9624626710188208,0.011739749985281378
linear_control_clf,linear,classification,ModMRMR_dcor,multiplicative,max,f_classif,distance_corr,fixed_k,1,,1,1.0,0.5,0.6666666666666666,0.0,0.0,0.6791096603930828,0.015893915988272056
linear_control_clf,linear,classification,ModMRMR_dcor,multiplicative,max,f_classif,distance_corr,fixed_k,2,,1,1.0,1.0,1.0,0.0,0.0,0.9582609903465518,0.016495375020895153
linear_control_clf,linear,classification,ModMRMR_dcor,multiplicative,max,f_classif,distance_corr,fixed_k,5,,1,0.4,1.0,0.5714285714285715,0.0,0.6,0.9541287589415932,0.0181693340127822
linear_control_clf,linear,classification,ModMRMR_dcor,multiplicative,max,f_classif,distance_corr,threshold,8,0.0,1,0.25,1.0,0.4,0.0,0.625,0.9624626710188208,0.01980437501333654
linear_control_clf,linear,classification,ModMRMR_dcor,multiplicative,max,f_classif,distance_corr,threshold,7,0.05,1,0.2857142857142857,1.0,0.4444444444444445,0.0,0.5714285714285714,0.9624626710188208,0.01977233399520628
linear_control_clf,linear,classification,ModMRMR_dcor,multiplicative,max,f_classif,distance_corr,threshold,7,0.1,1,0.2857142857142857,1.0,0.4444444444444445,0.0,0.5714285714285714,0.9624626710188208,0.019878916995367035
linear_control_clf,linear,classification,skb_f,,,,,fixed_k,1,,1,1.0,0.5,0.6666666666666666,0.0,0.0,0.6791096603930828,0.0002397499920334667
linear_control_clf,linear,classification,skb_f,,,,,fixed_k,2,,1,1.0,1.0,1.0,0.0,0.0,0.9582609903465518,0.00023087498266249895
linear_control_clf,linear,classification,skb_f,,,,,fixed_k,5,,1,0.4,1.0,0.5714285714285715,0.0,0.4,0.9582609903465518,0.00022629101295024157
linear_control_clf,linear,classification,skb_mi,,,,,fixed_k,1,,1,1.0,0.5,0.6666666666666666,0.0,0.0,0.6791096603930828,0.0066546250018291175
linear_control_clf,linear,classification,skb_mi,,,,,fixed_k,2,,1,1.0,1.0,1.0,0.0,0.0,0.9582609903465518,0.006621999986236915
linear_control_clf,linear,classification,skb_mi,,,,,fixed_k,5,,1,0.4,1.0,0.5714285714285715,0.0,0.4,0.9540593096742829,0.006543499999679625
linear_control_clf,linear,classification,MID,difference,mean,mutual_info_classif,mutual_info_sklearn,fixed_k,1,,2,1.0,0.5,0.6666666666666666,0.0,0.0,0.6999097159524967,0.07554083401919343
linear_control_clf,linear,classification,MID,difference,mean,mutual_info_classif,mutual_info_sklearn,fixed_k,2,,2,0.5,0.5,0.5,0.0,0.0,0.9210014584346136,0.07597508298931643
linear_control_clf,linear,classification,MID,difference,mean,mutual_info_classif,mutual_info_sklearn,fixed_k,5,,2,0.2,0.5,0.28571428571428575,0.0,0.6,0.9207931106326828,0.07727937499294057
linear_control_clf,linear,classification,MID,difference,mean,mutual_info_classif,mutual_info_sklearn,threshold,4,0.0,2,0.25,0.5,0.3333333333333333,0.0,0.5,0.9249947913049518,0.07734583300771192
linear_control_clf,linear,classification,MID,difference,mean,mutual_info_classif,mutual_info_sklearn,threshold,2,0.05,2,0.5,0.5,0.5,0.0,0.0,0.9210014584346136,0.07601766599691473
linear_control_clf,linear,classification,MID,difference,mean,mutual_info_classif,mutual_info_sklearn,threshold,2,0.1,2,0.5,0.5,0.5,0.0,0.0,0.9210014584346136,0.07662329101003706
linear_control_clf,linear,classification,MIQ,quotient,mean,mutual_info_classif,mutual_info_sklearn,fixed_k,1,,2,1.0,0.5,0.6666666666666666,0.0,0.0,0.6999097159524967,0.0763474999985192
linear_control_clf,linear,classification,MIQ,quotient,mean,mutual_info_classif,mutual_info_sklearn,fixed_k,2,,2,0.5,0.5,0.5,0.0,0.5,0.733245364261407,0.07612887499271892
linear_control_clf,linear,classification,MIQ,quotient,mean,mutual_info_classif,mutual_info_sklearn,fixed_k,5,,2,0.2,0.5,0.28571428571428575,0.0,0.6,0.9331898048475589,0.0775401669961866
linear_control_clf,linear,classification,MIQ,quotient,mean,mutual_info_classif,mutual_info_sklearn,threshold,8,0.0,2,0.25,1.0,0.4,0.0,0.625,0.9207931106326828,0.07946133299265057
linear_control_clf,linear,classification,MIQ,quotient,mean,mutual_info_classif,mutual_info_sklearn,threshold,6,0.05,2,0.3333333333333333,1.0,0.5,0.0,0.5,0.9247864435030211,0.08725670800777152
linear_control_clf,linear,classification,MIQ,quotient,mean,mutual_info_classif,mutual_info_sklearn,threshold,6,0.1,2,0.3333333333333333,1.0,0.5,0.0,0.5,0.9247864435030211,0.07962220898480155
linear_control_clf,linear,classification,MIFS,difference,sum,mutual_info_classif,mutual_info_sklearn,fixed_k,1,,2,1.0,0.5,0.6666666666666666,0.0,0.0,0.6999097159524967,0.07598783299908973
linear_control_clf,linear,classification,MIFS,difference,sum,mutual_info_classif,mutual_info_sklearn,fixed_k,2,,2,0.5,0.5,0.5,0.0,0.0,0.9210014584346136,0.07592987499083392
linear_control_clf,linear,classification,MIFS,difference,sum,mutual_info_classif,mutual_info_sklearn,fixed_k,5,,2,0.2,0.5,0.28571428571428575,0.0,0.6,0.9291964719772207,0.07707875000778586
linear_control_clf,linear,classification,MIFS,difference,sum,mutual_info_classif,mutual_info_sklearn,threshold,3,0.0,2,0.3333333333333333,0.5,0.4,0.0,0.3333333333333333,0.9165219806931038,0.07723154200357385
linear_control_clf,linear,classification,MIFS,difference,sum,mutual_info_classif,mutual_info_sklearn,threshold,2,0.05,2,0.5,0.5,0.5,0.0,0.0,0.9210014584346136,0.07702983301714994
linear_control_clf,linear,classification,MIFS,difference,sum,mutual_info_classif,mutual_info_sklearn,threshold,2,0.1,2,0.5,0.5,0.5,0.0,0.0,0.9210014584346136,0.07944362499983981
linear_control_clf,linear,classification,FCD,difference,mean,f_classif,pearson_abs,fixed_k,1,,2,1.0,0.5,0.6666666666666666,0.0,0.0,0.6999097159524967,0.007627167011378333
linear_control_clf,linear,classification,FCD,difference,mean,f_classif,pearson_abs,fixed_k,2,,2,1.0,1.0,1.0,0.0,0.0,0.9292659212445309,0.00809699998353608
linear_control_clf,linear,classification,FCD,difference,mean,f_classif,pearson_abs,fixed_k,5,,2,0.4,1.0,0.5714285714285715,0.0,0.4,0.9292659212445309,0.009411083010490984
linear_control_clf,linear,classification,FCD,difference,mean,f_classif,pearson_abs,threshold,7,0.0,2,0.2857142857142857,1.0,0.4444444444444445,0.0,0.5714285714285714,0.912389749288145,0.010893250000663102
linear_control_clf,linear,classification,FCD,difference,mean,f_classif,pearson_abs,threshold,7,0.05,2,0.2857142857142857,1.0,0.4444444444444445,0.0,0.5714285714285714,0.912389749288145,0.010838833986781538
linear_control_clf,linear,classification,FCD,difference,mean,f_classif,pearson_abs,threshold,7,0.1,2,0.2857142857142857,1.0,0.4444444444444445,0.0,0.5714285714285714,0.912389749288145,0.010511667001992464
linear_control_clf,linear,classification,FCQ,quotient,mean,f_classif,pearson_abs,fixed_k,1,,2,1.0,0.5,0.6666666666666666,0.0,0.0,0.6999097159524967,0.007639416988240555
linear_control_clf,linear,classification,FCQ,quotient,mean,f_classif,pearson_abs,fixed_k,2,,2,1.0,1.0,1.0,0.0,0.0,0.9292659212445309,0.008319250016938895
linear_control_clf,linear,classification,FCQ,quotient,mean,f_classif,pearson_abs,fixed_k,5,,2,0.4,1.0,0.5714285714285715,0.0,0.4,0.9292659212445309,0.010057915991637856
linear_control_clf,linear,classification,FCQ,quotient,mean,f_classif,pearson_abs,threshold,8,0.0,2,0.25,1.0,0.4,0.0,0.625,0.9290575734426001,0.011606874992139637
linear_control_clf,linear,classification,FCQ,quotient,mean,f_classif,pearson_abs,threshold,8,0.05,2,0.25,1.0,0.4,0.0,0.625,0.9290575734426001,0.011504999973112717
linear_control_clf,linear,classification,FCQ,quotient,mean,f_classif,pearson_abs,threshold,8,0.1,2,0.25,1.0,0.4,0.0,0.625,0.9290575734426001,0.011509250005474314
linear_control_clf,linear,classification,ModMRMR,multiplicative,max,f_classif,pearson_abs,fixed_k,1,,2,1.0,0.5,0.6666666666666666,0.0,0.0,0.6999097159524967,0.007533084019087255
linear_control_clf,linear,classification,ModMRMR,multiplicative,max,f_classif,pearson_abs,fixed_k,2,,2,1.0,1.0,1.0,0.0,0.0,0.9292659212445309,0.008079374994849786
linear_control_clf,linear,classification,ModMRMR,multiplicative,max,f_classif,pearson_abs,fixed_k,5,,2,0.4,1.0,0.5714285714285715,0.0,0.6,0.9249947913049518,0.010014708008384332
linear_control_clf,linear,classification,ModMRMR,multiplicative,max,f_classif,pearson_abs,threshold,8,0.0,2,0.25,1.0,0.4,0.0,0.625,0.9207236613653726,0.011497166997287422
linear_control_clf,linear,classification,ModMRMR,multiplicative,max,f_classif,pearson_abs,threshold,7,0.05,2,0.2857142857142857,1.0,0.4444444444444445,0.0,0.5714285714285714,0.9166608792277242,0.011633917019935325
linear_control_clf,linear,classification,ModMRMR,multiplicative,max,f_classif,pearson_abs,threshold,7,0.1,2,0.2857142857142857,1.0,0.4444444444444445,0.0,0.5714285714285714,0.9166608792277242,0.011686167010338977
linear_control_clf,linear,classification,ModMRMR_dcor,multiplicative,max,f_classif,distance_corr,fixed_k,1,,2,1.0,0.5,0.6666666666666666,0.0,0.0,0.6999097159524967,0.015873500000452623
linear_control_clf,linear,classification,ModMRMR_dcor,multiplicative,max,f_classif,distance_corr,fixed_k,2,,2,1.0,1.0,1.0,0.0,0.0,0.9292659212445309,0.016547791979974136
linear_control_clf,linear,classification,ModMRMR_dcor,multiplicative,max,f_classif,distance_corr,fixed_k,5,,2,0.4,1.0,0.5714285714285715,0.0,0.6,0.9249947913049518,0.018129417003365234
linear_control_clf,linear,classification,ModMRMR_dcor,multiplicative,max,f_classif,distance_corr,threshold,8,0.0,2,0.25,1.0,0.4,0.0,0.625,0.9207236613653726,0.01976150000700727
linear_control_clf,linear,classification,ModMRMR_dcor,multiplicative,max,f_classif,distance_corr,threshold,7,0.05,2,0.2857142857142857,1.0,0.4444444444444445,0.0,0.5714285714285714,0.9166608792277242,0.019198000023607165
linear_control_clf,linear,classification,ModMRMR_dcor,multiplicative,max,f_classif,distance_corr,threshold,7,0.1,2,0.2857142857142857,1.0,0.4444444444444445,0.0,0.5714285714285714,0.9166608792277242,0.019743624987313524
linear_control_clf,linear,classification,skb_f,,,,,fixed_k,1,,2,1.0,0.5,0.6666666666666666,0.0,0.0,0.6999097159524967,0.00023270898964256048
linear_control_clf,linear,classification,skb_f,,,,,fixed_k,2,,2,1.0,1.0,1.0,0.0,0.0,0.9292659212445309,0.00020829198183491826
linear_control_clf,linear,classification,skb_f,,,,,fixed_k,5,,2,0.4,1.0,0.5714285714285715,0.0,0.4,0.9334676019167998,0.00021279198699630797
linear_control_clf,linear,classification,skb_mi,,,,,fixed_k,1,,2,1.0,0.5,0.6666666666666666,0.0,0.0,0.6999097159524967,0.006649082992225885
linear_control_clf,linear,classification,skb_mi,,,,,fixed_k,2,,2,1.0,1.0,1.0,0.0,0.0,0.9292659212445309,0.006597166997380555
linear_control_clf,linear,classification,skb_mi,,,,,fixed_k,5,,2,0.4,1.0,0.5714285714285715,0.0,0.4,0.9416626154594069,0.006614375015487894
linear_control_reg,linear,regression,MID,difference,mean,mutual_info_sklearn,mutual_info_sklearn,fixed_k,1,,0,1.0,0.5,0.6666666666666666,0.0,0.0,0.5422090941916051,0.07944804200087674
linear_control_reg,linear,regression,MID,difference,mean,mutual_info_sklearn,mutual_info_sklearn,fixed_k,2,,0,1.0,1.0,1.0,0.0,0.0,0.970996297581835,0.07880320900585502
linear_control_reg,linear,regression,MID,difference,mean,mutual_info_sklearn,mutual_info_sklearn,fixed_k,5,,0,0.4,1.0,0.5714285714285715,0.0,0.6,0.9675399746612728,0.08139308300451376
linear_control_reg,linear,regression,MID,difference,mean,mutual_info_sklearn,mutual_info_sklearn,threshold,3,0.0,0,0.6666666666666666,1.0,0.8,0.0,0.3333333333333333,0.9695122173333053,0.08061820801231079
linear_control_reg,linear,regression,MID,difference,mean,mutual_info_sklearn,mutual_info_sklearn,threshold,2,0.05,0,1.0,1.0,1.0,0.0,0.0,0.970996297581835,0.08043433399870992
linear_control_reg,linear,regression,MID,difference,mean,mutual_info_sklearn,mutual_info_sklearn,threshold,2,0.1,0,1.0,1.0,1.0,0.0,0.0,0.970996297581835,0.08009195799240842
linear_control_reg,linear,regression,MIQ,quotient,mean,mutual_info_sklearn,mutual_info_sklearn,fixed_k,1,,0,1.0,0.5,0.6666666666666666,0.0,0.0,0.5422090941916051,0.09197583299828693
linear_control_reg,linear,regression,MIQ,quotient,mean,mutual_info_sklearn,mutual_info_sklearn,fixed_k,2,,0,1.0,1.0,1.0,0.0,0.0,0.970996297581835,0.07835433300351724
linear_control_reg,linear,regression,MIQ,quotient,mean,mutual_info_sklearn,mutual_info_sklearn,fixed_k,5,,0,0.4,1.0,0.5714285714285715,0.0,0.4,0.9687406319392029,0.0808927079779096
linear_control_reg,linear,regression,MIQ,quotient,mean,mutual_info_sklearn,mutual_info_sklearn,threshold,8,0.0,0,0.25,1.0,0.4,0.0,0.625,0.9661705718013412,0.08221554098417982
linear_control_reg,linear,regression,MIQ,quotient,mean,mutual_info_sklearn,mutual_info_sklearn,threshold,3,0.05,0,0.6666666666666666,1.0,0.8,0.0,0.0,0.970399659777252,0.07934233400737867
linear_control_reg,linear,regression,MIQ,quotient,mean,mutual_info_sklearn,mutual_info_sklearn,threshold,3,0.1,0,0.6666666666666666,1.0,0.8,0.0,0.0,0.970399659777252,0.0798739579913672
linear_control_reg,linear,regression,MIFS,difference,sum,mutual_info_sklearn,mutual_info_sklearn,fixed_k,1,,0,1.0,0.5,0.6666666666666666,0.0,0.0,0.5422090941916051,0.07892570798867382
linear_control_reg,linear,regression,MIFS,difference,sum,mutual_info_sklearn,mutual_info_sklearn,fixed_k,2,,0,1.0,1.0,1.0,0.0,0.0,0.970996297581835,0.07879970801877789
linear_control_reg,linear,regression,MIFS,difference,sum,mutual_info_sklearn,mutual_info_sklearn,fixed_k,5,,0,0.4,1.0,0.5714285714285715,0.0,0.6,0.9675399746612728,0.08037437498569489
linear_control_reg,linear,regression,MIFS,difference,sum,mutual_info_sklearn,mutual_info_sklearn,threshold,3,0.0,0,0.6666666666666666,1.0,0.8,0.0,0.3333333333333333,0.9695122173333053,0.07977270899573341
linear_control_reg,linear,regression,MIFS,difference,sum,mutual_info_sklearn,mutual_info_sklearn,threshold,2,0.05,0,1.0,1.0,1.0,0.0,0.0,0.970996297581835,0.07918154200888239
linear_control_reg,linear,regression,MIFS,difference,sum,mutual_info_sklearn,mutual_info_sklearn,threshold,2,0.1,0,1.0,1.0,1.0,0.0,0.0,0.970996297581835,0.07961179199628532
linear_control_reg,linear,regression,FCD,difference,mean,f_regression,pearson_abs,fixed_k,1,,0,1.0,0.5,0.6666666666666666,0.0,0.0,0.5422090941916051,0.007776875019771978
linear_control_reg,linear,regression,FCD,difference,mean,f_regression,pearson_abs,fixed_k,2,,0,0.5,0.5,0.5,0.0,0.0,0.6026342975685394,0.008172708010533825
linear_control_reg,linear,regression,FCD,difference,mean,f_regression,pearson_abs,fixed_k,5,,0,0.4,1.0,0.5714285714285715,0.0,0.4,0.968207946873343,0.009673958993516862
linear_control_reg,linear,regression,FCD,difference,mean,f_regression,pearson_abs,threshold,8,0.0,0,0.25,1.0,0.4,0.0,0.625,0.9660636455899906,0.010985542001435533
linear_control_reg,linear,regression,FCD,difference,mean,f_regression,pearson_abs,threshold,8,0.05,0,0.25,1.0,0.4,0.0,0.625,0.9660636455899906,0.011048584012314677
linear_control_reg,linear,regression,FCD,difference,mean,f_regression,pearson_abs,threshold,7,0.1,0,0.2857142857142857,1.0,0.4444444444444445,0.0,0.5714285714285714,0.9666426369023045,0.010947708011372015
linear_control_reg,linear,regression,FCQ,quotient,mean,f_regression,pearson_abs,fixed_k,1,,0,1.0,0.5,0.6666666666666666,0.0,0.0,0.5422090941916051,0.0075848329870495945
linear_control_reg,linear,regression,FCQ,quotient,mean,f_regression,pearson_abs,fixed_k,2,,0,1.0,1.0,1.0,0.0,0.0,0.970996297581835,0.008214874978875741
linear_control_reg,linear,regression,FCQ,quotient,mean,f_regression,pearson_abs,fixed_k,5,,0,0.4,1.0,0.5714285714285715,0.0,0.4,0.968194158479391,0.010060665983473882
linear_control_reg,linear,regression,FCQ,quotient,mean,f_regression,pearson_abs,threshold,8,0.0,0,0.25,1.0,0.4,0.0,0.625,0.9660611820860454,0.011412209016270936
linear_control_reg,linear,regression,FCQ,quotient,mean,f_regression,pearson_abs,threshold,8,0.05,0,0.25,1.0,0.4,0.0,0.625,0.9660611820860454,0.011673374974634498
linear_control_reg,linear,regression,FCQ,quotient,mean,f_regression,pearson_abs,threshold,8,0.1,0,0.25,1.0,0.4,0.0,0.625,0.9660611820860454,0.011728582991054282
linear_control_reg,linear,regression,ModMRMR,multiplicative,max,f_regression,pearson_abs,fixed_k,1,,0,1.0,0.5,0.6666666666666666,0.0,0.0,0.5422090941916051,0.007582291989820078
linear_control_reg,linear,regression,ModMRMR,multiplicative,max,f_regression,pearson_abs,fixed_k,2,,0,1.0,1.0,1.0,0.0,0.0,0.970996297581835,0.00821475000702776
linear_control_reg,linear,regression,ModMRMR,multiplicative,max,f_regression,pearson_abs,fixed_k,5,,0,0.4,1.0,0.5714285714285715,0.0,0.4,0.9676194188647441,0.009933749999618158
linear_control_reg,linear,regression,ModMRMR,multiplicative,max,f_regression,pearson_abs,threshold,8,0.0,0,0.25,1.0,0.4,0.0,0.625,0.9654737080506698,0.011789957992732525
linear_control_reg,linear,regression,ModMRMR,multiplicative,max,f_regression,pearson_abs,threshold,8,0.05,0,0.25,1.0,0.4,0.0,0.625,0.9654737080506698,0.011701042007189244
linear_control_reg,linear,regression,ModMRMR,multiplicative,max,f_regression,pearson_abs,threshold,8,0.1,0,0.25,1.0,0.4,0.0,0.625,0.9654737080506698,0.011689540988299996
linear_control_reg,linear,regression,ModMRMR_dcor,multiplicative,max,f_regression,distance_corr,fixed_k,1,,0,1.0,0.5,0.6666666666666666,0.0,0.0,0.5422090941916051,0.01583020799444057
linear_control_reg,linear,regression,ModMRMR_dcor,multiplicative,max,f_regression,distance_corr,fixed_k,2,,0,1.0,1.0,1.0,0.0,0.0,0.970996297581835,0.016301916999509558
linear_control_reg,linear,regression,ModMRMR_dcor,multiplicative,max,f_regression,distance_corr,fixed_k,5,,0,0.4,1.0,0.5714285714285715,0.0,0.4,0.9680746818194754,0.01823891600361094
linear_control_reg,linear,regression,ModMRMR_dcor,multiplicative,max,f_regression,distance_corr,threshold,8,0.0,0,0.25,1.0,0.4,0.0,0.625,0.9658703465357116,0.020222916995408013
linear_control_reg,linear,regression,ModMRMR_dcor,multiplicative,max,f_regression,distance_corr,threshold,8,0.05,0,0.25,1.0,0.4,0.0,0.625,0.9658703465357116,0.020133582991547883
linear_control_reg,linear,regression,ModMRMR_dcor,multiplicative,max,f_regression,distance_corr,threshold,7,0.1,0,0.2857142857142857,1.0,0.4444444444444445,0.0,0.5714285714285714,0.9669798874560723,0.01976812499924563
linear_control_reg,linear,regression,skb_f,,,,,fixed_k,1,,0,1.0,0.5,0.6666666666666666,0.0,0.0,0.5422090941916051,0.00022916702437214553
linear_control_reg,linear,regression,skb_f,,,,,fixed_k,2,,0,0.5,0.5,0.5,0.0,0.0,0.5991757859879292,0.00019987497944384813
linear_control_reg,linear,regression,skb_f,,,,,fixed_k,5,,0,0.4,1.0,0.5714285714285715,0.0,0.4,0.9677852807621802,0.00020266699721105397
linear_control_reg,linear,regression,skb_mi,,,,,fixed_k,1,,0,1.0,0.5,0.6666666666666666,0.0,0.0,0.5422090941916051,0.008070707990555093
linear_control_reg,linear,regression,skb_mi,,,,,fixed_k,2,,0,0.5,0.5,0.5,0.0,0.0,0.5991757859879292,0.008005790994502604
linear_control_reg,linear,regression,skb_mi,,,,,fixed_k,5,,0,0.4,1.0,0.5714285714285715,0.0,0.4,0.968329375441367,0.007959375012433156
linear_control_reg,linear,regression,MID,difference,mean,mutual_info_sklearn,mutual_info_sklearn,fixed_k,1,,1,0.0,0.0,0.0,0.0,0.0,0.5544803463074306,0.07883666598354466
linear_control_reg,linear,regression,MID,difference,mean,mutual_info_sklearn,mutual_info_sklearn,fixed_k,2,,1,0.5,0.5,0.5,0.0,0.0,0.9783391615151668,0.07909333298448473
linear_control_reg,linear,regression,MID,difference,mean,mutual_info_sklearn,mutual_info_sklearn,fixed_k,5,,1,0.2,0.5,0.28571428571428575,0.0,0.6,0.9762836806033901,0.0809550840058364
linear_control_reg,linear,regression,MID,difference,mean,mutual_info_sklearn,mutual_info_sklearn,threshold,4,0.0,1,0.25,0.5,0.3333333333333333,0.0,0.5,0.9774318994553234,0.08092891599517316
linear_control_reg,linear,regression,MID,difference,mean,mutual_info_sklearn,mutual_info_sklearn,threshold,2,0.05,1,0.5,0.5,0.5,0.0,0.0,0.9783391615151668,0.07993662499939092
linear_control_reg,linear,regression,MID,difference,mean,mutual_info_sklearn,mutual_info_sklearn,threshold,2,0.1,1,0.5,0.5,0.5,0.0,0.0,0.9783391615151668,0.0794535829918459
linear_control_reg,linear,regression,MIQ,quotient,mean,mutual_info_sklearn,mutual_info_sklearn,fixed_k,1,,1,0.0,0.0,0.0,0.0,0.0,0.5544803463074306,0.07847466701059602
linear_control_reg,linear,regression,MIQ,quotient,mean,mutual_info_sklearn,mutual_info_sklearn,fixed_k,2,,1,0.0,0.0,0.0,0.0,0.5,0.6274889696009317,0.07959937502164394
linear_control_reg,linear,regression,MIQ,quotient,mean,mutual_info_sklearn,mutual_info_sklearn,fixed_k,5,,1,0.4,1.0,0.5714285714285715,0.0,0.4,0.9794877952696526,0.08171724999556318
linear_control_reg,linear,regression,MIQ,quotient,mean,mutual_info_sklearn,mutual_info_sklearn,threshold,8,0.0,1,0.25,1.0,0.4,0.0,0.625,0.9774439185643781,0.08323558300617151
linear_control_reg,linear,regression,MIQ,quotient,mean,mutual_info_sklearn,mutual_info_sklearn,threshold,5,0.05,1,0.4,1.0,0.5714285714285715,0.0,0.4,0.9794877952696526,0.08185499999672174
linear_control_reg,linear,regression,MIQ,quotient,mean,mutual_info_sklearn,mutual_info_sklearn,threshold,5,0.1,1,0.4,1.0,0.5714285714285715,0.0,0.4,0.9794877952696526,0.0811472499917727
linear_control_reg,linear,regression,MIFS,difference,sum,mutual_info_sklearn,mutual_info_sklearn,fixed_k,1,,1,0.0,0.0,0.0,0.0,0.0,0.5544803463074306,0.07868820798466913
linear_control_reg,linear,regression,MIFS,difference,sum,mutual_info_sklearn,mutual_info_sklearn,fixed_k,2,,1,0.5,0.5,0.5,0.0,0.0,0.9783391615151668,0.07978583397925831
linear_control_reg,linear,regression,MIFS,difference,sum,mutual_info_sklearn,mutual_info_sklearn,fixed_k,5,,1,0.2,0.5,0.28571428571428575,0.0,0.6,0.9762836806033901,0.08054979098960757
linear_control_reg,linear,regression,MIFS,difference,sum,mutual_info_sklearn,mutual_info_sklearn,threshold,4,0.0,1,0.25,0.5,0.3333333333333333,0.0,0.5,0.9774318994553234,0.0802231660054531
linear_control_reg,linear,regression,MIFS,difference,sum,mutual_info_sklearn,mutual_info_sklearn,threshold,2,0.05,1,0.5,0.5,0.5,0.0,0.0,0.9783391615151668,0.07987904199399054
linear_control_reg,linear,regression,MIFS,difference,sum,mutual_info_sklearn,mutual_info_sklearn,threshold,2,0.1,1,0.5,0.5,0.5,0.0,0.0,0.9783391615151668,0.07968158400035463
linear_control_reg,linear,regression,FCD,difference,mean,f_regression,pearson_abs,fixed_k,1,,1,1.0,0.5,0.6666666666666666,0.0,0.0,0.569095381325163,0.007555165997473523
linear_control_reg,linear,regression,FCD,difference,mean,f_regression,pearson_abs,fixed_k,2,,1,0.5,0.5,0.5,0.0,0.0,0.6238013866385379,0.008061833010287955
linear_control_reg,linear,regression,FCD,difference,mean,f_regression,pearson_abs,fixed_k,5,,1,0.4,1.0,0.5714285714285715,0.0,0.4,0.9795016561909691,0.009406625002156943
linear_control_reg,linear,regression,FCD,difference,mean,f_regression,pearson_abs,threshold,8,0.0,1,0.25,1.0,0.4,0.0,0.625,0.977460187092072,0.010990125010721385
linear_control_reg,linear,regression,FCD,difference,mean,f_regression,pearson_abs,threshold,8,0.05,1,0.25,1.0,0.4,0.0,0.625,0.977460187092072,0.011351207998814061
linear_control_reg,linear,regression,FCD,difference,mean,f_regression,pearson_abs,threshold,8,0.1,1,0.25,1.0,0.4,0.0,0.625,0.977460187092072,0.011238583974773064
linear_control_reg,linear,regression,FCQ,quotient,mean,f_regression,pearson_abs,fixed_k,1,,1,1.0,0.5,0.6666666666666666,0.0,0.0,0.569095381325163,0.007618707983056083
linear_control_reg,linear,regression,FCQ,quotient,mean,f_regression,pearson_abs,fixed_k,2,,1,1.0,1.0,1.0,0.0,0.0,0.9812114599106667,0.008236833004048094
linear_control_reg,linear,regression,FCQ,quotient,mean,f_regression,pearson_abs,fixed_k,5,,1,0.4,1.0,0.5714285714285715,0.0,0.4,0.9795784751083899,0.009911125001963228
linear_control_reg,linear,regression,FCQ,quotient,mean,f_regression,pearson_abs,threshold,8,0.0,1,0.25,1.0,0.4,0.0,0.625,0.9774059629679311,0.011789875017711893
linear_control_reg,linear,regression,FCQ,quotient,mean,f_regression,pearson_abs,threshold,8,0.05,1,0.25,1.0,0.4,0.0,0.625,0.9774059629679311,0.011815874982858077
linear_control_reg,linear,regression,FCQ,quotient,mean,f_regression,pearson_abs,threshold,8,0.1,1,0.25,1.0,0.4,0.0,0.625,0.9774059629679311,0.011781500012148172
linear_control_reg,linear,regression,ModMRMR,multiplicative,max,f_regression,pearson_abs,fixed_k,1,,1,1.0,0.5,0.6666666666666666,0.0,0.0,0.569095381325163,0.007599917007610202
linear_control_reg,linear,regression,ModMRMR,multiplicative,max,f_regression,pearson_abs,fixed_k,2,,1,1.0,1.0,1.0,0.0,0.0,0.9812114599106667,0.008249666978372261
linear_control_reg,linear,regression,ModMRMR,multiplicative,max,f_regression,pearson_abs,fixed_k,5,,1,0.4,1.0,0.5714285714285715,0.0,0.4,0.9792623296354179,0.00993329199263826
linear_control_reg,linear,regression,ModMRMR,multiplicative,max,f_regression,pearson_abs,threshold,8,0.0,1,0.25,1.0,0.4,0.0,0.625,0.9778526447561289,0.011564250016817823
linear_control_reg,linear,regression,ModMRMR,multiplicative,max,f_regression,pearson_abs,threshold,8,0.05,1,0.25,1.0,0.4,0.0,0.625,0.9778526447561289,0.011539333005202934
linear_control_reg,linear,regression,ModMRMR,multiplicative,max,f_regression,pearson_abs,threshold,8,0.1,1,0.25,1.0,0.4,0.0,0.625,0.9778526447561289,0.01184774999273941
linear_control_reg,linear,regression,ModMRMR_dcor,multiplicative,max,f_regression,distance_corr,fixed_k,1,,1,1.0,0.5,0.6666666666666666,0.0,0.0,0.569095381325163,0.01565341599052772
linear_control_reg,linear,regression,ModMRMR_dcor,multiplicative,max,f_regression,distance_corr,fixed_k,2,,1,1.0,1.0,1.0,0.0,0.0,0.9812114599106667,0.01645533400005661
linear_control_reg,linear,regression,ModMRMR_dcor,multiplicative,max,f_regression,distance_corr,fixed_k,5,,1,0.4,1.0,0.5714285714285715,0.0,0.4,0.9793839900637922,0.018093999999109656
linear_control_reg,linear,regression,ModMRMR_dcor,multiplicative,max,f_regression,distance_corr,threshold,8,0.0,1,0.25,1.0,0.4,0.0,0.625,0.9776902333948407,0.0198257919983007
linear_control_reg,linear,regression,ModMRMR_dcor,multiplicative,max,f_regression,distance_corr,threshold,8,0.05,1,0.25,1.0,0.4,0.0,0.625,0.9776902333948407,0.020077082997886464
linear_control_reg,linear,regression,ModMRMR_dcor,multiplicative,max,f_regression,distance_corr,threshold,8,0.1,1,0.25,1.0,0.4,0.0,0.625,0.9776902333948407,0.019582208013162017
linear_control_reg,linear,regression,skb_f,,,,,fixed_k,1,,1,1.0,0.5,0.6666666666666666,0.0,0.0,0.569095381325163,0.0002233749837614596
linear_control_reg,linear,regression,skb_f,,,,,fixed_k,2,,1,0.5,0.5,0.5,0.0,0.0,0.6242799844665583,0.0002159169816877693
linear_control_reg,linear,regression,skb_f,,,,,fixed_k,5,,1,0.4,1.0,0.5714285714285715,0.0,0.4,0.9794507799288059,0.00020970799960196018
linear_control_reg,linear,regression,skb_mi,,,,,fixed_k,1,,1,0.0,0.0,0.0,0.0,0.0,0.5544803463074306,0.007977458997629583
linear_control_reg,linear,regression,skb_mi,,,,,fixed_k,2,,1,0.5,0.5,0.5,0.0,0.0,0.6242799844665583,0.008065000001806766
linear_control_reg,linear,regression,skb_mi,,,,,fixed_k,5,,1,0.4,1.0,0.5714285714285715,0.0,0.4,0.9799932846070333,0.007956540997838601
linear_control_reg,linear,regression,MID,difference,mean,mutual_info_sklearn,mutual_info_sklearn,fixed_k,1,,2,1.0,0.5,0.6666666666666666,0.0,0.0,0.47978926504014385,0.07773570800782181
linear_control_reg,linear,regression,MID,difference,mean,mutual_info_sklearn,mutual_info_sklearn,fixed_k,2,,2,1.0,1.0,1.0,0.0,0.0,0.9763339184702583,0.0789082910050638
linear_control_reg,linear,regression,MID,difference,mean,mutual_info_sklearn,mutual_info_sklearn,fixed_k,5,,2,0.4,1.0,0.5714285714285715,0.0,0.6,0.9762185524003429,0.0803285000147298
linear_control_reg,linear,regression,MID,difference,mean,mutual_info_sklearn,mutual_info_sklearn,threshold,4,0.0,2,0.5,1.0,0.6666666666666666,0.0,0.5,0.9766707672515064,0.07923670898890123
linear_control_reg,linear,regression,MID,difference,mean,mutual_info_sklearn,mutual_info_sklearn,threshold,2,0.05,2,1.0,1.0,1.0,0.0,0.0,0.9763339184702583,0.07911083300132304
linear_control_reg,linear,regression,MID,difference,mean,mutual_info_sklearn,mutual_info_sklearn,threshold,2,0.1,2,1.0,1.0,1.0,0.0,0.0,0.9763339184702583,0.07878237499971874
linear_control_reg,linear,regression,MIQ,quotient,mean,mutual_info_sklearn,mutual_info_sklearn,fixed_k,1,,2,1.0,0.5,0.6666666666666666,0.0,0.0,0.47978926504014385,0.07853658401290886
linear_control_reg,linear,regression,MIQ,quotient,mean,mutual_info_sklearn,mutual_info_sklearn,fixed_k,2,,2,1.0,1.0,1.0,0.0,0.0,0.9763339184702583,0.07844466698588803
linear_control_reg,linear,regression,MIQ,quotient,mean,mutual_info_sklearn,mutual_info_sklearn,fixed_k,5,,2,0.4,1.0,0.5714285714285715,0.0,0.4,0.9758155358181705,0.08028658397961408
linear_control_reg,linear,regression,MIQ,quotient,mean,mutual_info_sklearn,mutual_info_sklearn,threshold,8,0.0,2,0.25,1.0,0.4,0.0,0.625,0.9742721137181757,0.08225375000620261
linear_control_reg,linear,regression,MIQ,quotient,mean,mutual_info_sklearn,mutual_info_sklearn,threshold,6,0.05,2,0.3333333333333333,1.0,0.5,0.0,0.5,0.976096346516999,0.08125999997719191
linear_control_reg,linear,regression,MIQ,quotient,mean,mutual_info_sklearn,mutual_info_sklearn,threshold,6,0.1,2,0.3333333333333333,1.0,0.5,0.0,0.5,0.976096346516999,0.08165316699887626
linear_control_reg,linear,regression,MIFS,difference,sum,mutual_info_sklearn,mutual_info_sklearn,fixed_k,1,,2,1.0,0.5,0.6666666666666666,0.0,0.0,0.47978926504014385,0.07726358299260028
linear_control_reg,linear,regression,MIFS,difference,sum,mutual_info_sklearn,mutual_info_sklearn,fixed_k,2,,2,1.0,1.0,1.0,0.0,0.0,0.9763339184702583,0.07887500000651926
linear_control_reg,linear,regression,MIFS,difference,sum,mutual_info_sklearn,mutual_info_sklearn,fixed_k,5,,2,0.4,1.0,0.5714285714285715,0.0,0.6,0.9755543213506443,0.079335207992699
linear_control_reg,linear,regression,MIFS,difference,sum,mutual_info_sklearn,mutual_info_sklearn,threshold,4,0.0,2,0.5,1.0,0.6666666666666666,0.0,0.5,0.9766707672515064,0.08027208299608901
linear_control_reg,linear,regression,MIFS,difference,sum,mutual_info_sklearn,mutual_info_sklearn,threshold,2,0.05,2,1.0,1.0,1.0,0.0,0.0,0.9763339184702583,0.07863375000306405
linear_control_reg,linear,regression,MIFS,difference,sum,mutual_info_sklearn,mutual_info_sklearn,threshold,2,0.1,2,1.0,1.0,1.0,0.0,0.0,0.9763339184702583,0.0797958750044927
linear_control_reg,linear,regression,FCD,difference,mean,f_regression,pearson_abs,fixed_k,1,,2,1.0,0.5,0.6666666666666666,0.0,0.0,0.47978926504014385,0.007847583008697256
linear_control_reg,linear,regression,FCD,difference,mean,f_regression,pearson_abs,fixed_k,2,,2,0.5,0.5,0.5,0.0,0.0,0.5547785383814656,0.00826241701724939
linear_control_reg,linear,regression,FCD,difference,mean,f_regression,pearson_abs,fixed_k,5,,2,0.4,1.0,0.5714285714285715,0.0,0.4,0.9751318642071675,0.009425209020264447
linear_control_reg,linear,regression,FCD,difference,mean,f_regression,pearson_abs,threshold,7,0.0,2,0.2857142857142857,1.0,0.4444444444444445,0.0,0.5714285714285714,0.974760383950657,0.010989166999934241
linear_control_reg,linear,regression,FCD,difference,mean,f_regression,pearson_abs,threshold,7,0.05,2,0.2857142857142857,1.0,0.4444444444444445,0.0,0.5714285714285714,0.974760383950657,0.01110266600153409
linear_control_reg,linear,regression,FCD,difference,mean,f_regression,pearson_abs,threshold,7,0.1,2,0.2857142857142857,1.0,0.4444444444444445,0.0,0.5714285714285714,0.974760383950657,0.010964541987050325
linear_control_reg,linear,regression,FCQ,quotient,mean,f_regression,pearson_abs,fixed_k,1,,2,1.0,0.5,0.6666666666666666,0.0,0.0,0.47978926504014385,0.0076003750145900995
linear_control_reg,linear,regression,FCQ,quotient,mean,f_regression,pearson_abs,fixed_k,2,,2,1.0,1.0,1.0,0.0,0.0,0.9763339184702583,0.00823191599920392
linear_control_reg,linear,regression,FCQ,quotient,mean,f_regression,pearson_abs,fixed_k,5,,2,0.4,1.0,0.5714285714285715,0.0,0.4,0.9750307929132039,0.010129791015060619
linear_control_reg,linear,regression,FCQ,quotient,mean,f_regression,pearson_abs,threshold,8,0.0,2,0.25,1.0,0.4,0.0,0.625,0.9739477075012377,0.011468582990346476
linear_control_reg,linear,regression,FCQ,quotient,mean,f_regression,pearson_abs,threshold,7,0.05,2,0.2857142857142857,1.0,0.4444444444444445,0.0,0.5714285714285714,0.9747520528258198,0.01162883298820816
linear_control_reg,linear,regression,FCQ,quotient,mean,f_regression,pearson_abs,threshold,7,0.1,2,0.2857142857142857,1.0,0.4444444444444445,0.0,0.5714285714285714,0.9747520528258198,0.01182508299825713
linear_control_reg,linear,regression,ModMRMR,multiplicative,max,f_regression,pearson_abs,fixed_k,1,,2,1.0,0.5,0.6666666666666666,0.0,0.0,0.47978926504014385,0.0075345409859437495
linear_control_reg,linear,regression,ModMRMR,multiplicative,max,f_regression,pearson_abs,fixed_k,2,,2,1.0,1.0,1.0,0.0,0.0,0.9763339184702583,0.008196665992727503
linear_control_reg,linear,regression,ModMRMR,multiplicative,max,f_regression,pearson_abs,fixed_k,5,,2,0.4,1.0,0.5714285714285715,0.0,0.4,0.9751547761228843,0.009903500002110377
linear_control_reg,linear,regression,ModMRMR,multiplicative,max,f_regression,pearson_abs,threshold,8,0.0,2,0.25,1.0,0.4,0.0,0.625,0.9741306065037643,0.011559833015780896
linear_control_reg,linear,regression,ModMRMR,multiplicative,max,f_regression,pearson_abs,threshold,7,0.05,2,0.2857142857142857,1.0,0.4444444444444445,0.0,0.5714285714285714,0.9751004747990334,0.011557874997379258
linear_control_reg,linear,regression,ModMRMR,multiplicative,max,f_regression,pearson_abs,threshold,7,0.1,2,0.2857142857142857,1.0,0.4444444444444445,0.0,0.5714285714285714,0.9751004747990334,0.011870416987221688
linear_control_reg,linear,regression,ModMRMR_dcor,multiplicative,max,f_regression,distance_corr,fixed_k,1,,2,1.0,0.5,0.6666666666666666,0.0,0.0,0.47978926504014385,0.015875540993874893
linear_control_reg,linear,regression,ModMRMR_dcor,multiplicative,max,f_regression,distance_corr,fixed_k,2,,2,1.0,1.0,1.0,0.0,0.0,0.9763339184702583,0.01642516697756946
linear_control_reg,linear,regression,ModMRMR_dcor,multiplicative,max,f_regression,distance_corr,fixed_k,5,,2,0.4,1.0,0.5714285714285715,0.0,0.4,0.9751156445109068,0.01773604200570844
linear_control_reg,linear,regression,ModMRMR_dcor,multiplicative,max,f_regression,distance_corr,threshold,8,0.0,2,0.25,1.0,0.4,0.0,0.625,0.9742127470541198,0.019997832976514474
linear_control_reg,linear,regression,ModMRMR_dcor,multiplicative,max,f_regression,distance_corr,threshold,7,0.05,2,0.2857142857142857,1.0,0.4444444444444445,0.0,0.5714285714285714,0.9752981984413311,0.019908416987163946
linear_control_reg,linear,regression,ModMRMR_dcor,multiplicative,max,f_regression,distance_corr,threshold,7,0.1,2,0.2857142857142857,1.0,0.4444444444444445,0.0,0.5714285714285714,0.9752981984413311,0.020172666991129518
linear_control_reg,linear,regression,skb_f,,,,,fixed_k,1,,2,1.0,0.5,0.6666666666666666,0.0,0.0,0.47978926504014385,0.00023824998061172664
linear_control_reg,linear,regression,skb_f,,,,,fixed_k,2,,2,0.5,0.5,0.5,0.0,0.0,0.5575539021810125,0.00021200001356191933
linear_control_reg,linear,regression,skb_f,,,,,fixed_k,5,,2,0.4,1.0,0.5714285714285715,0.0,0.4,0.9753225675256438,0.00020795900491066277
linear_control_reg,linear,regression,skb_mi,,,,,fixed_k,1,,2,1.0,0.5,0.6666666666666666,0.0,0.0,0.47978926504014385,0.007959999988088384
linear_control_reg,linear,regression,skb_mi,,,,,fixed_k,2,,2,0.5,0.5,0.5,0.0,0.0,0.5575539021810125,0.007864166022045538
linear_control_reg,linear,regression,skb_mi,,,,,fixed_k,5,,2,0.4,1.0,0.5714285714285715,0.0,0.4,0.9761250100601644,0.007892250025179237
mixed,mixed,classification,MID,difference,mean,mutual_info_classif,mutual_info_sklearn,fixed_k,1,,0,0.0,0.0,0.0,0.0,0.0,0.6814285714285715,0.09577800001716241
mixed,mixed,classification,MID,difference,mean,mutual_info_classif,mutual_info_sklearn,fixed_k,2,,0,0.5,0.5,0.5,0.0,0.0,0.945,0.09656691699638031
mixed,mixed,classification,MID,difference,mean,mutual_info_classif,mutual_info_sklearn,fixed_k,5,,0,0.2,0.5,0.28571428571428575,0.0,0.6,0.9242857142857144,0.09805316597339697
mixed,mixed,classification,MID,difference,mean,mutual_info_classif,mutual_info_sklearn,threshold,5,0.0,0,0.2,0.5,0.28571428571428575,0.0,0.6,0.9242857142857144,0.12118874999578111
mixed,mixed,classification,MID,difference,mean,mutual_info_classif,mutual_info_sklearn,threshold,2,0.05,0,0.5,0.5,0.5,0.0,0.0,0.945,0.09640700000454672
mixed,mixed,classification,MID,difference,mean,mutual_info_classif,mutual_info_sklearn,threshold,2,0.1,0,0.5,0.5,0.5,0.0,0.0,0.945,0.09703904201160185
mixed,mixed,classification,MIQ,quotient,mean,mutual_info_classif,mutual_info_sklearn,fixed_k,1,,0,0.0,0.0,0.0,0.0,0.0,0.6814285714285715,0.09638974998961203
mixed,mixed,classification,MIQ,quotient,mean,mutual_info_classif,mutual_info_sklearn,fixed_k,2,,0,0.5,0.5,0.5,0.0,0.0,0.945,0.09571275001508184
mixed,mixed,classification,MIQ,quotient,mean,mutual_info_classif,mutual_info_sklearn,fixed_k,5,,0,0.2,0.5,0.28571428571428575,0.0,0.6,0.9242857142857144,0.09741033299360424
mixed,mixed,classification,MIQ,quotient,mean,mutual_info_classif,mutual_info_sklearn,threshold,9,0.0,0,0.2222222222222222,1.0,0.3636363636363636,0.0,0.5555555555555556,0.9392857142857143,0.10081133301719092
mixed,mixed,classification,MIQ,quotient,mean,mutual_info_classif,mutual_info_sklearn,threshold,8,0.05,0,0.25,1.0,0.4,0.0,0.5,0.9342857142857143,0.10052812498179264
mixed,mixed,classification,MIQ,quotient,mean,mutual_info_classif,mutual_info_sklearn,threshold,8,0.1,0,0.25,1.0,0.4,0.0,0.5,0.9342857142857143,0.10000079200835899
mixed,mixed,classification,MIFS,difference,sum,mutual_info_classif,mutual_info_sklearn,fixed_k,1,,0,0.0,0.0,0.0,0.0,0.0,0.6814285714285715,0.09533325000666082
mixed,mixed,classification,MIFS,difference,sum,mutual_info_classif,mutual_info_sklearn,fixed_k,2,,0,0.5,0.5,0.5,0.0,0.0,0.945,0.09690254100132734
mixed,mixed,classification,MIFS,difference,sum,mutual_info_classif,mutual_info_sklearn,fixed_k,5,,0,0.2,0.5,0.28571428571428575,0.0,0.6,0.9378571428571428,0.09747554201749153
mixed,mixed,classification,MIFS,difference,sum,mutual_info_classif,mutual_info_sklearn,threshold,4,0.0,0,0.25,0.5,0.3333333333333333,0.0,0.5,0.945,0.09761733299819753
mixed,mixed,classification,MIFS,difference,sum,mutual_info_classif,mutual_info_sklearn,threshold,2,0.05,0,0.5,0.5,0.5,0.0,0.0,0.945,0.09682662499835715
mixed,mixed,classification,MIFS,difference,sum,mutual_info_classif,mutual_info_sklearn,threshold,2,0.1,0,0.5,0.5,0.5,0.0,0.0,0.945,0.09677208299399354
mixed,mixed,classification,FCD,difference,mean,f_classif,pearson_abs,fixed_k,1,,0,0.0,0.0,0.0,0.0,0.0,0.6471428571428571,0.009605125000234693
mixed,mixed,classification,FCD,difference,mean,f_classif,pearson_abs,fixed_k,2,,0,0.5,0.5,0.5,0.0,0.0,0.6807142857142857,0.010026208008639514
mixed,mixed,classification,FCD,difference,mean,f_classif,pearson_abs,fixed_k,5,,0,0.2,0.5,0.28571428571428575,0.0,0.4,0.94,0.011466833006124943
mixed,mixed,classification,FCD,difference,mean,f_classif,pearson_abs,threshold,8,0.0,0,0.25,1.0,0.4,0.0,0.5,0.9242857142857144,0.013316999975359067
mixed,mixed,classification,FCD,difference,mean,f_classif,pearson_abs,threshold,8,0.05,0,0.25,1.0,0.4,0.0,0.5,0.9242857142857144,0.013348249980481341
mixed,mixed,classification,FCD,difference,mean,f_classif,pearson_abs,threshold,8,0.1,0,0.25,1.0,0.4,0.0,0.5,0.9242857142857144,0.013596625009085983
mixed,mixed,classification,FCQ,quotient,mean,f_classif,pearson_abs,fixed_k,1,,0,0.0,0.0,0.0,0.0,0.0,0.6471428571428571,0.009501458000158891
mixed,mixed,classification,FCQ,quotient,mean,f_classif,pearson_abs,fixed_k,2,,0,0.0,0.0,0.0,0.0,0.0,0.9442857142857143,0.010102000000188127
mixed,mixed,classification,FCQ,quotient,mean,f_classif,pearson_abs,fixed_k,5,,0,0.2,0.5,0.28571428571428575,0.0,0.4,0.9414285714285714,0.011789375013904646
mixed,mixed,classification,FCQ,quotient,mean,f_classif,pearson_abs,threshold,9,0.0,0,0.2222222222222222,1.0,0.3636363636363636,0.0,0.5555555555555556,0.9378571428571428,0.013565959001425654
mixed,mixed,classification,FCQ,quotient,mean,f_classif,pearson_abs,threshold,9,0.05,0,0.2222222222222222,1.0,0.3636363636363636,0.0,0.5555555555555556,0.9378571428571428,0.014363624999532476
mixed,mixed,classification,FCQ,quotient,mean,f_classif,pearson_abs,threshold,9,0.1,0,0.2222222222222222,1.0,0.3636363636363636,0.0,0.5555555555555556,0.9378571428571428,0.014290666993474588
mixed,mixed,classification,ModMRMR,multiplicative,max,f_classif,pearson_abs,fixed_k,1,,0,0.0,0.0,0.0,0.0,0.0,0.6471428571428571,0.0094939999980852
mixed,mixed,classification,ModMRMR,multiplicative,max,f_classif,pearson_abs,fixed_k,2,,0,0.0,0.0,0.0,0.0,0.0,0.9442857142857143,0.0170289590023458
mixed,mixed,classification,ModMRMR,multiplicative,max,f_classif,pearson_abs,fixed_k,5,,0,0.0,0.0,0.0,0.0,0.6,0.9378571428571428,0.012023249990306795
mixed,mixed,classification,ModMRMR,multiplicative,max,f_classif,pearson_abs,threshold,9,0.0,0,0.2222222222222222,1.0,0.3636363636363636,0.0,0.5555555555555556,0.9328571428571428,0.014200167002854869
mixed,mixed,classification,ModMRMR,multiplicative,max,f_classif,pearson_abs,threshold,8,0.05,0,0.25,1.0,0.4,0.0,0.5,0.9342857142857143,0.014074999984586611
mixed,mixed,classification,ModMRMR,multiplicative,max,f_classif,pearson_abs,threshold,8,0.1,0,0.25,1.0,0.4,0.0,0.5,0.9342857142857143,0.013999749993672594
mixed,mixed,classification,ModMRMR_dcor,multiplicative,max,f_classif,distance_corr,fixed_k,1,,0,0.0,0.0,0.0,0.0,0.0,0.6471428571428571,0.019781207985943183
mixed,mixed,classification,ModMRMR_dcor,multiplicative,max,f_classif,distance_corr,fixed_k,2,,0,0.0,0.0,0.0,0.0,0.0,0.9442857142857143,0.020624291006242856
mixed,mixed,classification,ModMRMR_dcor,multiplicative,max,f_classif,distance_corr,fixed_k,5,,0,0.0,0.0,0.0,0.0,0.6,0.9378571428571428,0.022379583009751514
mixed,mixed,classification,ModMRMR_dcor,multiplicative,max,f_classif,distance_corr,threshold,9,0.0,0,0.2222222222222222,1.0,0.3636363636363636,0.0,0.5555555555555556,0.9428571428571428,0.02471362499636598
mixed,mixed,classification,ModMRMR_dcor,multiplicative,max,f_classif,distance_corr,threshold,8,0.05,0,0.25,1.0,0.4,0.0,0.5,0.9342857142857143,0.024365499994019046
mixed,mixed,classification,ModMRMR_dcor,multiplicative,max,f_classif,distance_corr,threshold,8,0.1,0,0.25,1.0,0.4,0.0,0.5,0.9342857142857143,0.024874041992006823
mixed,mixed,classification,skb_f,,,,,fixed_k,1,,0,0.0,0.0,0.0,0.0,0.0,0.6471428571428571,0.00021312499302439392
mixed,mixed,classification,skb_f,,,,,fixed_k,2,,0,0.5,0.5,0.5,0.0,0.0,0.6635714285714285,0.00020304200006648898
mixed,mixed,classification,skb_f,,,,,fixed_k,5,,0,0.2,0.5,0.28571428571428575,0.0,0.4,0.9414285714285714,0.00021829199977219105
mixed,mixed,classification,skb_mi,,,,,fixed_k,1,,0,0.0,0.0,0.0,0.0,0.0,0.6814285714285715,0.007483790977858007
mixed,mixed,classification,skb_mi,,,,,fixed_k,2,,0,0.0,0.0,0.0,0.0,0.0,0.9442857142857143,0.007456499995896593
mixed,mixed,classification,skb_mi,,,,,fixed_k,5,,0,0.4,1.0,0.5714285714285715,0.0,0.2,0.9364285714285714,0.0075207500194665045
mixed,mixed,classification,MID,difference,mean,mutual_info_classif,mutual_info_sklearn,fixed_k,1,,1,0.0,0.0,0.0,0.0,0.0,0.6078571428571429,0.09548733299016021
mixed,mixed,classification,MID,difference,mean,mutual_info_classif,mutual_info_sklearn,fixed_k,2,,1,0.5,0.5,0.5,0.0,0.0,0.91,0.0960970830055885
mixed,mixed,classification,MID,difference,mean,mutual_info_classif,mutual_info_sklearn,fixed_k,5,,1,0.2,0.5,0.28571428571428575,0.0,0.6,0.9171428571428571,0.09813724999548867
mixed,mixed,classification,MID,difference,mean,mutual_info_classif,mutual_info_sklearn,threshold,5,0.0,1,0.2,0.5,0.28571428571428575,0.0,0.6,0.9171428571428571,0.09756174997892231
mixed,mixed,classification,MID,difference,mean,mutual_info_classif,mutual_info_sklearn,threshold,2,0.05,1,0.5,0.5,0.5,0.0,0.0,0.91,0.09646574998623691
mixed,mixed,classification,MID,difference,mean,mutual_info_classif,mutual_info_sklearn,threshold,2,0.1,1,0.5,0.5,0.5,0.0,0.0,0.91,0.09898908299510367
mixed,mixed,classification,MIQ,quotient,mean,mutual_info_classif,mutual_info_sklearn,fixed_k,1,,1,0.0,0.0,0.0,0.0,0.0,0.6078571428571429,0.09618362502078526
mixed,mixed,classification,MIQ,quotient,mean,mutual_info_classif,mutual_info_sklearn,fixed_k,2,,1,0.5,0.5,0.5,0.0,0.0,0.91,0.09609266699408181
mixed,mixed,classification,MIQ,quotient,mean,mutual_info_classif,mutual_info_sklearn,fixed_k,5,,1,0.2,0.5,0.28571428571428575,0.0,0.6,0.9171428571428571,0.0986654160078615
mixed,mixed,classification,MIQ,quotient,mean,mutual_info_classif,mutual_info_sklearn,threshold,9,0.0,1,0.2222222222222222,1.0,0.3636363636363636,0.0,0.5555555555555556,0.9307142857142856,0.10019279198604636
mixed,mixed,classification,MIQ,quotient,mean,mutual_info_classif,mutual_info_sklearn,threshold,8,0.05,1,0.25,1.0,0.4,0.0,0.5,0.9221428571428572,0.1011162500071805
mixed,mixed,classification,MIQ,quotient,mean,mutual_info_classif,mutual_info_sklearn,threshold,8,0.1,1,0.25,1.0,0.4,0.0,0.5,0.9221428571428572,0.11392437500762753
mixed,mixed,classification,MIFS,difference,sum,mutual_info_classif,mutual_info_sklearn,fixed_k,1,,1,0.0,0.0,0.0,0.0,0.0,0.6078571428571429,0.09574520800379105
mixed,mixed,classification,MIFS,difference,sum,mutual_info_classif,mutual_info_sklearn,fixed_k,2,,1,0.5,0.5,0.5,0.0,0.0,0.91,0.09548391599673778
mixed,mixed,classification,MIFS,difference,sum,mutual_info_classif,mutual_info_sklearn,fixed_k,5,,1,0.2,0.5,0.28571428571428575,0.0,0.6,0.91,0.09688183301477693
mixed,mixed,classification,MIFS,difference,sum,mutual_info_classif,mutual_info_sklearn,threshold,3,0.0,1,0.3333333333333333,0.5,0.4,0.0,0.3333333333333333,0.9135714285714286,0.09674433400505222
mixed,mixed,classification,MIFS,difference,sum,mutual_info_classif,mutual_info_sklearn,threshold,2,0.05,1,0.5,0.5,0.5,0.0,0.0,0.91,0.09680866700364277
mixed,mixed,classification,MIFS,difference,sum,mutual_info_classif,mutual_info_sklearn,threshold,2,0.1,1,0.5,0.5,0.5,0.0,0.0,0.91,0.09554825001396239
mixed,mixed,classification,FCD,difference,mean,f_classif,pearson_abs,fixed_k,1,,1,0.0,0.0,0.0,0.0,0.0,0.6078571428571429,0.009521791012957692
mixed,mixed,classification,FCD,difference,mean,f_classif,pearson_abs,fixed_k,2,,1,0.5,0.5,0.5,0.0,0.0,0.7078571428571429,0.010021249996498227
mixed,mixed,classification,FCD,difference,mean,f_classif,pearson_abs,fixed_k,5,,1,0.4,1.0,0.5714285714285715,0.0,0.2,0.9185714285714286,0.011437667009886354
mixed,mixed,classification,FCD,difference,mean,f_classif,pearson_abs,threshold,9,0.0,1,0.2222222222222222,1.0,0.3636363636363636,0.0,0.5555555555555556,0.9307142857142856,0.013349333021324128
mixed,mixed,classification,FCD,difference,mean,f_classif,pearson_abs,threshold,7,0.05,1,0.2857142857142857,1.0,0.4444444444444445,0.0,0.42857142857142855,0.9235714285714285,0.013670082989847288
mixed,mixed,classification,FCD,difference,mean,f_classif,pearson_abs,threshold,6,0.1,1,0.3333333333333333,1.0,0.5,0.0,0.3333333333333333,0.925,0.013129083992680535
mixed,mixed,classification,FCQ,quotient,mean,f_classif,pearson_abs,fixed_k,1,,1,0.0,0.0,0.0,0.0,0.0,0.6078571428571429,0.009689750004326925
mixed,mixed,classification,FCQ,quotient,mean,f_classif,pearson_abs,fixed_k,2,,1,0.0,0.0,0.0,0.0,0.0,0.927142857142857,0.010398709011496976
mixed,mixed,classification,FCQ,quotient,mean,f_classif,pearson_abs,fixed_k,5,,1,0.4,1.0,0.5714285714285715,0.0,0.2,0.9199999999999999,0.011883667000802234
mixed,mixed,classification,FCQ,quotient,mean,f_classif,pearson_abs,threshold,9,0.0,1,0.2222222222222222,1.0,0.3636363636363636,0.0,0.5555555555555556,0.9221428571428572,0.01413620897801593
mixed,mixed,classification,FCQ,quotient,mean,f_classif,pearson_abs,threshold,9,0.05,1,0.2222222222222222,1.0,0.3636363636363636,0.0,0.5555555555555556,0.9221428571428572,0.014210624998668209
mixed,mixed,classification,FCQ,quotient,mean,f_classif,pearson_abs,threshold,9,0.1,1,0.2222222222222222,1.0,0.3636363636363636,0.0,0.5555555555555556,0.9221428571428572,0.014181166014168411
mixed,mixed,classification,ModMRMR,multiplicative,max,f_classif,pearson_abs,fixed_k,1,,1,0.0,0.0,0.0,0.0,0.0,0.6078571428571429,0.009583416976965964
mixed,mixed,classification,ModMRMR,multiplicative,max,f_classif,pearson_abs,fixed_k,2,,1,0.0,0.0,0.0,0.0,0.0,0.927142857142857,0.010160707985050976
mixed,mixed,classification,ModMRMR,multiplicative,max,f_classif,pearson_abs,fixed_k,5,,1,0.2,0.5,0.28571428571428575,0.0,0.4,0.9221428571428572,0.011881999991601333
mixed,mixed,classification,ModMRMR,multiplicative,max,f_classif,pearson_abs,threshold,9,0.0,1,0.2222222222222222,1.0,0.3636363636363636,0.0,0.5555555555555556,0.9235714285714285,0.014198292017681524
mixed,mixed,classification,ModMRMR,multiplicative,max,f_classif,pearson_abs,threshold,7,0.05,1,0.2857142857142857,1.0,0.4444444444444445,0.0,0.42857142857142855,0.9357142857142857,0.013616667012684047
mixed,mixed,classification,ModMRMR,multiplicative,max,f_classif,pearson_abs,threshold,7,0.1,1,0.2857142857142857,1.0,0.4444444444444445,0.0,0.42857142857142855,0.9357142857142857,0.013597042008768767
mixed,mixed,classification,ModMRMR_dcor,multiplicative,max,f_classif,distance_corr,fixed_k,1,,1,0.0,0.0,0.0,0.0,0.0,0.6078571428571429,0.020324540993897244
mixed,mixed,classification,ModMRMR_dcor,multiplicative,max,f_classif,distance_corr,fixed_k,2,,1,0.0,0.0,0.0,0.0,0.0,0.927142857142857,0.02079016700736247
mixed,mixed,classification,ModMRMR_dcor,multiplicative,max,f_classif,distance_corr,fixed_k,5,,1,0.4,1.0,0.5714285714285715,0.0,0.2,0.9185714285714286,0.02249025000492111
mixed,mixed,classification,ModMRMR_dcor,multiplicative,max,f_classif,distance_corr,threshold,9,0.0,1,0.2222222222222222,1.0,0.3636363636363636,0.0,0.5555555555555556,0.9307142857142856,0.024878458003513515
mixed,mixed,classification,ModMRMR_dcor,multiplicative,max,f_classif,distance_corr,threshold,7,0.05,1,0.2857142857142857,1.0,0.4444444444444445,0.0,0.42857142857142855,0.927142857142857,0.024144708004314452
mixed,mixed,classification,ModMRMR_dcor,multiplicative,max,f_classif,distance_corr,threshold,7,0.1,1,0.2857142857142857,1.0,0.4444444444444445,0.0,0.42857142857142855,0.927142857142857,0.02395229201647453
mixed,mixed,classification,skb_f,,,,,fixed_k,1,,1,0.0,0.0,0.0,0.0,0.0,0.6078571428571429,0.00022008299129083753
mixed,mixed,classification,skb_f,,,,,fixed_k,2,,1,0.5,0.5,0.5,0.0,0.0,0.7042857142857143,0.00021462500444613397
mixed,mixed,classification,skb_f,,,,,fixed_k,5,,1,0.4,1.0,0.5714285714285715,0.0,0.2,0.9135714285714286,0.00021770797320641577
mixed,mixed,classification,skb_mi,,,,,fixed_k,1,,1,0.0,0.0,0.0,0.0,0.0,0.6078571428571429,0.00760274997446686
mixed,mixed,classification,skb_mi,,,,,fixed_k,2,,1,0.0,0.0,0.0,0.0,0.0,0.927142857142857,0.007532041985541582
mixed,mixed,classification,skb_mi,,,,,fixed_k,5,,1,0.4,1.0,0.5714285714285715,0.0,0.2,0.9085714285714286,0.007523083011619747
mixed,mixed,classification,MID,difference,mean,mutual_info_classif,mutual_info_sklearn,fixed_k,1,,2,0.0,0.0,0.0,0.0,0.0,0.6635714285714286,0.09517625000444241
mixed,mixed,classification,MID,difference,mean,mutual_info_classif,mutual_info_sklearn,fixed_k,2,,2,0.0,0.0,0.0,0.0,0.0,0.8807142857142858,0.09631908297888003
mixed,mixed,classification,MID,difference,mean,mutual_info_classif,mutual_info_sklearn,fixed_k,5,,2,0.0,0.0,0.0,0.0,0.6,0.8957142857142857,0.09807049998198636
mixed,mixed,classification,MID,difference,mean,mutual_info_classif,mutual_info_sklearn,threshold,4,0.0,2,0.0,0.0,0.0,0.0,0.5,0.8928571428571428,0.09809191699605435
mixed,mixed,classification,MID,difference,mean,mutual_info_classif,mutual_info_sklearn,threshold,2,0.05,2,0.0,0.0,0.0,0.0,0.0,0.8807142857142858,0.09625841601518914
mixed,mixed,classification,MID,difference,mean,mutual_info_classif,mutual_info_sklearn,threshold,2,0.1,2,0.0,0.0,0.0,0.0,0.0,0.8807142857142858,0.09600225000758655
mixed,mixed,classification,MIQ,quotient,mean,mutual_info_classif,mutual_info_sklearn,fixed_k,1,,2,0.0,0.0,0.0,0.0,0.0,0.6635714285714286,0.09555362499668263
mixed,mixed,classification,MIQ,quotient,mean,mutual_info_classif,mutual_info_sklearn,fixed_k,2,,2,0.0,0.0,0.0,0.0,0.0,0.8807142857142858,0.09630354199907742
mixed,mixed,classification,MIQ,quotient,mean,mutual_info_classif,mutual_info_sklearn,fixed_k,5,,2,0.2,0.5,0.28571428571428575,0.0,0.4,0.8885714285714286,0.09723350001149811
mixed,mixed,classification,MIQ,quotient,mean,mutual_info_classif,mutual_info_sklearn,threshold,9,0.0,2,0.2222222222222222,1.0,0.3636363636363636,0.0,0.5555555555555556,0.9085714285714286,0.10008887501317076
mixed,mixed,classification,MIQ,quotient,mean,mutual_info_classif,mutual_info_sklearn,threshold,6,0.05,2,0.3333333333333333,1.0,0.5,0.0,0.3333333333333333,0.9021428571428571,0.09863520797807723
mixed,mixed,classification,MIQ,quotient,mean,mutual_info_classif,mutual_info_sklearn,threshold,6,0.1,2,0.3333333333333333,1.0,0.5,0.0,0.3333333333333333,0.9021428571428571,0.0984885000216309
mixed,mixed,classification,MIFS,difference,sum,mutual_info_classif,mutual_info_sklearn,fixed_k,1,,2,0.0,0.0,0.0,0.0,0.0,0.6635714285714286,0.09487925001303665
mixed,mixed,classification,MIFS,difference,sum,mutual_info_classif,mutual_info_sklearn,fixed_k,2,,2,0.0,0.0,0.0,0.0,0.0,0.8807142857142858,0.09604095798567869
mixed,mixed,classification,MIFS,difference,sum,mutual_info_classif,mutual_info_sklearn,fixed_k,5,,2,0.0,0.0,0.0,0.0,0.6,0.8835714285714286,0.0977158340101596
mixed,mixed,classification,MIFS,difference,sum,mutual_info_classif,mutual_info_sklearn,threshold,2,0.0,2,0.0,0.0,0.0,0.0,0.0,0.8807142857142858,0.09656900001573376
mixed,mixed,classification,MIFS,difference,sum,mutual_info_classif,mutual_info_sklearn,threshold,2,0.05,2,0.0,0.0,0.0,0.0,0.0,0.8807142857142858,0.09691383299650624
mixed,mixed,classification,MIFS,difference,sum,mutual_info_classif,mutual_info_sklearn,threshold,2,0.1,2,0.0,0.0,0.0,0.0,0.0,0.8807142857142858,0.09752279199892655
mixed,mixed,classification,FCD,difference,mean,f_classif,pearson_abs,fixed_k,1,,2,0.0,0.0,0.0,0.0,0.0,0.6635714285714286,0.009350332984467968
mixed,mixed,classification,FCD,difference,mean,f_classif,pearson_abs,fixed_k,2,,2,0.5,0.5,0.5,0.0,0.0,0.6978571428571428,0.010060625005280599
mixed,mixed,classification,FCD,difference,mean,f_classif,pearson_abs,fixed_k,5,,2,0.4,1.0,0.5714285714285715,0.0,0.2,0.8964285714285715,0.011372249980922788
mixed,mixed,classification,FCD,difference,mean,f_classif,pearson_abs,threshold,7,0.0,2,0.2857142857142857,1.0,0.4444444444444445,0.0,0.42857142857142855,0.9085714285714286,0.012778457981767133
mixed,mixed,classification,FCD,difference,mean,f_classif,pearson_abs,threshold,6,0.05,2,0.3333333333333333,1.0,0.5,0.0,0.3333333333333333,0.895,0.012435708020348102
mixed,mixed,classification,FCD,difference,mean,f_classif,pearson_abs,threshold,6,0.1,2,0.3333333333333333,1.0,0.5,0.0,0.3333333333333333,0.895,0.012572000006912276
mixed,mixed,classification,FCQ,quotient,mean,f_classif,pearson_abs,fixed_k,1,,2,0.0,0.0,0.0,0.0,0.0,0.6635714285714286,0.00954691701917909
mixed,mixed,classification,FCQ,quotient,mean,f_classif,pearson_abs,fixed_k,2,,2,0.0,0.0,0.0,0.0,0.0,0.8807142857142858,0.0102106659905985
mixed,mixed,classification,FCQ,quotient,mean,f_classif,pearson_abs,fixed_k,5,,2,0.4,1.0,0.5714285714285715,0.0,0.2,0.8964285714285715,0.011824582994449884
mixed,mixed,classification,FCQ,quotient,mean,f_classif,pearson_abs,threshold,9,0.0,2,0.2222222222222222,1.0,0.3636363636363636,0.0,0.5555555555555556,0.9035714285714286,0.014050665980903432
mixed,mixed,classification,FCQ,quotient,mean,f_classif,pearson_abs,threshold,9,0.05,2,0.2222222222222222,1.0,0.3636363636363636,0.0,0.5555555555555556,0.9035714285714286,0.014101500011747703
mixed,mixed,classification,FCQ,quotient,mean,f_classif,pearson_abs,threshold,9,0.1,2,0.2222222222222222,1.0,0.3636363636363636,0.0,0.5555555555555556,0.9035714285714286,0.013936542003648356
mixed,mixed,classification,ModMRMR,multiplicative,max,f_classif,pearson_abs,fixed_k,1,,2,0.0,0.0,0.0,0.0,0.0,0.6635714285714286,0.009572000009939075
mixed,mixed,classification,ModMRMR,multiplicative,max,f_classif,pearson_abs,fixed_k,2,,2,0.0,0.0,0.0,0.0,0.0,0.8807142857142858,0.010237292008241639
mixed,mixed,classification,ModMRMR,multiplicative,max,f_classif,pearson_abs,fixed_k,5,,2,0.4,1.0,0.5714285714285715,0.0,0.2,0.9,0.01185758298379369
mixed,mixed,classification,ModMRMR,multiplicative,max,f_classif,pearson_abs,threshold,9,0.0,2,0.2222222222222222,1.0,0.3636363636363636,0.0,0.5555555555555556,0.9,0.014382541994564235
mixed,mixed,classification,ModMRMR,multiplicative,max,f_classif,pearson_abs,threshold,7,0.05,2,0.2857142857142857,1.0,0.4444444444444445,0.0,0.42857142857142855,0.9035714285714286,0.013623083010315895
mixed,mixed,classification,ModMRMR,multiplicative,max,f_classif,pearson_abs,threshold,6,0.1,2,0.3333333333333333,1.0,0.5,0.0,0.3333333333333333,0.905,0.013052458001766354
mixed,mixed,classification,ModMRMR_dcor,multiplicative,max,f_classif,distance_corr,fixed_k,1,,2,0.0,0.0,0.0,0.0,0.0,0.6635714285714286,0.01997049999772571
mixed,mixed,classification,ModMRMR_dcor,multiplicative,max,f_classif,distance_corr,fixed_k,2,,2,0.0,0.0,0.0,0.0,0.0,0.8807142857142858,0.020611165993614122
mixed,mixed,classification,ModMRMR_dcor,multiplicative,max,f_classif,distance_corr,fixed_k,5,,2,0.4,1.0,0.5714285714285715,0.0,0.2,0.9,0.022400707995984703
mixed,mixed,classification,ModMRMR_dcor,multiplicative,max,f_classif,distance_corr,threshold,9,0.0,2,0.2222222222222222,1.0,0.3636363636363636,0.0,0.5555555555555556,0.9,0.02489941698149778
mixed,mixed,classification,ModMRMR_dcor,multiplicative,max,f_classif,distance_corr,threshold,7,0.05,2,0.2857142857142857,1.0,0.4444444444444445,0.0,0.42857142857142855,0.9035714285714286,0.02419062500121072
mixed,mixed,classification,ModMRMR_dcor,multiplicative,max,f_classif,distance_corr,threshold,6,0.1,2,0.3333333333333333,1.0,0.5,0.0,0.3333333333333333,0.905,0.02342762501211837
mixed,mixed,classification,skb_f,,,,,fixed_k,1,,2,0.0,0.0,0.0,0.0,0.0,0.6635714285714286,0.00022783299209550023
mixed,mixed,classification,skb_f,,,,,fixed_k,2,,2,0.5,0.5,0.5,0.0,0.0,0.6892857142857143,0.0002128329942934215
mixed,mixed,classification,skb_f,,,,,fixed_k,5,,2,0.4,1.0,0.5714285714285715,0.0,0.2,0.895,0.00020741700427606702
mixed,mixed,classification,skb_mi,,,,,fixed_k,1,,2,0.0,0.0,0.0,0.0,0.0,0.6635714285714286,0.007591458008391783
mixed,mixed,classification,skb_mi,,,,,fixed_k,2,,2,0.0,0.0,0.0,0.0,0.0,0.8807142857142858,0.007784124987665564
mixed,mixed,classification,skb_mi,,,,,fixed_k,5,,2,0.4,1.0,0.5714285714285715,0.0,0.2,0.895,0.007538292004028335
xor,nonlinear,classification,MID,difference,mean,mutual_info_classif,mutual_info_sklearn,fixed_k,1,,0,0.0,0.0,0.0,0.0,1.0,0.46780712145495085,0.07581829201080836
xor,nonlinear,classification,MID,difference,mean,mutual_info_classif,mutual_info_sklearn,fixed_k,2,,0,0.5,0.5,0.5,0.0,0.5,0.47571597798062853,0.07614591700257733
xor,nonlinear,classification,MID,difference,mean,mutual_info_classif,mutual_info_sklearn,fixed_k,5,,0,0.4,1.0,0.5714285714285715,0.0,0.6,0.9960629921259843,0.07695004198467359
xor,nonlinear,classification,MID,difference,mean,mutual_info_classif,mutual_info_sklearn,threshold,4,0.0,0,0.25,0.5,0.3333333333333333,0.0,0.75,0.4589924047104731,0.07783783299964853
xor,nonlinear,classification,MID,difference,mean,mutual_info_classif,mutual_info_sklearn,threshold,1,0.05,0,0.0,0.0,0.0,0.0,1.0,0.46780712145495085,0.07600775000173599
xor,nonlinear,classification,MID,difference,mean,mutual_info_classif,mutual_info_sklearn,threshold,1,0.1,0,0.0,0.0,0.0,0.0,1.0,0.46780712145495085,0.07545062500867061
xor,nonlinear,classification,MIQ,quotient,mean,mutual_info_classif,mutual_info_sklearn,fixed_k,1,,0,0.0,0.0,0.0,0.0,1.0,0.46780712145495085,0.07490458301617764
xor,nonlinear,classification,MIQ,quotient,mean,mutual_info_classif,mutual_info_sklearn,fixed_k,2,,0,0.5,0.5,0.5,0.0,0.5,0.47571597798062853,0.07599083302193321
xor,nonlinear,classification,MIQ,quotient,mean,mutual_info_classif,mutual_info_sklearn,fixed_k,5,,0,0.2,0.5,0.28571428571428575,0.0,0.8,0.4535920841753188,0.07784266700036824
xor,nonlinear,classification,MIQ,quotient,mean,mutual_info_classif,mutual_info_sklearn,threshold,8,0.0,0,0.25,1.0,0.4,0.0,0.75,0.9823008849557522,0.07950791702023707
xor,nonlinear,classification,MIQ,quotient,mean,mutual_info_classif,mutual_info_sklearn,threshold,4,0.05,0,0.25,0.5,0.3333333333333333,0.0,0.75,0.4589924047104731,0.07786895800381899
xor,nonlinear,classification,MIQ,quotient,mean,mutual_info_classif,mutual_info_sklearn,threshold,4,0.1,0,0.25,0.5,0.3333333333333333,0.0,0.75,0.4589924047104731,0.07702291698660702
xor,nonlinear,classification,MIFS,difference,sum,mutual_info_classif,mutual_info_sklearn,fixed_k,1,,0,0.0,0.0,0.0,0.0,1.0,0.46780712145495085,0.07516941698850133
xor,nonlinear,classification,MIFS,difference,sum,mutual_info_classif,mutual_info_sklearn,fixed_k,2,,0,0.5,0.5,0.5,0.0,0.5,0.47571597798062853,0.07583608300774358
xor,nonlinear,classification,MIFS,difference,sum,mutual_info_classif,mutual_info_sklearn,fixed_k,5,,0,0.4,1.0,0.5714285714285715,0.0,0.6,0.9960629921259843,0.0776842079940252
xor,nonlinear,classification,MIFS,difference,sum,mutual_info_classif,mutual_info_sklearn,threshold,4,0.0,0,0.25,0.5,0.3333333333333333,0.0,0.75,0.4589924047104731,0.07763995800632983
xor,nonlinear,classification,MIFS,difference,sum,mutual_info_classif,mutual_info_sklearn,threshold,1,0.05,0,0.0,0.0,0.0,0.0,1.0,0.46780712145495085,0.07559320901054889
xor,nonlinear,classification,MIFS,difference,sum,mutual_info_classif,mutual_info_sklearn,threshold,1,0.1,0,0.0,0.0,0.0,0.0,1.0,0.46780712145495085,0.07571429200470448
xor,nonlinear,classification,FCD,difference,mean,f_classif,pearson_abs,fixed_k,1,,0,1.0,0.5,0.6666666666666666,0.0,0.0,0.5007316563305693,0.007412374980049208
xor,nonlinear,classification,FCD,difference,mean,f_classif,pearson_abs,fixed_k,2,,0,0.5,0.5,0.5,0.0,0.5,0.5524005295798202,0.008255458989879116
xor,nonlinear,classification,FCD,difference,mean,f_classif,pearson_abs,fixed_k,5,,0,0.4,1.0,0.5714285714285715,0.0,0.6,0.9960629921259843,0.009763582987943664
xor,nonlinear,classification,FCD,difference,mean,f_classif,pearson_abs,threshold,6,0.0,0,0.3333333333333333,1.0,0.5,0.0,0.6666666666666666,0.9877012054909066,0.01061683302395977
xor,nonlinear,classification,FCD,difference,mean,f_classif,pearson_abs,threshold,6,0.05,0,0.3333333333333333,1.0,0.5,0.0,0.6666666666666666,0.9877012054909066,0.010103874985361472
xor,nonlinear,classification,FCD,difference,mean,f_classif,pearson_abs,threshold,3,0.1,0,0.6666666666666666,1.0,0.8,0.0,0.3333333333333333,0.9916382133649223,0.009089457977097481
xor,nonlinear,classification,FCQ,quotient,mean,f_classif,pearson_abs,fixed_k,1,,0,1.0,0.5,0.6666666666666666,0.0,0.0,0.5007316563305693,0.0075579999829642475
xor,nonlinear,classification,FCQ,quotient,mean,f_classif,pearson_abs,fixed_k,2,,0,0.5,0.5,0.5,0.0,0.5,0.5524005295798202,0.008104792010271922
xor,nonlinear,classification,FCQ,quotient,mean,f_classif,pearson_abs,fixed_k,5,,0,0.4,1.0,0.5714285714285715,0.0,0.6,0.9960629921259843,0.010120708000613376
xor,nonlinear,classification,FCQ,quotient,mean,f_classif,pearson_abs,threshold,8,0.0,0,0.25,1.0,0.4,0.0,0.75,0.9709776322207511,0.011754667008062825
xor,nonlinear,classification,FCQ,quotient,mean,f_classif,pearson_abs,threshold,7,0.05,0,0.2857142857142857,1.0,0.4444444444444445,0.0,0.7142857142857143,0.9921259842519685,0.012034124985802919
xor,nonlinear,classification,FCQ,quotient,mean,f_classif,pearson_abs,threshold,7,0.1,0,0.2857142857142857,1.0,0.4444444444444445,0.0,0.7142857142857143,0.9921259842519685,0.011686792015098035
xor,nonlinear,classification,ModMRMR,multiplicative,max,f_classif,pearson_abs,fixed_k,1,,0,1.0,0.5,0.6666666666666666,0.0,0.0,0.5007316563305693,0.0076025419984944165
xor,nonlinear,classification,ModMRMR,multiplicative,max,f_classif,pearson_abs,fixed_k,2,,0,0.5,0.5,0.5,0.0,0.5,0.5524005295798202,0.008304957998916507
xor,nonlinear,classification,ModMRMR,multiplicative,max,f_classif,pearson_abs,fixed_k,5,,0,0.4,1.0,0.5714285714285715,0.0,0.6,0.9916382133649223,0.01002841698937118
xor,nonlinear,classification,ModMRMR,multiplicative,max,f_classif,pearson_abs,threshold,8,0.0,0,0.25,1.0,0.4,0.0,0.75,0.9744268692077207,0.011899292003363371
xor,nonlinear,classification,ModMRMR,multiplicative,max,f_classif,pearson_abs,threshold,6,0.05,0,0.3333333333333333,1.0,0.5,0.0,0.6666666666666666,0.995575221238938,0.010865166987059638
xor,nonlinear,classification,ModMRMR,multiplicative,max,f_classif,pearson_abs,threshold,6,0.1,0,0.3333333333333333,1.0,0.5,0.0,0.6666666666666666,0.995575221238938,0.011249415983911604
xor,nonlinear,classification,ModMRMR_dcor,multiplicative,max,f_classif,distance_corr,fixed_k,1,,0,1.0,0.5,0.6666666666666666,0.0,0.0,0.5007316563305693,0.015672292007366195
xor,nonlinear,classification,ModMRMR_dcor,multiplicative,max,f_classif,distance_corr,fixed_k,2,,0,0.5,0.5,0.5,0.0,0.5,0.5524005295798202,0.01634441700298339
xor,nonlinear,classification,ModMRMR_dcor,multiplicative,max,f_classif,distance_corr,fixed_k,5,,0,0.4,1.0,0.5714285714285715,0.0,0.6,0.9916382133649223,0.018274542002473027
xor,nonlinear,classification,ModMRMR_dcor,multiplicative,max,f_classif,distance_corr,threshold,8,0.0,0,0.25,1.0,0.4,0.0,0.75,0.9744268692077207,0.019677874981425703
xor,nonlinear,classification,ModMRMR_dcor,multiplicative,max,f_classif,distance_corr,threshold,6,0.05,0,0.3333333333333333,1.0,0.5,0.0,0.6666666666666666,0.995575221238938,0.019320082996273413
xor,nonlinear,classification,ModMRMR_dcor,multiplicative,max,f_classif,distance_corr,threshold,6,0.1,0,0.3333333333333333,1.0,0.5,0.0,0.6666666666666666,0.995575221238938,0.019558291998691857
xor,nonlinear,classification,skb_f,,,,,fixed_k,1,,0,1.0,0.5,0.6666666666666666,0.0,0.0,0.5007316563305693,0.00021887500770390034
xor,nonlinear,classification,skb_f,,,,,fixed_k,2,,0,0.5,0.5,0.5,0.0,0.5,0.5524005295798202,0.00022212500334717333
xor,nonlinear,classification,skb_f,,,,,fixed_k,5,,0,0.4,1.0,0.5714285714285715,0.0,0.6,0.9916382133649223,0.0002295419981237501
xor,nonlinear,classification,skb_mi,,,,,fixed_k,1,,0,0.0,0.0,0.0,0.0,1.0,0.46780712145495085,0.0066868329886347055
xor,nonlinear,classification,skb_mi,,,,,fixed_k,2,,0,0.5,0.5,0.5,0.0,0.5,0.45209393073653403,0.006531208986416459
xor,nonlinear,classification,skb_mi,,,,,fixed_k,5,,0,0.2,0.5,0.28571428571428575,0.0,0.8,0.4978747125635844,0.006660832994384691
xor,nonlinear,classification,MID,difference,mean,mutual_info_classif,mutual_info_sklearn,fixed_k,1,,1,0.0,0.0,0.0,0.0,1.0,0.492892481360184,0.07447795799816959
xor,nonlinear,classification,MID,difference,mean,mutual_info_classif,mutual_info_sklearn,fixed_k,2,,1,0.5,0.5,0.5,0.0,0.5,0.492892481360184,0.07642633299110457
xor,nonlinear,classification,MID,difference,mean,mutual_info_classif,mutual_info_sklearn,fixed_k,5,,1,0.4,1.0,0.5714285714285715,0.0,0.6,0.9960629921259843,0.10078129201428965
xor,nonlinear,classification,MID,difference,mean,mutual_info_classif,mutual_info_sklearn,threshold,3,0.0,1,0.3333333333333333,0.5,0.4,0.0,0.6666666666666666,0.47028081666782806,0.07610687499982305
xor,nonlinear,classification,MID,difference,mean,mutual_info_classif,mutual_info_sklearn,threshold,1,0.05,1,0.0,0.0,0.0,0.0,1.0,0.492892481360184,0.07631370800663717
xor,nonlinear,classification,MID,difference,mean,mutual_info_classif,mutual_info_sklearn,threshold,1,0.1,1,0.0,0.0,0.0,0.0,1.0,0.492892481360184,0.07600624999031425
xor,nonlinear,classification,MIQ,quotient,mean,mutual_info_classif,mutual_info_sklearn,fixed_k,1,,1,0.0,0.0,0.0,0.0,1.0,0.492892481360184,0.07478395799989812
xor,nonlinear,classification,MIQ,quotient,mean,mutual_info_classif,mutual_info_sklearn,fixed_k,2,,1,0.0,0.0,0.0,0.0,1.0,0.5430632011706501,0.07540908301598392
xor,nonlinear,classification,MIQ,quotient,mean,mutual_info_classif,mutual_info_sklearn,fixed_k,5,,1,0.2,0.5,0.28571428571428575,0.0,0.8,0.45258170162358025,0.07766887501929887
xor,nonlinear,classification,MIQ,quotient,mean,mutual_info_classif,mutual_info_sklearn,threshold,8,0.0,1,0.25,1.0,0.4,0.0,0.75,0.9700020904466589,0.07935449999058619
xor,nonlinear,classification,MIQ,quotient,mean,mutual_info_classif,mutual_info_sklearn,threshold,2,0.05,1,0.0,0.0,0.0,0.0,1.0,0.5430632011706501,0.0760100000188686
xor,nonlinear,classification,MIQ,quotient,mean,mutual_info_classif,mutual_info_sklearn,threshold,2,0.1,1,0.0,0.0,0.0,0.0,1.0,0.5430632011706501,0.07643829201697372
xor,nonlinear,classification,MIFS,difference,sum,mutual_info_classif,mutual_info_sklearn,fixed_k,1,,1,0.0,0.0,0.0,0.0,1.0,0.492892481360184,0.07568162502138875
xor,nonlinear,classification,MIFS,difference,sum,mutual_info_classif,mutual_info_sklearn,fixed_k,2,,1,0.5,0.5,0.5,0.0,0.5,0.492892481360184,0.07719141599955037
xor,nonlinear,classification,MIFS,difference,sum,mutual_info_classif,mutual_info_sklearn,fixed_k,5,,1,0.4,1.0,0.5714285714285715,0.0,0.6,0.9960629921259843,0.07722245898912661
xor,nonlinear,classification,MIFS,difference,sum,mutual_info_classif,mutual_info_sklearn,threshold,3,0.0,1,0.3333333333333333,0.5,0.4,0.0,0.6666666666666666,0.47028081666782806,0.0770174999779556
xor,nonlinear,classification,MIFS,difference,sum,mutual_info_classif,mutual_info_sklearn,threshold,1,0.05,1,0.0,0.0,0.0,0.0,1.0,0.492892481360184,0.07654870802070946
xor,nonlinear,classification,MIFS,difference,sum,mutual_info_classif,mutual_info_sklearn,threshold,1,0.1,1,0.0,0.0,0.0,0.0,1.0,0.492892481360184,0.07586770801572129
xor,nonlinear,classification,FCD,difference,mean,f_classif,pearson_abs,fixed_k,1,,1,0.0,0.0,0.0,0.0,1.0,0.5002438854435232,0.007514458004152402
xor,nonlinear,classification,FCD,difference,mean,f_classif,pearson_abs,fixed_k,2,,1,0.5,0.5,0.5,0.0,0.5,0.5076301303045083,0.008074457990005612
xor,nonlinear,classification,FCD,difference,mean,f_classif,pearson_abs,fixed_k,5,,1,0.4,1.0,0.5714285714285715,0.0,0.6,0.995575221238938,0.009547374997055158
xor,nonlinear,classification,FCD,difference,mean,f_classif,pearson_abs,threshold,7,0.0,1,0.2857142857142857,1.0,0.4444444444444445,0.0,0.7142857142857143,0.9783638770817364,0.01098808299866505
xor,nonlinear,classification,FCD,difference,mean,f_classif,pearson_abs,threshold,6,0.05,1,0.3333333333333333,1.0,0.5,0.0,0.6666666666666666,0.995575221238938,0.010740124998847023
xor,nonlinear,classification,FCD,difference,mean,f_classif,pearson_abs,threshold,5,0.1,1,0.4,1.0,0.5714285714285715,0.0,0.6,0.995575221238938,0.009746832976816222
xor,nonlinear,classification,FCQ,quotient,mean,f_classif,pearson_abs,fixed_k,1,,1,0.0,0.0,0.0,0.0,1.0,0.5002438854435232,0.007699542009504512
xor,nonlinear,classification,FCQ,quotient,mean,f_classif,pearson_abs,fixed_k,2,,1,0.5,0.5,0.5,0.0,0.5,0.4338722040275939,0.007950875005917624
xor,nonlinear,classification,FCQ,quotient,mean,f_classif,pearson_abs,fixed_k,5,,1,0.4,1.0,0.5714285714285715,0.0,0.6,0.9916382133649223,0.00999441699241288
xor,nonlinear,classification,FCQ,quotient,mean,f_classif,pearson_abs,threshold,8,0.0,1,0.25,1.0,0.4,0.0,0.75,0.9212946832973312,0.011708958016242832
xor,nonlinear,classification,FCQ,quotient,mean,f_classif,pearson_abs,threshold,8,0.05,1,0.25,1.0,0.4,0.0,0.75,0.9212946832973312,0.01172245800262317
xor,nonlinear,classification,FCQ,quotient,mean,f_classif,pearson_abs,threshold,7,0.1,1,0.2857142857142857,1.0,0.4444444444444445,0.0,0.7142857142857143,0.9788516479687827,0.011559292004676536
xor,nonlinear,classification,ModMRMR,multiplicative,max,f_classif,pearson_abs,fixed_k,1,,1,0.0,0.0,0.0,0.0,1.0,0.5002438854435232,0.0071703749999869615
xor,nonlinear,classification,ModMRMR,multiplicative,max,f_classif,pearson_abs,fixed_k,2,,1,0.5,0.5,0.5,0.0,0.5,0.5076301303045083,0.00826691699330695
xor,nonlinear,classification,ModMRMR,multiplicative,max,f_classif,pearson_abs,fixed_k,5,,1,0.4,1.0,0.5714285714285715,0.0,0.6,0.995575221238938,0.00991275001433678
xor,nonlinear,classification,ModMRMR,multiplicative,max,f_classif,pearson_abs,threshold,8,0.0,1,0.25,1.0,0.4,0.0,0.75,0.9655773116855968,0.01169987500179559
xor,nonlinear,classification,ModMRMR,multiplicative,max,f_classif,pearson_abs,threshold,7,0.05,1,0.2857142857142857,1.0,0.4444444444444445,0.0,0.7142857142857143,0.9783638770817364,0.011725916003342718
xor,nonlinear,classification,ModMRMR,multiplicative,max,f_classif,pearson_abs,threshold,5,0.1,1,0.4,1.0,0.5714285714285715,0.0,0.6,0.995575221238938,0.01003662499715574
xor,nonlinear,classification,ModMRMR_dcor,multiplicative,max,f_classif,distance_corr,fixed_k,1,,1,0.0,0.0,0.0,0.0,1.0,0.5002438854435232,0.015952041983837262
xor,nonlinear,classification,ModMRMR_dcor,multiplicative,max,f_classif,distance_corr,fixed_k,2,,1,0.5,0.5,0.5,0.0,0.5,0.5076301303045083,0.016324374999385327
xor,nonlinear,classification,ModMRMR_dcor,multiplicative,max,f_classif,distance_corr,fixed_k,5,,1,0.4,1.0,0.5714285714285715,0.0,0.6,0.995575221238938,0.017768124991562217
xor,nonlinear,classification,ModMRMR_dcor,multiplicative,max,f_classif,distance_corr,threshold,8,0.0,1,0.25,1.0,0.4,0.0,0.75,0.9655773116855968,0.020282417011912912
xor,nonlinear,classification,ModMRMR_dcor,multiplicative,max,f_classif,distance_corr,threshold,7,0.05,1,0.2857142857142857,1.0,0.4444444444444445,0.0,0.7142857142857143,0.9783638770817364,0.01998195899068378
xor,nonlinear,classification,ModMRMR_dcor,multiplicative,max,f_classif,distance_corr,threshold,5,0.1,1,0.4,1.0,0.5714285714285715,0.0,0.6,0.995575221238938,0.018640291003976017
xor,nonlinear,classification,skb_f,,,,,fixed_k,1,,1,0.0,0.0,0.0,0.0,1.0,0.5002438854435232,0.00023345902445726097
xor,nonlinear,classification,skb_f,,,,,fixed_k,2,,1,0.5,0.5,0.5,0.0,0.5,0.48501846561215245,0.00021316698985174298
xor,nonlinear,classification,skb_f,,,,,fixed_k,5,,1,0.4,1.0,0.5714285714285715,0.0,0.6,0.9916382133649223,0.00020633399253711104
xor,nonlinear,classification,skb_mi,,,,,fixed_k,1,,1,0.0,0.0,0.0,0.0,1.0,0.492892481360184,0.006663709005806595
xor,nonlinear,classification,skb_mi,,,,,fixed_k,2,,1,0.0,0.0,0.0,0.0,1.0,0.5430632011706501,0.00692745900596492
xor,nonlinear,classification,skb_mi,,,,,fixed_k,5,,1,0.2,0.5,0.28571428571428575,0.0,0.8,0.4245348756184238,0.00661620800383389
xor,nonlinear,classification,MID,difference,mean,mutual_info_classif,mutual_info_sklearn,fixed_k,1,,2,0.0,0.0,0.0,0.0,1.0,0.4948435649083688,0.07583274997887202
xor,nonlinear,classification,MID,difference,mean,mutual_info_classif,mutual_info_sklearn,fixed_k,2,,2,0.0,0.0,0.0,0.0,1.0,0.44568322764964113,0.07552329200552776
xor,nonlinear,classification,MID,difference,mean,mutual_info_classif,mutual_info_sklearn,fixed_k,5,,2,0.2,0.5,0.28571428571428575,0.0,0.8,0.4909413978119992,0.08532179199391976
xor,nonlinear,classification,MID,difference,mean,mutual_info_classif,mutual_info_sklearn,threshold,4,0.0,2,0.0,0.0,0.0,0.0,1.0,0.4432443732144101,0.077922958007548
xor,nonlinear,classification,MID,difference,mean,mutual_info_classif,mutual_info_sklearn,threshold,1,0.05,2,0.0,0.0,0.0,0.0,1.0,0.4948435649083688,0.07643924999865703
xor,nonlinear,classification,MID,difference,mean,mutual_info_classif,mutual_info_sklearn,threshold,1,0.1,2,0.0,0.0,0.0,0.0,1.0,0.4948435649083688,0.07555870799114928
xor,nonlinear,classification,MIQ,quotient,mean,mutual_info_classif,mutual_info_sklearn,fixed_k,1,,2,0.0,0.0,0.0,0.0,1.0,0.4948435649083688,0.07550162501865998
xor,nonlinear,classification,MIQ,quotient,mean,mutual_info_classif,mutual_info_sklearn,fixed_k,2,,2,0.0,0.0,0.0,0.0,1.0,0.44568322764964113,0.07684466597856954
xor,nonlinear,classification,MIQ,quotient,mean,mutual_info_classif,mutual_info_sklearn,fixed_k,5,,2,0.2,0.5,0.28571428571428575,0.0,0.8,0.4934150930248763,0.08084145799512044
xor,nonlinear,classification,MIQ,quotient,mean,mutual_info_classif,mutual_info_sklearn,threshold,8,0.0,2,0.25,1.0,0.4,0.0,0.75,0.9193435997491464,0.07986975001404062
xor,nonlinear,classification,MIQ,quotient,mean,mutual_info_classif,mutual_info_sklearn,threshold,2,0.05,2,0.0,0.0,0.0,0.0,1.0,0.44568322764964113,0.07718895800644532
xor,nonlinear,classification,MIQ,quotient,mean,mutual_info_classif,mutual_info_sklearn,threshold,2,0.1,2,0.0,0.0,0.0,0.0,1.0,0.44568322764964113,0.0781659999920521
xor,nonlinear,classification,MIFS,difference,sum,mutual_info_classif,mutual_info_sklearn,fixed_k,1,,2,0.0,0.0,0.0,0.0,1.0,0.4948435649083688,0.07622412499040365
xor,nonlinear,classification,MIFS,difference,sum,mutual_info_classif,mutual_info_sklearn,fixed_k,2,,2,0.0,0.0,0.0,0.0,1.0,0.44568322764964113,0.07698399998480454
xor,nonlinear,classification,MIFS,difference,sum,mutual_info_classif,mutual_info_sklearn,fixed_k,5,,2,0.2,0.5,0.28571428571428575,0.0,0.8,0.4909413978119992,0.07869037499767728
xor,nonlinear,classification,MIFS,difference,sum,mutual_info_classif,mutual_info_sklearn,threshold,4,0.0,2,0.0,0.0,0.0,0.0,1.0,0.4432443732144101,0.07966129199485295
xor,nonlinear,classification,MIFS,difference,sum,mutual_info_classif,mutual_info_sklearn,threshold,1,0.05,2,0.0,0.0,0.0,0.0,1.0,0.4948435649083688,0.08828979200916365
xor,nonlinear,classification,MIFS,difference,sum,mutual_info_classif,mutual_info_sklearn,threshold,1,0.1,2,0.0,0.0,0.0,0.0,1.0,0.4948435649083688,0.07795629199245013
xor,nonlinear,classification,FCD,difference,mean,f_classif,pearson_abs,fixed_k,1,,2,0.0,0.0,0.0,0.0,1.0,0.5174552296007247,0.008296584011986852
xor,nonlinear,classification,FCD,difference,mean,f_classif,pearson_abs,fixed_k,2,,2,0.5,0.5,0.5,0.0,0.5,0.5519475994704202,0.008832541992887855
xor,nonlinear,classification,FCD,difference,mean,f_classif,pearson_abs,fixed_k,5,,2,0.4,1.0,0.5714285714285715,0.0,0.6,0.9778761061946903,0.00967345800017938
xor,nonlinear,classification,FCD,difference,mean,f_classif,pearson_abs,threshold,8,0.0,2,0.25,1.0,0.4,0.0,0.75,0.9350916312452093,0.01104391599074006
xor,nonlinear,classification,FCD,difference,mean,f_classif,pearson_abs,threshold,8,0.05,2,0.25,1.0,0.4,0.0,0.75,0.9350916312452093,0.01099183299811557
xor,nonlinear,classification,FCD,difference,mean,f_classif,pearson_abs,threshold,8,0.1,2,0.25,1.0,0.4,0.0,0.75,0.9350916312452093,0.010913833975791931
xor,nonlinear,classification,FCQ,quotient,mean,f_classif,pearson_abs,fixed_k,1,,2,0.0,0.0,0.0,0.0,1.0,0.5174552296007247,0.007396833010716364
xor,nonlinear,classification,FCQ,quotient,mean,f_classif,pearson_abs,fixed_k,2,,2,0.5,0.5,0.5,0.0,0.5,0.5519475994704202,0.008293457998661324
xor,nonlinear,classification,FCQ,quotient,mean,f_classif,pearson_abs,fixed_k,5,,2,0.4,1.0,0.5714285714285715,0.0,0.6,0.9778761061946903,0.009957333997590467
xor,nonlinear,classification,FCQ,quotient,mean,f_classif,pearson_abs,threshold,8,0.0,2,0.25,1.0,0.4,0.0,0.75,0.8991707894920216,0.01159129201550968
xor,nonlinear,classification,FCQ,quotient,mean,f_classif,pearson_abs,threshold,8,0.05,2,0.25,1.0,0.4,0.0,0.75,0.8991707894920216,0.011620875011431053
xor,nonlinear,classification,FCQ,quotient,mean,f_classif,pearson_abs,threshold,8,0.1,2,0.25,1.0,0.4,0.0,0.75,0.8991707894920216,0.011023999977624044
xor,nonlinear,classification,ModMRMR,multiplicative,max,f_classif,pearson_abs,fixed_k,1,,2,0.0,0.0,0.0,0.0,1.0,0.5174552296007247,0.007607415987877175
xor,nonlinear,classification,ModMRMR,multiplicative,max,f_classif,pearson_abs,fixed_k,2,,2,0.5,0.5,0.5,0.0,0.5,0.5519475994704202,0.008255375025328249
xor,nonlinear,classification,ModMRMR,multiplicative,max,f_classif,pearson_abs,fixed_k,5,,2,0.4,1.0,0.5714285714285715,0.0,0.6,0.9778761061946903,0.010193958005402237
xor,nonlinear,classification,ModMRMR,multiplicative,max,f_classif,pearson_abs,threshold,8,0.0,2,0.25,1.0,0.4,0.0,0.75,0.9350916312452093,0.011715875007212162
xor,nonlinear,classification,ModMRMR,multiplicative,max,f_classif,pearson_abs,threshold,8,0.05,2,0.25,1.0,0.4,0.0,0.75,0.9350916312452093,0.011752124992199242
xor,nonlinear,classification,ModMRMR,multiplicative,max,f_classif,pearson_abs,threshold,8,0.1,2,0.25,1.0,0.4,0.0,0.75,0.9350916312452093,0.011828207992948592
xor,nonlinear,classification,ModMRMR_dcor,multiplicative,max,f_classif,distance_corr,fixed_k,1,,2,0.0,0.0,0.0,0.0,1.0,0.5174552296007247,0.016199667006731033
xor,nonlinear,classification,ModMRMR_dcor,multiplicative,max,f_classif,distance_corr,fixed_k,2,,2,0.5,0.5,0.5,0.0,0.5,0.5519475994704202,0.01693870802409947
xor,nonlinear,classification,ModMRMR_dcor,multiplicative,max,f_classif,distance_corr,fixed_k,5,,2,0.4,1.0,0.5714285714285715,0.0,0.6,0.9778761061946903,0.017929249996086583
xor,nonlinear,classification,ModMRMR_dcor,multiplicative,max,f_classif,distance_corr,threshold,8,0.0,2,0.25,1.0,0.4,0.0,0.75,0.9350916312452093,0.01975670800311491
xor,nonlinear,classification,ModMRMR_dcor,multiplicative,max,f_classif,distance_corr,threshold,8,0.05,2,0.25,1.0,0.4,0.0,0.75,0.9350916312452093,0.020293417008360848
xor,nonlinear,classification,ModMRMR_dcor,multiplicative,max,f_classif,distance_corr,threshold,8,0.1,2,0.25,1.0,0.4,0.0,0.75,0.9350916312452093,0.020029624982271343
xor,nonlinear,classification,skb_f,,,,,fixed_k,1,,2,0.0,0.0,0.0,0.0,1.0,0.5174552296007247,0.00023099998361431062
xor,nonlinear,classification,skb_f,,,,,fixed_k,2,,2,0.5,0.5,0.5,0.0,0.5,0.565221935753606,0.00021270799334160984
xor,nonlinear,classification,skb_f,,,,,fixed_k,5,,2,0.4,1.0,0.5714285714285715,0.0,0.6,0.9783638770817364,0.00021412500063888729
xor,nonlinear,classification,skb_mi,,,,,fixed_k,1,,2,0.0,0.0,0.0,0.0,1.0,0.4948435649083688,0.006706999993184581
xor,nonlinear,classification,skb_mi,,,,,fixed_k,2,,2,0.0,0.0,0.0,0.0,1.0,0.4742178245418438,0.0066328750108368695
xor,nonlinear,classification,skb_mi,,,,,fixed_k,5,,2,0.2,0.5,0.28571428571428575,0.0,0.8,0.4176364016444847,0.006489791994681582
probe_breast_cancer,mixed,classification,MID,difference,mean,mutual_info_classif,mutual_info_sklearn,fixed_k,1,,0,1.0,0.03333333333333333,0.06451612903225806,0.0,0.0,0.8408294392523364,1.5328335420053918
probe_breast_cancer,mixed,classification,MID,difference,mean,mutual_info_classif,mutual_info_sklearn,fixed_k,2,,0,1.0,0.06666666666666667,0.125,0.0,0.0,0.9001168224299065,1.5279457500146236
probe_breast_cancer,mixed,classification,MID,difference,mean,mutual_info_classif,mutual_info_sklearn,fixed_k,5,,0,0.8,0.13333333333333333,0.2285714285714286,0.0,0.2,0.9266209112149533,1.5507381670176983
probe_breast_cancer,mixed,classification,MID,difference,mean,mutual_info_classif,mutual_info_sklearn,fixed_k,10,,0,0.9,0.3,0.45000000000000007,0.0,0.1,0.9422459112149533,1.546100875013508
probe_breast_cancer,mixed,classification,MID,difference,mean,mutual_info_classif,mutual_info_sklearn,threshold,19,0.0,0,0.7368421052631579,0.4666666666666667,0.5714285714285714,0.0,0.2631578947368421,0.9437792056074766,1.531591250008205
probe_breast_cancer,mixed,classification,MID,difference,mean,mutual_info_classif,mutual_info_sklearn,threshold,6,0.05,0,0.8333333333333334,0.16666666666666666,0.2777777777777778,0.0,0.16666666666666666,0.939106308411215,1.55136512502213
probe_breast_cancer,mixed,classification,MID,difference,mean,mutual_info_classif,mutual_info_sklearn,threshold,1,0.1,0,1.0,0.03333333333333333,0.06451612903225806,0.0,0.0,0.8408294392523364,1.5395454580138903
probe_breast_cancer,mixed,classification,MIQ,quotient,mean,mutual_info_classif,mutual_info_sklearn,fixed_k,1,,0,1.0,0.03333333333333333,0.06451612903225806,0.0,0.0,0.8408294392523364,1.5435395420063287
probe_breast_cancer,mixed,classification,MIQ,quotient,mean,mutual_info_classif,mutual_info_sklearn,fixed_k,2,,0,0.5,0.03333333333333333,0.0625,0.0,0.5,0.8766793224299065,1.5316410420055036
probe_breast_cancer,mixed,classification,MIQ,quotient,mean,mutual_info_classif,mutual_info_sklearn,fixed_k,5,,0,0.6,0.1,0.17142857142857143,0.0,0.4,0.9172751168224299,1.5610012079996523
probe_breast_cancer,mixed,classification,MIQ,quotient,mean,mutual_info_classif,mutual_info_sklearn,fixed_k,10,,0,0.7,0.23333333333333334,0.35,0.0,0.3,0.9047897196261683,1.5589433749846648
probe_breast_cancer,mixed,classification,MIQ,quotient,mean,mutual_info_classif,mutual_info_sklearn,threshold,40,0.0,0,0.75,1.0,0.8571428571428571,0.0,0.25,0.954731308411215,1.5534242920111865
probe_breast_cancer,mixed,classification,MIQ,quotient,mean,mutual_info_classif,mutual_info_sklearn,threshold,34,0.05,0,0.8529411764705882,0.9666666666666667,0.90625,0.0,0.14705882352941177,0.9375730140186915,1.5691921669931617
probe_breast_cancer,mixed,classification,MIQ,quotient,mean,mutual_info_classif,mutual_info_sklearn,threshold,34,0.1,0,0.8529411764705882,0.9666666666666667,0.90625,0.0,0.14705882352941177,0.9375730140186915,1.554612250009086
probe_breast_cancer,mixed,classification,MIFS,difference,sum,mutual_info_classif,mutual_info_sklearn,fixed_k,1,,0,1.0,0.03333333333333333,0.06451612903225806,0.0,0.0,0.8408294392523364,1.544221624993952
probe_breast_cancer,mixed,classification,MIFS,difference,sum,mutual_info_classif,mutual_info_sklearn,fixed_k,2,,0,1.0,0.06666666666666667,0.125,0.0,0.0,0.9001168224299065,1.521772707987111
probe_breast_cancer,mixed,classification,MIFS,difference,sum,mutual_info_classif,mutual_info_sklearn,fixed_k,5,,0,0.6,0.1,0.17142857142857143,0.0,0.4,0.9126022196261683,1.5516315829881933
probe_breast_cancer,mixed,classification,MIFS,difference,sum,mutual_info_classif,mutual_info_sklearn,fixed_k,10,,0,0.4,0.13333333333333333,0.2,0.0,0.6,0.9219480140186915,1.5626652920036577
probe_breast_cancer,mixed,classification,MIFS,difference,sum,mutual_info_classif,mutual_info_sklearn,threshold,5,0.0,0,0.6,0.1,0.17142857142857143,0.0,0.4,0.9126022196261683,1.5267762500152458
probe_breast_cancer,mixed,classification,MIFS,difference,sum,mutual_info_classif,mutual_info_sklearn,threshold,3,0.05,0,1.0,0.1,0.18181818181818182,0.0,0.0,0.9282272196261683,1.5538496669905726
probe_breast_cancer,mixed,classification,MIFS,difference,sum,mutual_info_classif,mutual_info_sklearn,threshold,1,0.1,0,1.0,0.03333333333333333,0.06451612903225806,0.0,0.0,0.8408294392523364,1.538442833989393
probe_breast_cancer,mixed,classification,FCD,difference,mean,f_classif,pearson_abs,fixed_k,1,,0,1.0,0.03333333333333333,0.06451612903225806,0.0,0.0,0.8673335280373832,0.18298637500265613
probe_breast_cancer,mixed,classification,FCD,difference,mean,f_classif,pearson_abs,fixed_k,2,,0,1.0,0.06666666666666667,0.125,0.0,0.0,0.9001168224299065,0.18596595898270607
probe_breast_cancer,mixed,classification,FCD,difference,mean,f_classif,pearson_abs,fixed_k,5,,0,1.0,0.16666666666666666,0.2857142857142857,0.0,0.0,0.9172751168224299,0.18406554200919345
probe_breast_cancer,mixed,classification,FCD,difference,mean,f_classif,pearson_abs,fixed_k,10,,0,1.0,0.3333333333333333,0.5,0.0,0.0,0.9297605140186915,0.18787366600008681
probe_breast_cancer,mixed,classification,FCD,difference,mean,f_classif,pearson_abs,threshold,35,0.0,0,0.7714285714285715,0.9,0.8307692307692307,0.0,0.22857142857142856,0.9375730140186915,0.20007904098019935
probe_breast_cancer,mixed,classification,FCD,difference,mean,f_classif,pearson_abs,threshold,35,0.05,0,0.7714285714285715,0.9,0.8307692307692307,0.0,0.22857142857142856,0.9375730140186915,0.19805258300038986
probe_breast_cancer,mixed,classification,FCD,difference,mean,f_classif,pearson_abs,threshold,35,0.1,0,0.7714285714285715,0.9,0.8307692307692307,0.0,0.22857142857142856,0.9375730140186915,0.19521408301079646
probe_breast_cancer,mixed,classification,FCQ,quotient,mean,f_classif,pearson_abs,fixed_k,1,,0,1.0,0.03333333333333333,0.06451612903225806,0.0,0.0,0.8673335280373832,0.18030004200409167
probe_breast_cancer,mixed,classification,FCQ,quotient,mean,f_classif,pearson_abs,fixed_k,2,,0,1.0,0.06666666666666667,0.125,0.0,0.0,0.9047897196261683,0.1833303750026971
probe_breast_cancer,mixed,classification,FCQ,quotient,mean,f_classif,pearson_abs,fixed_k,5,,0,1.0,0.16666666666666666,0.2857142857142857,0.0,0.0,0.9172751168224299,0.18633699999190867
probe_breast_cancer,mixed,classification,FCQ,quotient,mean,f_classif,pearson_abs,fixed_k,10,,0,1.0,0.3333333333333333,0.5,0.0,0.0,0.9344334112149533,0.18907262501306832
probe_breast_cancer,mixed,classification,FCQ,quotient,mean,f_classif,pearson_abs,threshold,40,0.0,0,0.75,1.0,0.8571428571428571,0.0,0.25,0.954731308411215,0.20521741700940765
probe_breast_cancer,mixed,classification,FCQ,quotient,mean,f_classif,pearson_abs,threshold,38,0.05,0,0.7631578947368421,0.9666666666666667,0.8529411764705883,0.0,0.23684210526315788,0.9266209112149533,0.20353991698357277
probe_breast_cancer,mixed,classification,FCQ,quotient,mean,f_classif,pearson_abs,threshold,37,0.1,0,0.7567567567567568,0.9333333333333333,0.835820895522388,0.0,0.24324324324324326,0.9422459112149533,0.20414416698622517
probe_breast_cancer,mixed,classification,ModMRMR,multiplicative,max,f_classif,pearson_abs,fixed_k,1,,0,1.0,0.03333333333333333,0.06451612903225806,0.0,0.0,0.8673335280373832,0.18289020800148137
probe_breast_cancer,mixed,classification,ModMRMR,multiplicative,max,f_classif,pearson_abs,fixed_k,2,,0,1.0,0.06666666666666667,0.125,0.0,0.0,0.9266209112149533,0.18334995800978504
probe_breast_cancer,mixed,classification,ModMRMR,multiplicative,max,f_classif,pearson_abs,fixed_k,5,,0,1.0,0.16666666666666666,0.2857142857142857,0.0,0.0,0.9375730140186915,0.18691945800674148
probe_breast_cancer,mixed,classification,ModMRMR,multiplicative,max,f_classif,pearson_abs,fixed_k,10,,0,1.0,0.3333333333333333,0.5,0.0,0.0,0.939106308411215,0.18904008402023464
probe_breast_cancer,mixed,classification,ModMRMR,multiplicative,max,f_classif,pearson_abs,threshold,40,0.0,0,0.75,1.0,0.8571428571428571,0.0,0.25,0.9375730140186915,0.20585016699624248
probe_breast_cancer,mixed,classification,ModMRMR,multiplicative,max,f_classif,pearson_abs,threshold,35,0.05,0,0.7714285714285715,0.9,0.8307692307692307,0.0,0.22857142857142856,0.939106308411215,0.20271087498986162
probe_breast_cancer,mixed,classification,ModMRMR,multiplicative,max,f_classif,pearson_abs,threshold,35,0.1,0,0.7714285714285715,0.9,0.8307692307692307,0.0,0.22857142857142856,0.939106308411215,0.20219825001549907
probe_breast_cancer,mixed,classification,ModMRMR_dcor,multiplicative,max,f_classif,distance_corr,fixed_k,1,,0,1.0,0.03333333333333333,0.06451612903225806,0.0,0.0,0.8673335280373832,0.28939733299193904
probe_breast_cancer,mixed,classification,ModMRMR_dcor,multiplicative,max,f_classif,distance_corr,fixed_k,2,,0,1.0,0.06666666666666667,0.125,0.0,0.0,0.9266209112149533,0.2890473750012461
probe_breast_cancer,mixed,classification,ModMRMR_dcor,multiplicative,max,f_classif,distance_corr,fixed_k,5,,0,1.0,0.16666666666666666,0.2857142857142857,0.0,0.0,0.9422459112149533,0.2911712090135552
probe_breast_cancer,mixed,classification,ModMRMR_dcor,multiplicative,max,f_classif,distance_corr,fixed_k,10,,0,1.0,0.3333333333333333,0.5,0.0,0.0,0.939106308411215,0.2947884160093963
probe_breast_cancer,mixed,classification,ModMRMR_dcor,multiplicative,max,f_classif,distance_corr,threshold,40,0.0,0,0.75,1.0,0.8571428571428571,0.0,0.25,0.9344334112149533,0.3109141660097521
probe_breast_cancer,mixed,classification,ModMRMR_dcor,multiplicative,max,f_classif,distance_corr,threshold,35,0.05,0,0.7714285714285715,0.9,0.8307692307692307,0.0,0.22857142857142856,0.9422459112149533,0.3109791250026319
probe_breast_cancer,mixed,classification,ModMRMR_dcor,multiplicative,max,f_classif,distance_corr,threshold,35,0.1,0,0.7714285714285715,0.9,0.8307692307692307,0.0,0.22857142857142856,0.9422459112149533,0.309211875020992
probe_breast_cancer,mixed,classification,skb_f,,,,,fixed_k,1,,0,1.0,0.03333333333333333,0.06451612903225806,0.0,0.0,0.8673335280373832,0.00026287499349564314
probe_breast_cancer,mixed,classification,skb_f,,,,,fixed_k,2,,0,1.0,0.06666666666666667,0.125,0.0,0.0,0.8844918224299065,0.0002716250019147992
probe_breast_cancer,mixed,classification,skb_f,,,,,fixed_k,5,,0,1.0,0.16666666666666666,0.2857142857142857,0.0,0.0,0.9172751168224299,0.0002396669879090041
probe_breast_cancer,mixed,classification,skb_f,,,,,fixed_k,10,,0,1.0,0.3333333333333333,0.5,0.0,0.0,0.9297605140186915,0.00023716699797660112
probe_breast_cancer,mixed,classification,skb_mi,,,,,fixed_k,1,,0,1.0,0.03333333333333333,0.06451612903225806,0.0,0.0,0.8408294392523364,0.027693374984664842
probe_breast_cancer,mixed,classification,skb_mi,,,,,fixed_k,2,,0,1.0,0.06666666666666667,0.125,0.0,0.0,0.8517085280373832,0.026526166999246925
probe_breast_cancer,mixed,classification,skb_mi,,,,,fixed_k,5,,0,1.0,0.16666666666666666,0.2857142857142857,0.0,0.0,0.9250876168224299,0.026451250014360994
probe_breast_cancer,mixed,classification,skb_mi,,,,,fixed_k,10,,0,1.0,0.3333333333333333,0.5,0.0,0.0,0.9422459112149533,0.026442666014190763
probe_breast_cancer,mixed,classification,MID,difference,mean,mutual_info_classif,mutual_info_sklearn,fixed_k,1,,1,1.0,0.03333333333333333,0.06451612903225806,0.0,0.0,0.8688668224299065,1.5443255830032285
probe_breast_cancer,mixed,classification,MID,difference,mean,mutual_info_classif,mutual_info_sklearn,fixed_k,2,,1,1.0,0.06666666666666667,0.125,0.0,0.0,0.9188084112149533,1.5235652920091525
probe_breast_cancer,mixed,classification,MID,difference,mean,mutual_info_classif,mutual_info_sklearn,fixed_k,5,,1,1.0,0.16666666666666666,0.2857142857142857,0.0,0.0,0.9453855140186915,1.5538747500104364
probe_breast_cancer,mixed,classification,MID,difference,mean,mutual_info_classif,mutual_info_sklearn,fixed_k,10,,1,0.7,0.23333333333333334,0.35,0.0,0.3,0.9422459112149533,1.5641004590142984
probe_breast_cancer,mixed,classification,MID,difference,mean,mutual_info_classif,mutual_info_sklearn,threshold,18,0.0,1,0.7222222222222222,0.43333333333333335,0.5416666666666666,0.0,0.2777777777777778,0.9375730140186915,1.5367557080171537
probe_breast_cancer,mixed,classification,MID,difference,mean,mutual_info_classif,mutual_info_sklearn,threshold,4,0.05,1,1.0,0.13333333333333333,0.23529411764705882,0.0,0.0,0.9282272196261683,1.5565773750131484
probe_breast_cancer,mixed,classification,MID,difference,mean,mutual_info_classif,mutual_info_sklearn,threshold,1,0.1,1,1.0,0.03333333333333333,0.06451612903225806,0.0,0.0,0.8688668224299065,1.543756332976045
probe_breast_cancer,mixed,classification,MIQ,quotient,mean,mutual_info_classif,mutual_info_sklearn,fixed_k,1,,1,1.0,0.03333333333333333,0.06451612903225806,0.0,0.0,0.8688668224299065,1.543375916982768
probe_breast_cancer,mixed,classification,MIQ,quotient,mean,mutual_info_classif,mutual_info_sklearn,fixed_k,2,,1,0.5,0.03333333333333333,0.0625,0.0,0.5,0.8969772196261683,1.5250921249971725
probe_breast_cancer,mixed,classification,MIQ,quotient,mean,mutual_info_classif,mutual_info_sklearn,fixed_k,5,,1,0.6,0.1,0.17142857142857143,0.0,0.4,0.9266209112149533,1.5519879999919794
probe_breast_cancer,mixed,classification,MIQ,quotient,mean,mutual_info_classif,mutual_info_sklearn,fixed_k,10,,1,0.6,0.2,0.3,0.0,0.4,0.9422459112149533,1.5779676669917535
probe_breast_cancer,mixed,classification,MIQ,quotient,mean,mutual_info_classif,mutual_info_sklearn,threshold,40,0.0,1,0.75,1.0,0.8571428571428571,0.0,0.25,0.9500584112149533,1.549430500017479
probe_breast_cancer,mixed,classification,MIQ,quotient,mean,mutual_info_classif,mutual_info_sklearn,threshold,38,0.05,1,0.7631578947368421,0.9666666666666667,0.8529411764705883,0.0,0.23684210526315788,0.9500584112149533,1.5477457090164535
probe_breast_cancer,mixed,classification,MIQ,quotient,mean,mutual_info_classif,mutual_info_sklearn,threshold,38,0.1,1,0.7631578947368421,0.9666666666666667,0.8529411764705883,0.0,0.23684210526315788,0.9500584112149533,1.5812840000144206
probe_breast_cancer,mixed,classification,MIFS,difference,sum,mutual_info_classif,mutual_info_sklearn,fixed_k,1,,1,1.0,0.03333333333333333,0.06451612903225806,0.0,0.0,0.8688668224299065,1.552873999986332
probe_breast_cancer,mixed,classification,MIFS,difference,sum,mutual_info_classif,mutual_info_sklearn,fixed_k,2,,1,1.0,0.06666666666666667,0.125,0.0,0.0,0.9188084112149533,1.5237787079822738
probe_breast_cancer,mixed,classification,MIFS,difference,sum,mutual_info_classif,mutual_info_sklearn,fixed_k,5,,1,0.6,0.1,0.17142857142857143,0.0,0.4,0.9219480140186915,1.5581994160020258
probe_breast_cancer,mixed,classification,MIFS,difference,sum,mutual_info_classif,mutual_info_sklearn,fixed_k,10,,1,0.4,0.13333333333333333,0.2,0.0,0.6,0.9297605140186915,1.565134875010699
probe_breast_cancer,mixed,classification,MIFS,difference,sum,mutual_info_classif,mutual_info_sklearn,threshold,3,0.0,1,1.0,0.1,0.18181818181818182,0.0,0.0,0.9297605140186915,1.5335597909870557
probe_breast_cancer,mixed,classification,MIFS,difference,sum,mutual_info_classif,mutual_info_sklearn,threshold,2,0.05,1,1.0,0.06666666666666667,0.125,0.0,0.0,0.9188084112149533,1.5439808329974767
probe_breast_cancer,mixed,classification,MIFS,difference,sum,mutual_info_classif,mutual_info_sklearn,threshold,1,0.1,1,1.0,0.03333333333333333,0.06451612903225806,0.0,0.0,0.8688668224299065,1.567058749991702
probe_breast_cancer,mixed,classification,FCD,difference,mean,f_classif,pearson_abs,fixed_k,1,,1,1.0,0.03333333333333333,0.06451612903225806,0.0,0.0,0.8407564252336448,0.18296954201650806
probe_breast_cancer,mixed,classification,FCD,difference,mean,f_classif,pearson_abs,fixed_k,2,,1,1.0,0.06666666666666667,0.125,0.0,0.0,0.9047897196261683,0.183102292008698
probe_breast_cancer,mixed,classification,FCD,difference,mean,f_classif,pearson_abs,fixed_k,5,,1,1.0,0.16666666666666666,0.2857142857142857,0.0,0.0,0.9453855140186915,0.1864932920143474
probe_breast_cancer,mixed,classification,FCD,difference,mean,f_classif,pearson_abs,fixed_k,10,,1,1.0,0.3333333333333333,0.5,0.0,0.0,0.9329001168224299,0.18923545800498687
probe_breast_cancer,mixed,classification,FCD,difference,mean,f_classif,pearson_abs,threshold,35,0.0,1,0.7714285714285715,0.9,0.8307692307692307,0.0,0.22857142857142856,0.954731308411215,0.1997863750148099
probe_breast_cancer,mixed,classification,FCD,difference,mean,f_classif,pearson_abs,threshold,35,0.05,1,0.7714285714285715,0.9,0.8307692307692307,0.0,0.22857142857142856,0.954731308411215,0.2010141670180019
probe_breast_cancer,mixed,classification,FCD,difference,mean,f_classif,pearson_abs,threshold,33,0.1,1,0.8181818181818182,0.9,0.8571428571428572,0.0,0.18181818181818182,0.9453855140186915,0.19802758301375434
probe_breast_cancer,mixed,classification,FCQ,quotient,mean,f_classif,pearson_abs,fixed_k,1,,1,1.0,0.03333333333333333,0.06451612903225806,0.0,0.0,0.8407564252336448,0.18494866701075807
probe_breast_cancer,mixed,classification,FCQ,quotient,mean,f_classif,pearson_abs,fixed_k,2,,1,1.0,0.06666666666666667,0.125,0.0,0.0,0.9329001168224299,0.1846230000082869
probe_breast_cancer,mixed,classification,FCQ,quotient,mean,f_classif,pearson_abs,fixed_k,5,,1,1.0,0.16666666666666666,0.2857142857142857,0.0,0.0,0.9407126168224299,0.18611550002242438
probe_breast_cancer,mixed,classification,FCQ,quotient,mean,f_classif,pearson_abs,fixed_k,10,,1,1.0,0.3333333333333333,0.5,0.0,0.0,0.9375730140186915,0.18961133301490918
probe_breast_cancer,mixed,classification,FCQ,quotient,mean,f_classif,pearson_abs,threshold,40,0.0,1,0.75,1.0,0.8571428571428571,0.0,0.25,0.9500584112149533,0.20596387499244884
probe_breast_cancer,mixed,classification,FCQ,quotient,mean,f_classif,pearson_abs,threshold,40,0.05,1,0.75,1.0,0.8571428571428571,0.0,0.25,0.9500584112149533,0.20652624999638647
probe_breast_cancer,mixed,classification,FCQ,quotient,mean,f_classif,pearson_abs,threshold,40,0.1,1,0.75,1.0,0.8571428571428571,0.0,0.25,0.9500584112149533,0.2046602499904111
probe_breast_cancer,mixed,classification,ModMRMR,multiplicative,max,f_classif,pearson_abs,fixed_k,1,,1,1.0,0.03333333333333333,0.06451612903225806,0.0,0.0,0.8407564252336448,0.1828627919894643
probe_breast_cancer,mixed,classification,ModMRMR,multiplicative,max,f_classif,pearson_abs,fixed_k,2,,1,1.0,0.06666666666666667,0.125,0.0,0.0,0.9375730140186915,0.18372995799290948
probe_breast_cancer,mixed,classification,ModMRMR,multiplicative,max,f_classif,pearson_abs,fixed_k,5,,1,1.0,0.16666666666666666,0.2857142857142857,0.0,0.0,0.9453855140186915,0.18581591598922387
probe_breast_cancer,mixed,classification,ModMRMR,multiplicative,max,f_classif,pearson_abs,fixed_k,10,,1,1.0,0.3333333333333333,0.5,0.0,0.0,0.9578709112149533,0.18739695902331732
probe_breast_cancer,mixed,classification,ModMRMR,multiplicative,max,f_classif,pearson_abs,threshold,40,0.0,1,0.75,1.0,0.8571428571428571,0.0,0.25,0.9500584112149533,0.20710825000423938
probe_breast_cancer,mixed,classification,ModMRMR,multiplicative,max,f_classif,pearson_abs,threshold,35,0.05,1,0.7714285714285715,0.9,0.8307692307692307,0.0,0.22857142857142856,0.9500584112149533,0.2018249169923365
probe_breast_cancer,mixed,classification,ModMRMR,multiplicative,max,f_classif,pearson_abs,threshold,33,0.1,1,0.8181818181818182,0.9,0.8571428571428572,0.0,0.18181818181818182,0.9500584112149533,0.20554212501156144
probe_breast_cancer,mixed,classification,ModMRMR_dcor,multiplicative,max,f_classif,distance_corr,fixed_k,1,,1,1.0,0.03333333333333333,0.06451612903225806,0.0,0.0,0.8407564252336448,0.2904887500044424
probe_breast_cancer,mixed,classification,ModMRMR_dcor,multiplicative,max,f_classif,distance_corr,fixed_k,2,,1,1.0,0.06666666666666667,0.125,0.0,0.0,0.9375730140186915,0.29199841601075605
probe_breast_cancer,mixed,classification,ModMRMR_dcor,multiplicative,max,f_classif,distance_corr,fixed_k,5,,1,1.0,0.16666666666666666,0.2857142857142857,0.0,0.0,0.954731308411215,0.2935922920005396
probe_breast_cancer,mixed,classification,ModMRMR_dcor,multiplicative,max,f_classif,distance_corr,fixed_k,10,,1,1.0,0.3333333333333333,0.5,0.0,0.0,0.9656834112149533,0.29714158398564905
probe_breast_cancer,mixed,classification,ModMRMR_dcor,multiplicative,max,f_classif,distance_corr,threshold,40,0.0,1,0.75,1.0,0.8571428571428571,0.0,0.25,0.9453855140186915,0.31375712499720976
probe_breast_cancer,mixed,classification,ModMRMR_dcor,multiplicative,max,f_classif,distance_corr,threshold,35,0.05,1,0.7714285714285715,0.9,0.8307692307692307,0.0,0.22857142857142856,0.9453855140186915,0.3108465410186909
probe_breast_cancer,mixed,classification,ModMRMR_dcor,multiplicative,max,f_classif,distance_corr,threshold,33,0.1,1,0.8181818181818182,0.9,0.8571428571428572,0.0,0.18181818181818182,0.9500584112149533,0.31070762500166893
probe_breast_cancer,mixed,classification,skb_f,,,,,fixed_k,1,,1,1.0,0.03333333333333333,0.06451612903225806,0.0,0.0,0.8407564252336448,0.000262040994130075
probe_breast_cancer,mixed,classification,skb_f,,,,,fixed_k,2,,1,1.0,0.06666666666666667,0.125,0.0,0.0,0.9047897196261683,0.00024033299996517599
probe_breast_cancer,mixed,classification,skb_f,,,,,fixed_k,5,,1,1.0,0.16666666666666666,0.2857142857142857,0.0,0.0,0.9407126168224299,0.00023695800337009132
probe_breast_cancer,mixed,classification,skb_f,,,,,fixed_k,10,,1,1.0,0.3333333333333333,0.5,0.0,0.0,0.9329001168224299,0.00024008398759178817
probe_breast_cancer,mixed,classification,skb_mi,,,,,fixed_k,1,,1,1.0,0.03333333333333333,0.06451612903225806,0.0,0.0,0.8688668224299065,0.02591054097865708
probe_breast_cancer,mixed,classification,skb_mi,,,,,fixed_k,2,,1,1.0,0.06666666666666667,0.125,0.0,0.0,0.8891647196261683,0.026292540977010503
probe_breast_cancer,mixed,classification,skb_mi,,,,,fixed_k,5,,1,1.0,0.16666666666666666,0.2857142857142857,0.0,0.0,0.9407126168224299,0.025869333010632545
probe_breast_cancer,mixed,classification,skb_mi,,,,,fixed_k,10,,1,1.0,0.3333333333333333,0.5,0.0,0.0,0.9485251168224299,0.025992417009547353
probe_breast_cancer,mixed,classification,MID,difference,mean,mutual_info_classif,mutual_info_sklearn,fixed_k,1,,2,1.0,0.03333333333333333,0.06451612903225806,0.0,0.0,0.8579877336448598,1.5656412079988513
probe_breast_cancer,mixed,classification,MID,difference,mean,mutual_info_classif,mutual_info_sklearn,fixed_k,2,,2,1.0,0.06666666666666667,0.125,0.0,0.0,0.9047167056074766,1.5308539159887005
probe_breast_cancer,mixed,classification,MID,difference,mean,mutual_info_classif,mutual_info_sklearn,fixed_k,5,,2,1.0,0.16666666666666666,0.2857142857142857,0.0,0.0,0.953125,1.5591410830093082
probe_breast_cancer,mixed,classification,MID,difference,mean,mutual_info_classif,mutual_info_sklearn,fixed_k,10,,2,0.8,0.26666666666666666,0.4,0.0,0.2,0.9375,1.567831666994607
probe_breast_cancer,mixed,classification,MID,difference,mean,mutual_info_classif,mutual_info_sklearn,threshold,14,0.0,2,0.7857142857142857,0.36666666666666664,0.5,0.0,0.21428571428571427,0.9296875,1.5432793330110144
probe_breast_cancer,mixed,classification,MID,difference,mean,mutual_info_classif,mutual_info_sklearn,threshold,3,0.05,2,1.0,0.1,0.18181818181818182,0.0,0.0,0.9266209112149533,1.5311549589969218
probe_breast_cancer,mixed,classification,MID,difference,mean,mutual_info_classif,mutual_info_sklearn,threshold,1,0.1,2,1.0,0.03333333333333333,0.06451612903225806,0.0,0.0,0.8579877336448598,1.5656627500138711
probe_breast_cancer,mixed,classification,MIQ,quotient,mean,mutual_info_classif,mutual_info_sklearn,fixed_k,1,,2,1.0,0.03333333333333333,0.06451612903225806,0.0,0.0,0.8579877336448598,1.5580909159907605
probe_breast_cancer,mixed,classification,MIQ,quotient,mean,mutual_info_classif,mutual_info_sklearn,fixed_k,2,,2,1.0,0.06666666666666667,0.125,0.0,0.0,0.8938376168224299,1.5333851660252549
probe_breast_cancer,mixed,classification,MIQ,quotient,mean,mutual_info_classif,mutual_info_sklearn,fixed_k,5,,2,0.8,0.13333333333333333,0.2285714285714286,0.0,0.2,0.9515917056074766,1.5537282500008587
probe_breast_cancer,mixed,classification,MIQ,quotient,mean,mutual_info_classif,mutual_info_sklearn,fixed_k,10,,2,0.8,0.26666666666666666,0.4,0.0,0.2,0.9453125,1.5516839170013554
probe_breast_cancer,mixed,classification,MIQ,quotient,mean,mutual_info_classif,mutual_info_sklearn,threshold,40,0.0,2,0.75,1.0,0.8571428571428571,0.0,0.25,0.9453125,1.5806636250053998
probe_breast_cancer,mixed,classification,MIQ,quotient,mean,mutual_info_classif,mutual_info_sklearn,threshold,35,0.05,2,0.8285714285714286,0.9666666666666667,0.8923076923076922,0.0,0.17142857142857143,0.9375,1.5505587910010945
probe_breast_cancer,mixed,classification,MIQ,quotient,mean,mutual_info_classif,mutual_info_sklearn,threshold,35,0.1,2,0.8285714285714286,0.9666666666666667,0.8923076923076922,0.0,0.17142857142857143,0.9375,1.5747294579923619
probe_breast_cancer,mixed,classification,MIFS,difference,sum,mutual_info_classif,mutual_info_sklearn,fixed_k,1,,2,1.0,0.03333333333333333,0.06451612903225806,0.0,0.0,0.8579877336448598,1.5645720419997815
probe_breast_cancer,mixed,classification,MIFS,difference,sum,mutual_info_classif,mutual_info_sklearn,fixed_k,2,,2,1.0,0.06666666666666667,0.125,0.0,0.0,0.9047167056074766,1.5465025840094313
probe_breast_cancer,mixed,classification,MIFS,difference,sum,mutual_info_classif,mutual_info_sklearn,fixed_k,5,,2,0.6,0.1,0.17142857142857143,0.0,0.4,0.9359667056074766,1.561909541982459
probe_breast_cancer,mixed,classification,MIFS,difference,sum,mutual_info_classif,mutual_info_sklearn,fixed_k,10,,2,0.4,0.13333333333333333,0.2,0.0,0.6,0.9437792056074766,1.5625797089887783
probe_breast_cancer,mixed,classification,MIFS,difference,sum,mutual_info_classif,mutual_info_sklearn,threshold,5,0.0,2,0.6,0.1,0.17142857142857143,0.0,0.4,0.9359667056074766,1.5685332079883665
probe_breast_cancer,mixed,classification,MIFS,difference,sum,mutual_info_classif,mutual_info_sklearn,threshold,2,0.05,2,1.0,0.06666666666666667,0.125,0.0,0.0,0.9047167056074766,1.539875167014543
probe_breast_cancer,mixed,classification,MIFS,difference,sum,mutual_info_classif,mutual_info_sklearn,threshold,1,0.1,2,1.0,0.03333333333333333,0.06451612903225806,0.0,0.0,0.8579877336448598,1.5585649580170866
probe_breast_cancer,mixed,classification,FCD,difference,mean,f_classif,pearson_abs,fixed_k,1,,2,1.0,0.03333333333333333,0.06451612903225806,0.0,0.0,0.8407564252336448,0.18409566700574942
probe_breast_cancer,mixed,classification,FCD,difference,mean,f_classif,pearson_abs,fixed_k,2,,2,1.0,0.06666666666666667,0.125,0.0,0.0,0.900043808411215,0.18576958298217505
probe_breast_cancer,mixed,classification,FCD,difference,mean,f_classif,pearson_abs,fixed_k,5,,2,1.0,0.16666666666666666,0.2857142857142857,0.0,0.0,0.946918808411215,0.18635570799233392
probe_breast_cancer,mixed,classification,FCD,difference,mean,f_classif,pearson_abs,fixed_k,10,,2,1.0,0.3333333333333333,0.5,0.0,0.0,0.9562646028037383,0.1881679579964839
probe_breast_cancer,mixed,classification,FCD,difference,mean,f_classif,pearson_abs,threshold,38,0.0,2,0.7631578947368421,0.9666666666666667,0.8529411764705883,0.0,0.23684210526315788,0.9453125,0.20245795900700614
probe_breast_cancer,mixed,classification,FCD,difference,mean,f_classif,pearson_abs,threshold,37,0.05,2,0.7567567567567568,0.9333333333333333,0.835820895522388,0.0,0.24324324324324326,0.953125,0.20230737500241958
probe_breast_cancer,mixed,classification,FCD,difference,mean,f_classif,pearson_abs,threshold,36,0.1,2,0.75,0.9,0.8181818181818182,0.0,0.25,0.9453125,0.19997349998448044
probe_breast_cancer,mixed,classification,FCQ,quotient,mean,f_classif,pearson_abs,fixed_k,1,,2,1.0,0.03333333333333333,0.06451612903225806,0.0,0.0,0.8407564252336448,0.18975841702194884
probe_breast_cancer,mixed,classification,FCQ,quotient,mean,f_classif,pearson_abs,fixed_k,2,,2,1.0,0.06666666666666667,0.125,0.0,0.0,0.939106308411215,0.1843566669849679
probe_breast_cancer,mixed,classification,FCQ,quotient,mean,f_classif,pearson_abs,fixed_k,5,,2,1.0,0.16666666666666666,0.2857142857142857,0.0,0.0,0.946918808411215,0.18814891600050032
probe_breast_cancer,mixed,classification,FCQ,quotient,mean,f_classif,pearson_abs,fixed_k,10,,2,1.0,0.3333333333333333,0.5,0.0,0.0,0.9515917056074766,0.1879596670041792
probe_breast_cancer,mixed,classification,FCQ,quotient,mean,f_classif,pearson_abs,threshold,40,0.0,2,0.75,1.0,0.8571428571428571,0.0,0.25,0.9453125,0.20683187499525957
probe_breast_cancer,mixed,classification,FCQ,quotient,mean,f_classif,pearson_abs,threshold,39,0.05,2,0.7435897435897436,0.9666666666666667,0.8405797101449275,0.0,0.2564102564102564,0.9375,0.20687937500770204
probe_breast_cancer,mixed,classification,FCQ,quotient,mean,f_classif,pearson_abs,threshold,38,0.1,2,0.7631578947368421,0.9666666666666667,0.8529411764705883,0.0,0.23684210526315788,0.9375,0.20562654099194333
probe_breast_cancer,mixed,classification,ModMRMR,multiplicative,max,f_classif,pearson_abs,fixed_k,1,,2,1.0,0.03333333333333333,0.06451612903225806,0.0,0.0,0.8407564252336448,0.1843817500048317
probe_breast_cancer,mixed,classification,ModMRMR,multiplicative,max,f_classif,pearson_abs,fixed_k,2,,2,1.0,0.06666666666666667,0.125,0.0,0.0,0.939106308411215,0.1840487080044113
probe_breast_cancer,mixed,classification,ModMRMR,multiplicative,max,f_classif,pearson_abs,fixed_k,5,,2,1.0,0.16666666666666666,0.2857142857142857,0.0,0.0,0.9453125,0.18586320799659006
probe_breast_cancer,mixed,classification,ModMRMR,multiplicative,max,f_classif,pearson_abs,fixed_k,10,,2,1.0,0.3333333333333333,0.5,0.0,0.0,0.9453125,0.1897011250257492
probe_breast_cancer,mixed,classification,ModMRMR,multiplicative,max,f_classif,pearson_abs,threshold,40,0.0,2,0.75,1.0,0.8571428571428571,0.0,0.25,0.953125,0.20611649999045767
probe_breast_cancer,mixed,classification,ModMRMR,multiplicative,max,f_classif,pearson_abs,threshold,38,0.05,2,0.7631578947368421,0.9666666666666667,0.8529411764705883,0.0,0.23684210526315788,0.9453125,0.2061219169991091
probe_breast_cancer,mixed,classification,ModMRMR,multiplicative,max,f_classif,pearson_abs,threshold,37,0.1,2,0.7567567567567568,0.9333333333333333,0.835820895522388,0.0,0.24324324324324326,0.953125,0.20384770800592378
probe_breast_cancer,mixed,classification,ModMRMR_dcor,multiplicative,max,f_classif,distance_corr,fixed_k,1,,2,1.0,0.03333333333333333,0.06451612903225806,0.0,0.0,0.8407564252336448,0.28974237499642186
probe_breast_cancer,mixed,classification,ModMRMR_dcor,multiplicative,max,f_classif,distance_corr,fixed_k,2,,2,1.0,0.06666666666666667,0.125,0.0,0.0,0.939106308411215,0.28900333400815725
probe_breast_cancer,mixed,classification,ModMRMR_dcor,multiplicative,max,f_classif,distance_corr,fixed_k,5,,2,1.0,0.16666666666666666,0.2857142857142857,0.0,0.0,0.953125,0.2935480000160169
probe_breast_cancer,mixed,classification,ModMRMR_dcor,multiplicative,max,f_classif,distance_corr,fixed_k,10,,2,1.0,0.3333333333333333,0.5,0.0,0.0,0.9609375,0.29498537501785904
probe_breast_cancer,mixed,classification,ModMRMR_dcor,multiplicative,max,f_classif,distance_corr,threshold,40,0.0,2,0.75,1.0,0.8571428571428571,0.0,0.25,0.9453125,0.3150686669978313
probe_breast_cancer,mixed,classification,ModMRMR_dcor,multiplicative,max,f_classif,distance_corr,threshold,38,0.05,2,0.7631578947368421,0.9666666666666667,0.8529411764705883,0.0,0.23684210526315788,0.9375,0.3122448749782052
probe_breast_cancer,mixed,classification,ModMRMR_dcor,multiplicative,max,f_classif,distance_corr,threshold,37,0.1,2,0.7567567567567568,0.9333333333333333,0.835820895522388,0.0,0.24324324324324326,0.9453125,0.3121821669919882
probe_breast_cancer,mixed,classification,skb_f,,,,,fixed_k,1,,2,1.0,0.03333333333333333,0.06451612903225806,0.0,0.0,0.8407564252336448,0.00026529200840741396
probe_breast_cancer,mixed,classification,skb_f,,,,,fixed_k,2,,2,1.0,0.06666666666666667,0.125,0.0,0.0,0.9093896028037383,0.00024616700829938054
probe_breast_cancer,mixed,classification,skb_f,,,,,fixed_k,5,,2,1.0,0.16666666666666666,0.2857142857142857,0.0,0.0,0.954731308411215,0.0002488330064807087
probe_breast_cancer,mixed,classification,skb_f,,,,,fixed_k,10,,2,1.0,0.3333333333333333,0.5,0.0,0.0,0.9609375,0.0002464159915689379
probe_breast_cancer,mixed,classification,skb_mi,,,,,fixed_k,1,,2,1.0,0.03333333333333333,0.06451612903225806,0.0,0.0,0.8579877336448598,0.025866417010547593
probe_breast_cancer,mixed,classification,skb_mi,,,,,fixed_k,2,,2,1.0,0.06666666666666667,0.125,0.0,0.0,0.8985105140186915,0.026042665995191783
probe_breast_cancer,mixed,classification,skb_mi,,,,,fixed_k,5,,2,1.0,0.16666666666666666,0.2857142857142857,0.0,0.0,0.939106308411215,0.025845958007266745
probe_breast_cancer,mixed,classification,skb_mi,,,,,fixed_k,10,,2,1.0,0.3333333333333333,0.5,0.0,0.0,0.9453125,0.025941792002413422
probe_diabetes,mixed,regression,MID,difference,mean,mutual_info_sklearn,mutual_info_sklearn,fixed_k,1,,0,1.0,0.1,0.18181818181818182,0.0,0.0,-0.1020803461274371,0.35999033399275504
probe_diabetes,mixed,regression,MID,difference,mean,mutual_info_sklearn,mutual_info_sklearn,fixed_k,2,,0,0.5,0.1,0.16666666666666669,0.0,0.5,-0.18880795392212546,0.35663354201824404
probe_diabetes,mixed,regression,MID,difference,mean,mutual_info_sklearn,mutual_info_sklearn,fixed_k,5,,0,0.6,0.3,0.4,0.0,0.4,0.2766779095127384,0.36888429199461825
probe_diabetes,mixed,regression,MID,difference,mean,mutual_info_sklearn,mutual_info_sklearn,fixed_k,10,,0,0.6,0.6,0.6,0.0,0.4,0.3067538865171099,0.3560827499895822
probe_diabetes,mixed,regression,MID,difference,mean,mutual_info_sklearn,mutual_info_sklearn,threshold,8,0.0,0,0.625,0.5,0.5555555555555556,0.0,0.375,0.31964210365056267,0.3548623340029735
probe_diabetes,mixed,regression,MID,difference,mean,mutual_info_sklearn,mutual_info_sklearn,threshold,1,0.05,0,1.0,0.1,0.18181818181818182,0.0,0.0,-0.1020803461274371,0.3524340839940123
probe_diabetes,mixed,regression,MID,difference,mean,mutual_info_sklearn,mutual_info_sklearn,threshold,1,0.1,0,1.0,0.1,0.18181818181818182,0.0,0.0,-0.1020803461274371,0.3523990419926122
probe_diabetes,mixed,regression,MIQ,quotient,mean,mutual_info_sklearn,mutual_info_sklearn,fixed_k,1,,0,1.0,0.1,0.18181818181818182,0.0,0.0,-0.1020803461274371,0.3499080000037793
probe_diabetes,mixed,regression,MIQ,quotient,mean,mutual_info_sklearn,mutual_info_sklearn,fixed_k,2,,0,0.5,0.1,0.16666666666666669,0.0,0.5,-0.18880795392212546,0.3506652079813648
probe_diabetes,mixed,regression,MIQ,quotient,mean,mutual_info_sklearn,mutual_info_sklearn,fixed_k,5,,0,0.4,0.2,0.26666666666666666,0.0,0.6,0.23040455631222423,0.35224291699705645
probe_diabetes,mixed,regression,MIQ,quotient,mean,mutual_info_sklearn,mutual_info_sklearn,fixed_k,10,,0,0.6,0.6,0.6,0.0,0.4,0.31401348946360785,0.35520837499643676
probe_diabetes,mixed,regression,MIQ,quotient,mean,mutual_info_sklearn,mutual_info_sklearn,threshold,20,0.0,0,0.5,1.0,0.6666666666666666,0.0,0.5,0.31397237057282235,0.3920660419971682
probe_diabetes,mixed,regression,MIQ,quotient,mean,mutual_info_sklearn,mutual_info_sklearn,threshold,13,0.05,0,0.6923076923076923,0.9,0.7826086956521738,0.0,0.3076923076923077,0.3095909797378513,0.3632653329987079
probe_diabetes,mixed,regression,MIQ,quotient,mean,mutual_info_sklearn,mutual_info_sklearn,threshold,13,0.1,0,0.6923076923076923,0.9,0.7826086956521738,0.0,0.3076923076923077,0.3095909797378513,0.3621537500002887
probe_diabetes,mixed,regression,MIFS,difference,sum,mutual_info_sklearn,mutual_info_sklearn,fixed_k,1,,0,1.0,0.1,0.18181818181818182,0.0,0.0,-0.1020803461274371,0.36083420799695887
probe_diabetes,mixed,regression,MIFS,difference,sum,mutual_info_sklearn,mutual_info_sklearn,fixed_k,2,,0,0.5,0.1,0.16666666666666669,0.0,0.5,-0.18880795392212546,0.35972983299870975
probe_diabetes,mixed,regression,MIFS,difference,sum,mutual_info_sklearn,mutual_info_sklearn,fixed_k,5,,0,0.2,0.1,0.13333333333333333,0.0,0.8,0.12802819830948653,0.3711524580139667
probe_diabetes,mixed,regression,MIFS,difference,sum,mutual_info_sklearn,mutual_info_sklearn,fixed_k,10,,0,0.3,0.3,0.3,0.0,0.7,0.2743923098866202,0.3569801250123419
probe_diabetes,mixed,regression,MIFS,difference,sum,mutual_info_sklearn,mutual_info_sklearn,threshold,4,0.0,0,0.25,0.1,0.14285714285714288,0.0,0.75,0.09647470660829705,0.35649025000748225
probe_diabetes,mixed,regression,MIFS,difference,sum,mutual_info_sklearn,mutual_info_sklearn,threshold,1,0.05,0,1.0,0.1,0.18181818181818182,0.0,0.0,-0.1020803461274371,0.3558810410031583
probe_diabetes,mixed,regression,MIFS,difference,sum,mutual_info_sklearn,mutual_info_sklearn,threshold,1,0.1,0,1.0,0.1,0.18181818181818182,0.0,0.0,-0.1020803461274371,0.35495487501611933
probe_diabetes,mixed,regression,FCD,difference,mean,f_regression,pearson_abs,fixed_k,1,,0,1.0,0.1,0.18181818181818182,0.0,0.0,-0.1020803461274371,0.04609212500508875
probe_diabetes,mixed,regression,FCD,difference,mean,f_regression,pearson_abs,fixed_k,2,,0,1.0,0.2,0.33333333333333337,0.0,0.0,0.25342258788968,0.045495166996261105
probe_diabetes,mixed,regression,FCD,difference,mean,f_regression,pearson_abs,fixed_k,5,,0,1.0,0.5,0.6666666666666666,0.0,0.0,0.26471338436752667,0.047754583007190377
probe_diabetes,mixed,regression,FCD,difference,mean,f_regression,pearson_abs,fixed_k,10,,0,0.9,0.9,0.9,0.0,0.1,0.29111794896540777,0.049853542004711926
probe_diabetes,mixed,regression,FCD,difference,mean,f_regression,pearson_abs,threshold,19,0.0,0,0.5263157894736842,1.0,0.6896551724137931,0.0,0.47368421052631576,0.29697440555981425,0.054311249987222254
probe_diabetes,mixed,regression,FCD,difference,mean,f_regression,pearson_abs,threshold,18,0.05,0,0.5555555555555556,1.0,0.7142857142857143,0.0,0.4444444444444444,0.30986718276323644,0.05402712500654161
probe_diabetes,mixed,regression,FCD,difference,mean,f_regression,pearson_abs,threshold,17,0.1,0,0.5882352941176471,1.0,0.7407407407407407,0.0,0.4117647058823529,0.324109235591706,0.0534897499892395
probe_diabetes,mixed,regression,FCQ,quotient,mean,f_regression,pearson_abs,fixed_k,1,,0,1.0,0.1,0.18181818181818182,0.0,0.0,-0.1020803461274371,0.0457022080081515
probe_diabetes,mixed,regression,FCQ,quotient,mean,f_regression,pearson_abs,fixed_k,2,,0,1.0,0.2,0.33333333333333337,0.0,0.0,0.25342258788968,0.04675787498126738
probe_diabetes,mixed,regression,FCQ,quotient,mean,f_regression,pearson_abs,fixed_k,5,,0,1.0,0.5,0.6666666666666666,0.0,0.0,0.26708685937173826,0.048878417001105845
probe_diabetes,mixed,regression,FCQ,quotient,mean,f_regression,pearson_abs,fixed_k,10,,0,0.8,0.8,0.8000000000000002,0.0,0.2,0.28728755857722166,0.051057125005172566
probe_diabetes,mixed,regression,FCQ,quotient,mean,f_regression,pearson_abs,threshold,20,0.0,0,0.5,1.0,0.6666666666666666,0.0,0.5,0.3236587802662231,0.056854083988582715
probe_diabetes,mixed,regression,FCQ,quotient,mean,f_regression,pearson_abs,threshold,20,0.05,0,0.5,1.0,0.6666666666666666,0.0,0.5,0.3236587802662231,0.057245499978307635
probe_diabetes,mixed,regression,FCQ,quotient,mean,f_regression,pearson_abs,threshold,20,0.1,0,0.5,1.0,0.6666666666666666,0.0,0.5,0.3236587802662231,0.05684000000474043
probe_diabetes,mixed,regression,ModMRMR,multiplicative,max,f_regression,pearson_abs,fixed_k,1,,0,1.0,0.1,0.18181818181818182,0.0,0.0,-0.1020803461274371,0.04596979101188481
probe_diabetes,mixed,regression,ModMRMR,multiplicative,max,f_regression,pearson_abs,fixed_k,2,,0,1.0,0.2,0.33333333333333337,0.0,0.0,0.25342258788968,0.046738749981159344
probe_diabetes,mixed,regression,ModMRMR,multiplicative,max,f_regression,pearson_abs,fixed_k,5,,0,1.0,0.5,0.6666666666666666,0.0,0.0,0.277715289763833,0.04819112500990741
probe_diabetes,mixed,regression,ModMRMR,multiplicative,max,f_regression,pearson_abs,fixed_k,10,,0,0.8,0.8,0.8000000000000002,0.0,0.2,0.2908505046936799,0.0507162919966504
probe_diabetes,mixed,regression,ModMRMR,multiplicative,max,f_regression,pearson_abs,threshold,20,0.0,0,0.5,1.0,0.6666666666666666,0.0,0.5,0.3232236611605447,0.05658616701839492
probe_diabetes,mixed,regression,ModMRMR,multiplicative,max,f_regression,pearson_abs,threshold,19,0.05,0,0.5263157894736842,1.0,0.6896551724137931,0.0,0.47368421052631576,0.3084202550231392,0.057700500008650124
probe_diabetes,mixed,regression,ModMRMR,multiplicative,max,f_regression,pearson_abs,threshold,18,0.1,0,0.5555555555555556,1.0,0.7142857142857143,0.0,0.4444444444444444,0.3040397154798342,0.05682583397720009
probe_diabetes,mixed,regression,ModMRMR_dcor,multiplicative,max,f_regression,distance_corr,fixed_k,1,,0,1.0,0.1,0.18181818181818182,0.0,0.0,-0.1020803461274371,0.056115166982635856
probe_diabetes,mixed,regression,ModMRMR_dcor,multiplicative,max,f_regression,distance_corr,fixed_k,2,,0,1.0,0.2,0.33333333333333337,0.0,0.0,0.25342258788968,0.05742774999816902
probe_diabetes,mixed,regression,ModMRMR_dcor,multiplicative,max,f_regression,distance_corr,fixed_k,5,,0,1.0,0.5,0.6666666666666666,0.0,0.0,0.277715289763833,0.05890579099650495
probe_diabetes,mixed,regression,ModMRMR_dcor,multiplicative,max,f_regression,distance_corr,fixed_k,10,,0,0.8,0.8,0.8000000000000002,0.0,0.2,0.2908505046936799,0.06194983300520107
probe_diabetes,mixed,regression,ModMRMR_dcor,multiplicative,max,f_regression,distance_corr,threshold,20,0.0,0,0.5,1.0,0.6666666666666666,0.0,0.5,0.3232236611605447,0.06726116698700935
probe_diabetes,mixed,regression,ModMRMR_dcor,multiplicative,max,f_regression,distance_corr,threshold,19,0.05,0,0.5263157894736842,1.0,0.6896551724137931,0.0,0.47368421052631576,0.3084202550231392,0.06732483298401348
probe_diabetes,mixed,regression,ModMRMR_dcor,multiplicative,max,f_regression,distance_corr,threshold,18,0.1,0,0.5555555555555556,1.0,0.7142857142857143,0.0,0.4444444444444444,0.3040397154798342,0.06636462500318885
probe_diabetes,mixed,regression,skb_f,,,,,fixed_k,1,,0,1.0,0.1,0.18181818181818182,0.0,0.0,-0.1020803461274371,0.00027874999796040356
probe_diabetes,mixed,regression,skb_f,,,,,fixed_k,2,,0,1.0,0.2,0.33333333333333337,0.0,0.0,0.25342258788968,0.00022808401263318956
probe_diabetes,mixed,regression,skb_f,,,,,fixed_k,5,,0,1.0,0.5,0.6666666666666666,0.0,0.0,0.2632954145455796,0.00022887499653734267
probe_diabetes,mixed,regression,skb_f,,,,,fixed_k,10,,0,0.9,0.9,0.9,0.0,0.1,0.29178374025692877,0.0002410000015515834
probe_diabetes,mixed,regression,skb_mi,,,,,fixed_k,1,,0,1.0,0.1,0.18181818181818182,0.0,0.0,-0.1020803461274371,0.0125369590241462
probe_diabetes,mixed,regression,skb_mi,,,,,fixed_k,2,,0,1.0,0.2,0.33333333333333337,0.0,0.0,0.25342258788968,0.012496333016315475
probe_diabetes,mixed,regression,skb_mi,,,,,fixed_k,5,,0,1.0,0.5,0.6666666666666666,0.0,0.0,0.294216453871454,0.01243858301313594
probe_diabetes,mixed,regression,skb_mi,,,,,fixed_k,10,,0,0.8,0.8,0.8000000000000002,0.0,0.2,0.29121838354849106,0.012554207991342992
probe_diabetes,mixed,regression,MID,difference,mean,mutual_info_sklearn,mutual_info_sklearn,fixed_k,1,,1,1.0,0.1,0.18181818181818182,0.0,0.0,-0.06816201192880422,0.35319791699294
probe_diabetes,mixed,regression,MID,difference,mean,mutual_info_sklearn,mutual_info_sklearn,fixed_k,2,,1,0.5,0.1,0.16666666666666669,0.0,0.5,-0.07182934589073575,0.3547826249850914
probe_diabetes,mixed,regression,MID,difference,mean,mutual_info_sklearn,mutual_info_sklearn,fixed_k,5,,1,0.6,0.3,0.4,0.0,0.4,0.16018556962009112,0.35489979200065136
probe_diabetes,mixed,regression,MID,difference,mean,mutual_info_sklearn,mutual_info_sklearn,fixed_k,10,,1,0.6,0.6,0.6,0.0,0.4,0.2718325478163294,0.35830900000291876
probe_diabetes,mixed,regression,MID,difference,mean,mutual_info_sklearn,mutual_info_sklearn,threshold,10,0.0,1,0.6,0.6,0.6,0.0,0.4,0.26904058757174976,0.38542799997958355
probe_diabetes,mixed,regression,MID,difference,mean,mutual_info_sklearn,mutual_info_sklearn,threshold,1,0.05,1,1.0,0.1,0.18181818181818182,0.0,0.0,-0.06816201192880422,0.35288766701705754
probe_diabetes,mixed,regression,MID,difference,mean,mutual_info_sklearn,mutual_info_sklearn,threshold,1,0.1,1,1.0,0.1,0.18181818181818182,0.0,0.0,-0.06816201192880422,0.35253833400201984
probe_diabetes,mixed,regression,MIQ,quotient,mean,mutual_info_sklearn,mutual_info_sklearn,fixed_k,1,,1,1.0,0.1,0.18181818181818182,0.0,0.0,-0.06816201192880422,0.3603193330054637
probe_diabetes,mixed,regression,MIQ,quotient,mean,mutual_info_sklearn,mutual_info_sklearn,fixed_k,2,,1,0.5,0.1,0.16666666666666669,0.0,0.5,-0.07182934589073575,0.35936554201180115
probe_diabetes,mixed,regression,MIQ,quotient,mean,mutual_info_sklearn,mutual_info_sklearn,fixed_k,5,,1,0.2,0.1,0.13333333333333333,0.0,0.8,0.035125497539018835,0.37266620897571556
probe_diabetes,mixed,regression,MIQ,quotient,mean,mutual_info_sklearn,mutual_info_sklearn,fixed_k,10,,1,0.5,0.5,0.5,0.0,0.5,0.29927262982478064,0.35761979201924987
probe_diabetes,mixed,regression,MIQ,quotient,mean,mutual_info_sklearn,mutual_info_sklearn,threshold,20,0.0,1,0.5,1.0,0.6666666666666666,0.0,0.5,0.25951534611459803,0.3635338750027586
probe_diabetes,mixed,regression,MIQ,quotient,mean,mutual_info_sklearn,mutual_info_sklearn,threshold,13,0.05,1,0.6153846153846154,0.8,0.6956521739130435,0.0,0.38461538461538464,0.26728075353756653,0.35805049998452887
probe_diabetes,mixed,regression,MIQ,quotient,mean,mutual_info_sklearn,mutual_info_sklearn,threshold,13,0.1,1,0.6153846153846154,0.8,0.6956521739130435,0.0,0.38461538461538464,0.26728075353756653,0.35873945799539797
probe_diabetes,mixed,regression,MIFS,difference,sum,mutual_info_sklearn,mutual_info_sklearn,fixed_k,1,,1,1.0,0.1,0.18181818181818182,0.0,0.0,-0.06816201192880422,0.3575290830049198
probe_diabetes,mixed,regression,MIFS,difference,sum,mutual_info_sklearn,mutual_info_sklearn,fixed_k,2,,1,0.5,0.1,0.16666666666666669,0.0,0.5,-0.07182934589073575,0.35387866699602455
probe_diabetes,mixed,regression,MIFS,difference,sum,mutual_info_sklearn,mutual_info_sklearn,fixed_k,5,,1,0.2,0.1,0.13333333333333333,0.0,0.8,0.037709215623418224,0.35663699998985976
probe_diabetes,mixed,regression,MIFS,difference,sum,mutual_info_sklearn,mutual_info_sklearn,fixed_k,10,,1,0.3,0.3,0.3,0.0,0.7,0.09168632558447987,0.35871820800821297
probe_diabetes,mixed,regression,MIFS,difference,sum,mutual_info_sklearn,mutual_info_sklearn,threshold,4,0.0,1,0.25,0.1,0.14285714285714288,0.0,0.75,0.01921969545714386,0.3817551659885794
probe_diabetes,mixed,regression,MIFS,difference,sum,mutual_info_sklearn,mutual_info_sklearn,threshold,1,0.05,1,1.0,0.1,0.18181818181818182,0.0,0.0,-0.06816201192880422,0.3526730829908047
probe_diabetes,mixed,regression,MIFS,difference,sum,mutual_info_sklearn,mutual_info_sklearn,threshold,1,0.1,1,1.0,0.1,0.18181818181818182,0.0,0.0,-0.06816201192880422,0.3545241249958053
probe_diabetes,mixed,regression,FCD,difference,mean,f_regression,pearson_abs,fixed_k,1,,1,1.0,0.1,0.18181818181818182,0.0,0.0,-0.06816201192880422,0.04671287501696497
probe_diabetes,mixed,regression,FCD,difference,mean,f_regression,pearson_abs,fixed_k,2,,1,1.0,0.2,0.33333333333333337,0.0,0.0,0.13950660177655616,0.04662279199692421
probe_diabetes,mixed,regression,FCD,difference,mean,f_regression,pearson_abs,fixed_k,5,,1,1.0,0.5,0.6666666666666666,0.0,0.0,0.1814041502671998,0.04768295801477507
probe_diabetes,mixed,regression,FCD,difference,mean,f_regression,pearson_abs,fixed_k,10,,1,0.9,0.9,0.9,0.0,0.1,0.23366964879370133,0.050031457998557016
probe_diabetes,mixed,regression,FCD,difference,mean,f_regression,pearson_abs,threshold,20,0.0,1,0.5,1.0,0.6666666666666666,0.0,0.5,0.2586129556046909,0.054913667001528665
probe_diabetes,mixed,regression,FCD,difference,mean,f_regression,pearson_abs,threshold,18,0.05,1,0.5555555555555556,1.0,0.7142857142857143,0.0,0.4444444444444444,0.2607616399518571,0.05474591598613188
probe_diabetes,mixed,regression,FCD,difference,mean,f_regression,pearson_abs,threshold,18,0.1,1,0.5555555555555556,1.0,0.7142857142857143,0.0,0.4444444444444444,0.2607616399518571,0.054659665998769924
probe_diabetes,mixed,regression,FCQ,quotient,mean,f_regression,pearson_abs,fixed_k,1,,1,1.0,0.1,0.18181818181818182,0.0,0.0,-0.06816201192880422,0.04570720798801631
probe_diabetes,mixed,regression,FCQ,quotient,mean,f_regression,pearson_abs,fixed_k,2,,1,1.0,0.2,0.33333333333333337,0.0,0.0,0.13950660177655616,0.047334958013379946
probe_diabetes,mixed,regression,FCQ,quotient,mean,f_regression,pearson_abs,fixed_k,5,,1,1.0,0.5,0.6666666666666666,0.0,0.0,0.18424780959626585,0.048416958015877753
probe_diabetes,mixed,regression,FCQ,quotient,mean,f_regression,pearson_abs,fixed_k,10,,1,0.9,0.9,0.9,0.0,0.1,0.22865184484654633,0.051332500006537884
probe_diabetes,mixed,regression,FCQ,quotient,mean,f_regression,pearson_abs,threshold,20,0.0,1,0.5,1.0,0.6666666666666666,0.0,0.5,0.2683368853852156,0.05640654201852158
probe_diabetes,mixed,regression,FCQ,quotient,mean,f_regression,pearson_abs,threshold,20,0.05,1,0.5,1.0,0.6666666666666666,0.0,0.5,0.2683368853852156,0.05680908297654241
probe_diabetes,mixed,regression,FCQ,quotient,mean,f_regression,pearson_abs,threshold,20,0.1,1,0.5,1.0,0.6666666666666666,0.0,0.5,0.2683368853852156,0.05660041599185206
probe_diabetes,mixed,regression,ModMRMR,multiplicative,max,f_regression,pearson_abs,fixed_k,1,,1,1.0,0.1,0.18181818181818182,0.0,0.0,-0.06816201192880422,0.04576387497945689
probe_diabetes,mixed,regression,ModMRMR,multiplicative,max,f_regression,pearson_abs,fixed_k,2,,1,1.0,0.2,0.33333333333333337,0.0,0.0,0.13950660177655616,0.046383040986256674
probe_diabetes,mixed,regression,ModMRMR,multiplicative,max,f_regression,pearson_abs,fixed_k,5,,1,1.0,0.5,0.6666666666666666,0.0,0.0,0.21094994429492597,0.04796820899355225
probe_diabetes,mixed,regression,ModMRMR,multiplicative,max,f_regression,pearson_abs,fixed_k,10,,1,0.8,0.8,0.8000000000000002,0.0,0.2,0.19510539528369109,0.0514132910175249
probe_diabetes,mixed,regression,ModMRMR,multiplicative,max,f_regression,pearson_abs,threshold,20,0.0,1,0.5,1.0,0.6666666666666666,0.0,0.5,0.2731067949635104,0.05722691700793803
probe_diabetes,mixed,regression,ModMRMR,multiplicative,max,f_regression,pearson_abs,threshold,20,0.05,1,0.5,1.0,0.6666666666666666,0.0,0.5,0.2731067949635104,0.05671512501430698
probe_diabetes,mixed,regression,ModMRMR,multiplicative,max,f_regression,pearson_abs,threshold,18,0.1,1,0.5555555555555556,1.0,0.7142857142857143,0.0,0.4444444444444444,0.255132901064294,0.055979875003686175
probe_diabetes,mixed,regression,ModMRMR_dcor,multiplicative,max,f_regression,distance_corr,fixed_k,1,,1,1.0,0.1,0.18181818181818182,0.0,0.0,-0.06816201192880422,0.056347208010265604
probe_diabetes,mixed,regression,ModMRMR_dcor,multiplicative,max,f_regression,distance_corr,fixed_k,2,,1,1.0,0.2,0.33333333333333337,0.0,0.0,0.13950660177655616,0.05696687498129904
probe_diabetes,mixed,regression,ModMRMR_dcor,multiplicative,max,f_regression,distance_corr,fixed_k,5,,1,1.0,0.5,0.6666666666666666,0.0,0.0,0.21094994429492597,0.058190957992337644
probe_diabetes,mixed,regression,ModMRMR_dcor,multiplicative,max,f_regression,distance_corr,fixed_k,10,,1,0.9,0.9,0.9,0.0,0.1,0.2320333470597249,0.06130008399486542
probe_diabetes,mixed,regression,ModMRMR_dcor,multiplicative,max,f_regression,distance_corr,threshold,20,0.0,1,0.5,1.0,0.6666666666666666,0.0,0.5,0.26956391159889515,0.06755462501314469
probe_diabetes,mixed,regression,ModMRMR_dcor,multiplicative,max,f_regression,distance_corr,threshold,20,0.05,1,0.5,1.0,0.6666666666666666,0.0,0.5,0.26956391159889515,0.06738191697513685
probe_diabetes,mixed,regression,ModMRMR_dcor,multiplicative,max,f_regression,distance_corr,threshold,18,0.1,1,0.5555555555555556,1.0,0.7142857142857143,0.0,0.4444444444444444,0.25494926282293573,0.06659154099179432
probe_diabetes,mixed,regression,skb_f,,,,,fixed_k,1,,1,1.0,0.1,0.18181818181818182,0.0,0.0,-0.06816201192880422,0.00026604198501445353
probe_diabetes,mixed,regression,skb_f,,,,,fixed_k,2,,1,1.0,0.2,0.33333333333333337,0.0,0.0,0.13950660177655616,0.00022091600112617016
probe_diabetes,mixed,regression,skb_f,,,,,fixed_k,5,,1,1.0,0.5,0.6666666666666666,0.0,0.0,0.17927932564588056,0.00022149999858811498
probe_diabetes,mixed,regression,skb_f,,,,,fixed_k,10,,1,0.9,0.9,0.9,0.0,0.1,0.23229730841005158,0.00022175000049173832
probe_diabetes,mixed,regression,skb_mi,,,,,fixed_k,1,,1,1.0,0.1,0.18181818181818182,0.0,0.0,-0.06816201192880422,0.012562249990878627
probe_diabetes,mixed,regression,skb_mi,,,,,fixed_k,2,,1,1.0,0.2,0.33333333333333337,0.0,0.0,0.13950660177655616,0.012427624984411523
probe_diabetes,mixed,regression,skb_mi,,,,,fixed_k,5,,1,1.0,0.5,0.6666666666666666,0.0,0.0,0.2959405324371115,0.012500417011324316
probe_diabetes,mixed,regression,skb_mi,,,,,fixed_k,10,,1,0.8,0.8,0.8000000000000002,0.0,0.2,0.28658507615048034,0.012673666002228856
probe_diabetes,mixed,regression,MID,difference,mean,mutual_info_sklearn,mutual_info_sklearn,fixed_k,1,,2,1.0,0.1,0.18181818181818182,0.0,0.0,0.2270443659091742,0.361662208015332
probe_diabetes,mixed,regression,MID,difference,mean,mutual_info_sklearn,mutual_info_sklearn,fixed_k,2,,2,1.0,0.2,0.33333333333333337,0.0,0.0,0.258301010626253,0.35665687499567866
probe_diabetes,mixed,regression,MID,difference,mean,mutual_info_sklearn,mutual_info_sklearn,fixed_k,5,,2,0.8,0.4,0.5333333333333333,0.0,0.2,0.34129933389489586,0.3756790419865865
probe_diabetes,mixed,regression,MID,difference,mean,mutual_info_sklearn,mutual_info_sklearn,fixed_k,10,,2,0.6,0.6,0.6,0.0,0.4,0.3816494613511313,0.3578845839947462
probe_diabetes,mixed,regression,MID,difference,mean,mutual_info_sklearn,mutual_info_sklearn,threshold,11,0.0,2,0.5454545454545454,0.6,0.5714285714285713,0.0,0.45454545454545453,0.4004163693981817,0.360458583018044
probe_diabetes,mixed,regression,MID,difference,mean,mutual_info_sklearn,mutual_info_sklearn,threshold,1,0.05,2,1.0,0.1,0.18181818181818182,0.0,0.0,0.2270443659091742,0.35411079198820516
probe_diabetes,mixed,regression,MID,difference,mean,mutual_info_sklearn,mutual_info_sklearn,threshold,1,0.1,2,1.0,0.1,0.18181818181818182,0.0,0.0,0.2270443659091742,0.35475220798980445
probe_diabetes,mixed,regression,MIQ,quotient,mean,mutual_info_sklearn,mutual_info_sklearn,fixed_k,1,,2,1.0,0.1,0.18181818181818182,0.0,0.0,0.2270443659091742,0.3533429579983931
probe_diabetes,mixed,regression,MIQ,quotient,mean,mutual_info_sklearn,mutual_info_sklearn,fixed_k,2,,2,0.5,0.1,0.16666666666666669,0.0,0.5,0.23697840769923995,0.35281816599308513
probe_diabetes,mixed,regression,MIQ,quotient,mean,mutual_info_sklearn,mutual_info_sklearn,fixed_k,5,,2,0.2,0.1,0.13333333333333333,0.0,0.8,0.2511498982061262,0.3553122080047615
probe_diabetes,mixed,regression,MIQ,quotient,mean,mutual_info_sklearn,mutual_info_sklearn,fixed_k,10,,2,0.6,0.6,0.6,0.0,0.4,0.42129887307323477,0.35628687500138767
probe_diabetes,mixed,regression,MIQ,quotient,mean,mutual_info_sklearn,mutual_info_sklearn,threshold,20,0.0,2,0.5,1.0,0.6666666666666666,0.0,0.5,0.41067440441738345,0.38565583401941694
probe_diabetes,mixed,regression,MIQ,quotient,mean,mutual_info_sklearn,mutual_info_sklearn,threshold,15,0.05,2,0.6,0.9,0.7200000000000001,0.0,0.4,0.41665342723230936,0.36013616700074635
probe_diabetes,mixed,regression,MIQ,quotient,mean,mutual_info_sklearn,mutual_info_sklearn,threshold,15,0.1,2,0.6,0.9,0.7200000000000001,0.0,0.4,0.41665342723230936,0.3614307079988066
probe_diabetes,mixed,regression,MIFS,difference,sum,mutual_info_sklearn,mutual_info_sklearn,fixed_k,1,,2,1.0,0.1,0.18181818181818182,0.0,0.0,0.2270443659091742,0.35889620799571276
probe_diabetes,mixed,regression,MIFS,difference,sum,mutual_info_sklearn,mutual_info_sklearn,fixed_k,2,,2,1.0,0.2,0.33333333333333337,0.0,0.0,0.258301010626253,0.3525676669960376
probe_diabetes,mixed,regression,MIFS,difference,sum,mutual_info_sklearn,mutual_info_sklearn,fixed_k,5,,2,0.6,0.3,0.4,0.0,0.4,0.324998444072902,0.3725717909983359
probe_diabetes,mixed,regression,MIFS,difference,sum,mutual_info_sklearn,mutual_info_sklearn,fixed_k,10,,2,0.3,0.3,0.3,0.0,0.7,0.3239805465170503,0.3595062499807682
probe_diabetes,mixed,regression,MIFS,difference,sum,mutual_info_sklearn,mutual_info_sklearn,threshold,6,0.0,2,0.3333333333333333,0.2,0.25,0.0,0.6666666666666666,0.2712995496344842,0.3574522910057567
probe_diabetes,mixed,regression,MIFS,difference,sum,mutual_info_sklearn,mutual_info_sklearn,threshold,1,0.05,2,1.0,0.1,0.18181818181818182,0.0,0.0,0.2270443659091742,0.3556848750158679
probe_diabetes,mixed,regression,MIFS,difference,sum,mutual_info_sklearn,mutual_info_sklearn,threshold,1,0.1,2,1.0,0.1,0.18181818181818182,0.0,0.0,0.2270443659091742,0.3553945840103552
probe_diabetes,mixed,regression,FCD,difference,mean,f_regression,pearson_abs,fixed_k,1,,2,1.0,0.1,0.18181818181818182,0.0,0.0,-0.16958127487166785,0.04706591600552201
probe_diabetes,mixed,regression,FCD,difference,mean,f_regression,pearson_abs,fixed_k,2,,2,1.0,0.2,0.33333333333333337,0.0,0.0,0.38581558759237755,0.04731604101834819
probe_diabetes,mixed,regression,FCD,difference,mean,f_regression,pearson_abs,fixed_k,5,,2,1.0,0.5,0.6666666666666666,0.0,0.0,0.35073325303532876,0.04815904202405363
probe_diabetes,mixed,regression,FCD,difference,mean,f_regression,pearson_abs,fixed_k,10,,2,0.9,0.9,0.9,0.0,0.1,0.4099026191378161,0.050134832999901846
probe_diabetes,mixed,regression,FCD,difference,mean,f_regression,pearson_abs,threshold,18,0.0,2,0.5555555555555556,1.0,0.7142857142857143,0.0,0.4444444444444444,0.43611701373735445,0.054221291007706895
probe_diabetes,mixed,regression,FCD,difference,mean,f_regression,pearson_abs,threshold,16,0.05,2,0.625,1.0,0.7692307692307693,0.0,0.375,0.440705655289252,0.053774583007907495
probe_diabetes,mixed,regression,FCD,difference,mean,f_regression,pearson_abs,threshold,16,0.1,2,0.625,1.0,0.7692307692307693,0.0,0.375,0.440705655289252,0.053513457998633385
probe_diabetes,mixed,regression,FCQ,quotient,mean,f_regression,pearson_abs,fixed_k,1,,2,1.0,0.1,0.18181818181818182,0.0,0.0,-0.16958127487166785,0.04577608301769942
probe_diabetes,mixed,regression,FCQ,quotient,mean,f_regression,pearson_abs,fixed_k,2,,2,1.0,0.2,0.33333333333333337,0.0,0.0,0.38581558759237755,0.046653166005853564
probe_diabetes,mixed,regression,FCQ,quotient,mean,f_regression,pearson_abs,fixed_k,5,,2,1.0,0.5,0.6666666666666666,0.0,0.0,0.34955072091971595,0.04947516700485721
probe_diabetes,mixed,regression,FCQ,quotient,mean,f_regression,pearson_abs,fixed_k,10,,2,0.8,0.8,0.8000000000000002,0.0,0.2,0.4121010503993334,0.05113929102662951
probe_diabetes,mixed,regression,FCQ,quotient,mean,f_regression,pearson_abs,threshold,20,0.0,2,0.5,1.0,0.6666666666666666,0.0,0.5,0.415704615067954,0.05636833401513286
probe_diabetes,mixed,regression,FCQ,quotient,mean,f_regression,pearson_abs,threshold,20,0.05,2,0.5,1.0,0.6666666666666666,0.0,0.5,0.415704615067954,0.056615542009240016
probe_diabetes,mixed,regression,FCQ,quotient,mean,f_regression,pearson_abs,threshold,20,0.1,2,0.5,1.0,0.6666666666666666,0.0,0.5,0.415704615067954,0.057022916997084394
probe_diabetes,mixed,regression,ModMRMR,multiplicative,max,f_regression,pearson_abs,fixed_k,1,,2,1.0,0.1,0.18181818181818182,0.0,0.0,-0.16958127487166785,0.046276708017103374
probe_diabetes,mixed,regression,ModMRMR,multiplicative,max,f_regression,pearson_abs,fixed_k,2,,2,1.0,0.2,0.33333333333333337,0.0,0.0,0.38581558759237755,0.04731562497909181
probe_diabetes,mixed,regression,ModMRMR,multiplicative,max,f_regression,pearson_abs,fixed_k,5,,2,1.0,0.5,0.6666666666666666,0.0,0.0,0.37202515603247055,0.048308708996046335
probe_diabetes,mixed,regression,ModMRMR,multiplicative,max,f_regression,pearson_abs,fixed_k,10,,2,0.8,0.8,0.8000000000000002,0.0,0.2,0.40183695850268164,0.0509074579749722
probe_diabetes,mixed,regression,ModMRMR,multiplicative,max,f_regression,pearson_abs,threshold,20,0.0,2,0.5,1.0,0.6666666666666666,0.0,0.5,0.41073877248257074,0.05702483298955485
probe_diabetes,mixed,regression,ModMRMR,multiplicative,max,f_regression,pearson_abs,threshold,17,0.05,2,0.5882352941176471,1.0,0.7407407407407407,0.0,0.4117647058823529,0.43002457640590397,0.056106208998244256
probe_diabetes,mixed,regression,ModMRMR,multiplicative,max,f_regression,pearson_abs,threshold,16,0.1,2,0.625,1.0,0.7692307692307693,0.0,0.375,0.43923155862997465,0.0559754999994766
probe_diabetes,mixed,regression,ModMRMR_dcor,multiplicative,max,f_regression,distance_corr,fixed_k,1,,2,1.0,0.1,0.18181818181818182,0.0,0.0,-0.16958127487166785,0.056336292007472366
probe_diabetes,mixed,regression,ModMRMR_dcor,multiplicative,max,f_regression,distance_corr,fixed_k,2,,2,1.0,0.2,0.33333333333333337,0.0,0.0,0.38581558759237755,0.057465124991722405
probe_diabetes,mixed,regression,ModMRMR_dcor,multiplicative,max,f_regression,distance_corr,fixed_k,5,,2,1.0,0.5,0.6666666666666666,0.0,0.0,0.37202515603247055,0.05955291600548662
probe_diabetes,mixed,regression,ModMRMR_dcor,multiplicative,max,f_regression,distance_corr,fixed_k,10,,2,0.8,0.8,0.8000000000000002,0.0,0.2,0.40183695850268164,0.06433012499473989
probe_diabetes,mixed,regression,ModMRMR_dcor,multiplicative,max,f_regression,distance_corr,threshold,20,0.0,2,0.5,1.0,0.6666666666666666,0.0,0.5,0.41073877248257074,0.06748933301423676
probe_diabetes,mixed,regression,ModMRMR_dcor,multiplicative,max,f_regression,distance_corr,threshold,17,0.05,2,0.5882352941176471,1.0,0.7407407407407407,0.0,0.4117647058823529,0.43002457640590397,0.06663762498646975
probe_diabetes,mixed,regression,ModMRMR_dcor,multiplicative,max,f_regression,distance_corr,threshold,16,0.1,2,0.625,1.0,0.7692307692307693,0.0,0.375,0.43923155862997465,0.06567020897637121
probe_diabetes,mixed,regression,skb_f,,,,,fixed_k,1,,2,1.0,0.1,0.18181818181818182,0.0,0.0,-0.16958127487166785,0.00028045798535458744
probe_diabetes,mixed,regression,skb_f,,,,,fixed_k,2,,2,1.0,0.2,0.33333333333333337,0.0,0.0,0.38605690327594466,0.00025854198611341417
probe_diabetes,mixed,regression,skb_f,,,,,fixed_k,5,,2,1.0,0.5,0.6666666666666666,0.0,0.0,0.34888698989718936,0.00028212499455548823
probe_diabetes,mixed,regression,skb_f,,,,,fixed_k,10,,2,0.9,0.9,0.9,0.0,0.1,0.4107099829213725,0.00025616600760258734
probe_diabetes,mixed,regression,skb_mi,,,,,fixed_k,1,,2,1.0,0.1,0.18181818181818182,0.0,0.0,0.2270443659091742,0.012602041999343783
probe_diabetes,mixed,regression,skb_mi,,,,,fixed_k,2,,2,1.0,0.2,0.33333333333333337,0.0,0.0,0.38605690327594466,0.012559916998725384
probe_diabetes,mixed,regression,skb_mi,,,,,fixed_k,5,,2,1.0,0.5,0.6666666666666666,0.0,0.0,0.3725683205169592,0.012414541997713968
probe_diabetes,mixed,regression,skb_mi,,,,,fixed_k,10,,2,0.8,0.8,0.8000000000000002,0.0,0.2,0.3977205123240656,0.0125008340110071
